Date,VAT Quarter,Quarter Number (HMRC),Supplier Name,Description / Memo, Gross Amount (£) , VAT (£) , Net Amount (£) ,Notes
04/06/2021,1. May'21 to July'21,Q3 - 2021,Alcumus SafeContractor Limited,ALCUMUS SAFECONTRA    TS4171 / 09-MAR-20 BBP, 976.80 , 162.80 , 814.00 ,
18/05/2021,1. May'21 to July'21,Q3 - 2021,ALLDAYPA Communication,WWW.ALLDAYPA.COM      ON 17 MAY          BDC, 109.55 , 18.26 , 91.29 ,
24/05/2021,1. May'21 to July'21,Q3 - 2021,ALLDAYPA Communication,WWW.ALLDAYPA.COM      ON 21 MAY          BDC, 70.02 , 11.67 , 58.35 ,
25/05/2021,1. May'21 to July'21,Q3 - 2021,ALLDAYPA Communication,WWW.ALLDAYPA.COM      ON 24 MAY          BDC, 112.07 , 18.68 , 93.39 ,
28/05/2021,1. May'21 to July'21,Q3 - 2021,ALLDAYPA Communication,WWW.ALLDAYPA.COM      ON 27 MAY          BDC, 104.40 , 17.40 , 87.00 ,
07/06/2021,1. May'21 to July'21,Q3 - 2021,ALLDAYPA Communication,WWW.ALLDAYPA.COM      ON 04 JUN          BDC, 58.82 , 9.80 , 49.02 ,
10/06/2021,1. May'21 to July'21,Q3 - 2021,ALLDAYPA Communication,WWW.ALLDAYPA.COM      ON 09 JUN          BDC, 174.19 , 29.03 , 145.16 ,
14/06/2021,1. May'21 to July'21,Q3 - 2021,ALLDAYPA Communication,WWW.ALLDAYPA.COM      ON 11 JUN          BDC, 120.85 , 20.14 , 100.71 ,
15/06/2021,1. May'21 to July'21,Q3 - 2021,ALLDAYPA Communication,WWW.ALLDAYPA.COM      ON 14 JUN          BDC, 82.68 , 13.78 , 68.90 ,
17/06/2021,1. May'21 to July'21,Q3 - 2021,ALLDAYPA Communication,WWW.ALLDAYPA.COM      ON 16 JUN          BDC, 110.32 , 18.39 , 91.93 ,
21/06/2021,1. May'21 to July'21,Q3 - 2021,ALLDAYPA Communication,WWW.ALLDAYPA.COM      ON 18 JUN          BDC, 60.08 , 10.01 , 50.07 ,
23/06/2021,1. May'21 to July'21,Q3 - 2021,ALLDAYPA Communication,WWW.ALLDAYPA.COM      ON 22 JUN          BDC, 89.00 , 14.83 , 74.17 ,
25/06/2021,1. May'21 to July'21,Q3 - 2021,ALLDAYPA Communication,WWW.ALLDAYPA.COM      ON 24 JUN          BDC, 50.12 , 8.35 , 41.77 ,
29/06/2021,1. May'21 to July'21,Q3 - 2021,ALLDAYPA Communication,WWW.ALLDAYPA.COM      ON 28 JUN          BDC, 155.28 , 25.88 , 129.40 ,
02/07/2021,1. May'21 to July'21,Q3 - 2021,ALLDAYPA Communication,WWW.ALLDAYPA.COM      ON 01 JUL          BDC, 76.34 , 12.72 , 63.62 ,
06/07/2021,1. May'21 to July'21,Q3 - 2021,ALLDAYPA Communication,WWW.ALLDAYPA.COM      ON 05 JUL          BDC, 79.09 , 13.18 , 65.91 ,
13/07/2021,1. May'21 to July'21,Q3 - 2021,ALLDAYPA Communication,WWW.ALLDAYPA.COM      ON 12 JUL          BDC, 70.28 , 11.71 , 58.57 ,
14/07/2021,1. May'21 to July'21,Q3 - 2021,ALLDAYPA Communication,WWW.ALLDAYPA.COM      ON 13 JUL          BDC, 99.17 , 16.53 , 82.64 ,
19/07/2021,1. May'21 to July'21,Q3 - 2021,ALLDAYPA Communication,WWW.ALLDAYPA.COM      ON 16 JUL          BDC, 145.93 , 24.32 , 121.61 ,
21/07/2021,1. May'21 to July'21,Q3 - 2021,ALLDAYPA Communication,WWW.ALLDAYPA.COM      ON 20 JUL          BDC, 55.67 , 9.28 , 46.39 ,
23/07/2021,1. May'21 to July'21,Q3 - 2021,ALLDAYPA Communication,WWW.ALLDAYPA.COM      ON 22 JUL          BDC, 85.14 , 14.19 , 70.95 ,
27/07/2021,1. May'21 to July'21,Q3 - 2021,ALLDAYPA Communication,WWW.ALLDAYPA.COM      ON 26 JUL          BDC, 165.47 , 27.58 , 137.89 ,
28/07/2021,1. May'21 to July'21,Q3 - 2021,ALLDAYPA Communication,WWW.ALLDAYPA.COM      ON 27 JUL          BDC, 133.24 , 22.21 , 111.03 ,
24/05/2021,1. May'21 to July'21,Q3 - 2021,BIFFA WASTE SERVICES LIMITED,BIFFA WASTE SERVIC    B41299             DDR, 71.57 , 11.93 , 59.64 ,
21/06/2021,1. May'21 to July'21,Q3 - 2021,BIFFA WASTE SERVICES LIMITED,BIFFA WASTE SERVIC    B41299             DDR, 89.46 , 14.91 , 74.55 ,
26/07/2021,1. May'21 to July'21,Q3 - 2021,BIFFA WASTE SERVICES LIMITED,BIFFA WASTE SERVIC    B41299             DDR, 71.57 , 11.93 , 59.64 ,
06/05/2021,1. May'21 to July'21,Q3 - 2021,O2 (UK) LIMITED T/A Telefónica UK Limited,O2                    05331910/001       DDR, 47.88 , 7.98 , 39.90 ,
12/05/2021,1. May'21 to July'21,Q3 - 2021,O2 (UK) LIMITED T/A Telefónica UK Limited,O2                    GED37460874        DDR, 28.24 , 4.71 , 23.53 ,
07/06/2021,1. May'21 to July'21,Q3 - 2021,O2 (UK) LIMITED T/A Telefónica UK Limited,O2                    05331910/001       DDR, 47.88 , 7.98 , 39.90 ,
11/06/2021,1. May'21 to July'21,Q3 - 2021,O2 (UK) LIMITED T/A Telefónica UK Limited,O2                    GED37460874        DDR, 27.66 , 4.61 , 23.05 ,
07/07/2021,1. May'21 to July'21,Q3 - 2021,O2 (UK) LIMITED T/A Telefónica UK Limited,O2                    05331910/001       DDR, 47.88 , 7.98 , 39.90 ,
12/07/2021,1. May'21 to July'21,Q3 - 2021,O2 (UK) LIMITED T/A Telefónica UK Limited,O2                    GED37460874        DDR, 30.66 , 5.11 , 25.55 ,
10/05/2021,1. May'21 to July'21,Q3 - 2021,Wave Tel Ltd,WAVE TEL LTD          1001054            DDR, 81.62 , 13.60 , 68.02 ,
09/06/2021,1. May'21 to July'21,Q3 - 2021,Wave Tel Ltd,WAVE TEL LTD          1001054            DDR, 86.60 , 14.43 , 72.17 ,
07/07/2021,1. May'21 to July'21,Q3 - 2021,Wave Tel Ltd,WAVE TEL LTD          1001054            DDR, 86.36 , 14.39 , 71.97 ,
10/05/2021,1. May'21 to July'21,Q3 - 2021,1Password,1PASSWORD             CANADA                , 3.70 , 0.62 , 3.08 ,
09/06/2021,1. May'21 to July'21,Q3 - 2021,1Password,1PASSWORD             CANADA                , 3.63 , 0.61 , 3.03 ,
09/07/2021,1. May'21 to July'21,Q3 - 2021,1Password,1PASSWORD             CANADA                , 3.73 , 0.62 , 3.11 ,
11/05/2021,1. May'21 to July'21,Q3 - 2021,ADOBE ACROBAT,ADOBE ACROPRO SUBS    IRELAND               , 15.17 ,, 15.17 ,
11/06/2021,1. May'21 to July'21,Q3 - 2021,ADOBE ACROBAT,ADOBE ACROPRO SUBS    IRELAND               , 15.17 ,, 15.17 ,
12/07/2021,1. May'21 to July'21,Q3 - 2021,ADOBE ACROBAT,ADOBE ACROPRO SUBS    IRELAND               , 15.17 ,, 15.17 ,
09/07/2021,1. May'21 to July'21,Q3 - 2021,ANGEL SPRINGS LTD,ANGEL SPRINGS LTD     ON 08 JUL          BDC, 95.40 ,, 95.40 ,
17/05/2021,1. May'21 to July'21,Q3 - 2021,Autoserve Ltd,AUTOSERVE LTD         AS8020845          DDR, 46.64 , 7.77 , 38.87 ,
15/06/2021,1. May'21 to July'21,Q3 - 2021,Autoserve Ltd,AUTOSERVE LTD         AS8020845          DDR, 46.64 , 7.77 , 38.87 ,
15/07/2021,1. May'21 to July'21,Q3 - 2021,Autoserve Ltd,AUTOSERVE LTD         AS8020845          DDR, 46.64 , 7.77 , 38.87 ,
06/05/2021,1. May'21 to July'21,Q3 - 2021,Bank Charges,********************** COMMISSION FOR       , 6.50 ,, 6.50 ,
07/06/2021,1. May'21 to July'21,Q3 - 2021,Bank Charges,********************** COMMISSION FOR       , 6.50 ,, 6.50 ,
05/07/2021,1. May'21 to July'21,Q3 - 2021,Bank Charges,********************** COMMISSION FOR       , 6.50 ,, 6.50 ,
10/05/2021,1. May'21 to July'21,Q3 - 2021,CLOUDWAYSLTD,CloudwaysLTD          MALTA                 , 32.85 ,, 32.85 ,
07/06/2021,1. May'21 to July'21,Q3 - 2021,CLOUDWAYSLTD,CloudwaysLTD          MALTA                 , 53.18 ,, 53.18 ,
12/07/2021,1. May'21 to July'21,Q3 - 2021,CLOUDWAYSLTD,CloudwaysLTD          MALTA                 , 77.09 ,, 77.09 ,
31/07/2021,1. May'21 to July'21,Q3 - 2021,Credit Invoice -Supplier,," 150,000.00 "," 25,000.00 "," 125,000.00 ",
24/05/2021,1. May'21 to July'21,Q3 - 2021,EE LIMITED,EE LIMITED            Q75528830224465728 DDR, 29.41 , 4.90 , 24.51 ,
24/06/2021,1. May'21 to July'21,Q3 - 2021,EE LIMITED,EE LIMITED            Q75528830232787293 DDR, 31.49 , 5.25 , 26.24 ,
26/07/2021,1. May'21 to July'21,Q3 - 2021,EE LIMITED,EE LIMITED            Q75528830241322161 DDR, 37.32 , 6.22 , 31.10 ,
15/07/2021,1. May'21 to July'21,Q3 - 2021,FACEBOOK,FACEBK *Q3KJL6PRY2    IRELAND               , 0.94 ,, 0.94 ,
16/07/2021,1. May'21 to July'21,Q3 - 2021,FACEBOOK,FACEBK *N6LT86PQY2    IRELAND               , 1.41 ,, 1.41 ,
16/07/2021,1. May'21 to July'21,Q3 - 2021,FACEBOOK,FACEBK *NEZW963RY2    IRELAND               , 0.94 ,, 0.94 ,
16/07/2021,1. May'21 to July'21,Q3 - 2021,FACEBOOK,FACEBK *PK4VM5TRY2    IRELAND               , 1.41 ,, 1.41 ,
16/07/2021,1. May'21 to July'21,Q3 - 2021,FACEBOOK,FACEBK *WYZ796BRY2    IRELAND               , 0.94 ,, 0.94 ,
19/07/2021,1. May'21 to July'21,Q3 - 2021,FACEBOOK,FACEBK *7JNAN5TRY2    IRELAND               , 2.34 ,, 2.34 ,
19/07/2021,1. May'21 to July'21,Q3 - 2021,FACEBOOK,FACEBK *9LKWN5TRY2    IRELAND               , 3.50 ,, 3.50 ,
19/07/2021,1. May'21 to July'21,Q3 - 2021,FACEBOOK,FACEBK *M3DS96KRY2    IRELAND               , 4.68 ,, 4.68 ,
20/07/2021,1. May'21 to July'21,Q3 - 2021,FACEBOOK,FACEBK *3GKTQ5TRY2    IRELAND               , 7.03 ,, 7.03 ,
22/07/2021,1. May'21 to July'21,Q3 - 2021,FACEBOOK,FACEBK *3KVPR6PRY2    IRELAND               , 7.06 ,, 7.06 ,
26/07/2021,1. May'21 to July'21,Q3 - 2021,FACEBOOK,FACEBK *UD7VT6PRY2    IRELAND               , 11.55 ,, 11.55 ,
28/07/2021,1. May'21 to July'21,Q3 - 2021,FACEBOOK,FACEBK *YKC6X6PRY2    IRELAND               , 18.53 ,, 18.53 ,
30/07/2021,1. May'21 to July'21,Q3 - 2021,FACEBOOK,FACEBK *3AJBM6BRY2    IRELAND               , 6.10 ,, 6.10 ,
10/06/2021,1. May'21 to July'21,Q3 - 2021,First4Freelancers Ltd,FIRST4FREELANCERS     7759               BBP," 3,286.04 ", 547.67 ," 2,738.37 ",
11/06/2021,1. May'21 to July'21,Q3 - 2021,First4Freelancers Ltd,FIRST4FREELANCERS     GUARDIANFM         BBP," 30,000.00 "," 5,000.00 "," 25,000.00 ",
28/06/2021,1. May'21 to July'21,Q3 - 2021,First4Freelancers Ltd,FIRST4FREELANCERS     GUARDIANFM         FT ," 20,000.00 "," 3,333.33 "," 16,666.67 ",
09/07/2021,1. May'21 to July'21,Q3 - 2021,First4Freelancers Ltd,FIRST4FREELANCERS     GUARDIANFM         BBP," 50,000.00 "," 8,333.33 "," 41,666.67 ",
13/07/2021,1. May'21 to July'21,Q3 - 2021,First4Freelancers Ltd,FIRST4FREELANCERS     GUARDIANFM         FT ," 15,804.74 "," 2,634.12 "," 13,170.62 ",
04/05/2021,1. May'21 to July'21,Q3 - 2021,FORMATIONSCOMPANY,FORMATIONSCOMPANY     ON 30 APR          BDC, 17.99 ,, 17.99 ,
01/06/2021,1. May'21 to July'21,Q3 - 2021,FORMATIONSCOMPANY,FORMATIONSCOMPANY     ON 30 MAY          BDC, 17.99 ,, 17.99 ,
01/07/2021,1. May'21 to July'21,Q3 - 2021,FORMATIONSCOMPANY,FORMATIONSCOMPANY     ON 30 JUN          BDC, 17.99 ,, 17.99 ,
24/05/2021,1. May'21 to July'21,Q3 - 2021,GETADDRESS.IO,GETADDRESS.IO         ON 22 MAY          BDC, 14.40 , 2.40 , 12.00 ,
23/06/2021,1. May'21 to July'21,Q3 - 2021,GETADDRESS.IO,GETADDRESS.IO         ON 22 JUN          BDC, 14.40 , 2.40 , 12.00 ,
23/07/2021,1. May'21 to July'21,Q3 - 2021,GETADDRESS.IO,GETADDRESS.IO         ON 22 JUL          BDC, 14.40 , 2.40 , 12.00 ,
03/06/2021,1. May'21 to July'21,Q3 - 2021,GODADDY,DNH*GO DADDY EUROP    ON 01 JUN          BDC, 17.12 , 2.85 , 14.27 ,
16/06/2021,1. May'21 to July'21,Q3 - 2021,GODADDY,DNH*GODADDY.COM EU    ON 15 JUN          BDC, 59.88 , 9.98 , 49.90 ,
05/07/2021,1. May'21 to July'21,Q3 - 2021,GODADDY,DNH*GO DADDY EUROP    ON 03 JUL          BDC, 17.88 , 2.98 , 14.90 ,
01/06/2021,1. May'21 to July'21,Q3 - 2021,GOOGLE,GOOGLE *Google Sto    ON 28 MAY          BDC, 1.59 ,, 1.59 ,
29/06/2021,1. May'21 to July'21,Q3 - 2021,GOOGLE,GOOGLE *Google Sto    ON 28 JUN          BDC, 1.59 ,, 1.59 ,
29/07/2021,1. May'21 to July'21,Q3 - 2021,GOOGLE,GOOGLE *Google Sto    ON 28 JUL          BDC, 1.59 ,, 1.59 ,
04/05/2021,1. May'21 to July'21,Q3 - 2021,INTUIT LIMITED,INTUIT LIMITED        00017NGNU0O4Q-00RT DDR, 7.20 , 1.20 , 6.00 ,
03/06/2021,1. May'21 to July'21,Q3 - 2021,INTUIT LIMITED,INTUIT LIMITED        00017NGNU0O4Q-00RT DDR, 7.20 , 1.20 , 6.00 ,
05/07/2021,1. May'21 to July'21,Q3 - 2021,INTUIT LIMITED,INTUIT LIMITED        00017NGNU0O4Q-00RT DDR, 7.20 , 1.20 , 6.00 ,
10/05/2021,1. May'21 to July'21,Q3 - 2021,IONOS CLOUD LIMITED,1 AND 1 IONOS LTD     ON 08 MAY          BDC, 1.20 , 0.20 , 1.00 ,
10/06/2021,1. May'21 to July'21,Q3 - 2021,IONOS CLOUD LIMITED,1 AND 1 IONOS LTD     ON 08 JUN          BDC, 1.20 , 0.20 , 1.00 ,
12/07/2021,1. May'21 to July'21,Q3 - 2021,IONOS CLOUD LIMITED,1 AND 1 IONOS LTD     ON 08 JUL          BDC, 1.20 , 0.20 , 1.00 ,
04/05/2021,1. May'21 to July'21,Q3 - 2021,LEX AUTOLEASE LIMITED,LEX AUTOLEASE         817200V00365155    DDR, 954.54 , 159.09 , 795.45 ,
01/06/2021,1. May'21 to July'21,Q3 - 2021,LEX AUTOLEASE LIMITED,LEX AUTOLEASE         817200V00365155    DDR, 954.54 , 159.09 , 795.45 ,
01/07/2021,1. May'21 to July'21,Q3 - 2021,LEX AUTOLEASE LIMITED,LEX AUTOLEASE         817200V00365155    DDR, 954.54 , 159.09 , 795.45 ,
06/05/2021,1. May'21 to July'21,Q3 - 2021,LINKEDIN LTD,LINKEDIN-638*18179    IRELAND               , 69.98 ,, 69.98 ,
07/06/2021,1. May'21 to July'21,Q3 - 2021,LINKEDIN LTD,LinkedIn 648075941    IRELAND               , 69.98 ,, 69.98 ,
06/07/2021,1. May'21 to July'21,Q3 - 2021,LINKEDIN LTD,LinkedIn 658505081    IRELAND               , 69.98 ,, 69.98 ,
04/05/2021,1. May'21 to July'21,Q3 - 2021,LYCAMOBILE,LYCAMOBILE UK LTD     ON 30 APR          BDC, 15.00 , 2.50 , 12.50 ,
17/05/2021,1. May'21 to July'21,Q3 - 2021,LYCAMOBILE,LYCAMOBILE UK LTD     ON 14 MAY          BDC, 10.00 , 1.67 , 8.33 ,
01/06/2021,1. May'21 to July'21,Q3 - 2021,LYCAMOBILE,LYCAMOBILE            ON 29 MAY          BDC, 10.00 , 1.67 , 8.33 ,
02/06/2021,1. May'21 to July'21,Q3 - 2021,LYCAMOBILE,LYCAMOBILE UK LTD     ON 30 MAY          BDC, 15.00 , 2.50 , 12.50 ,
14/06/2021,1. May'21 to July'21,Q3 - 2021,LYCAMOBILE,LYCAMOBILE            ON 13 JUN          BDC, 10.00 , 1.67 , 8.33 ,
28/06/2021,1. May'21 to July'21,Q3 - 2021,LYCAMOBILE,LYCAMOBILE            ON 27 JUN          BDC, 10.00 , 1.67 , 8.33 ,
30/06/2021,1. May'21 to July'21,Q3 - 2021,LYCAMOBILE,LYCAMOBILE            ON 29 JUN          BDC, 15.00 , 2.50 , 12.50 ,
14/07/2021,1. May'21 to July'21,Q3 - 2021,LYCAMOBILE,LYCAMOBILE            ON 13 JUL          BDC, 10.00 , 1.67 , 8.33 ,
29/07/2021,1. May'21 to July'21,Q3 - 2021,LYCAMOBILE,LYCAMOBILE UK LTD     ON 27 JUL          BDC, 10.00 , 1.67 , 8.33 ,
30/07/2021,1. May'21 to July'21,Q3 - 2021,LYCAMOBILE,LYCAMOBILE            ON 29 JUL          BDC, 15.00 , 2.50 , 12.50 ,
09/07/2021,1. May'21 to July'21,Q3 - 2021,LYRECO,LYRECO UK LTD         ON 08 JUL          BDC, 135.94 , 22.66 , 113.28 ,
27/05/2021,1. May'21 to July'21,Q3 - 2021,MICROSOFT LIMITED,PAYPAL *MICROSOFT     ON 26 MAY          BDC, 10.99 ,, 10.99 ,
28/06/2021,1. May'21 to July'21,Q3 - 2021,MICROSOFT LIMITED,PAYPAL *MICROSOFT     ON 26 JUN          BDC, 10.99 ,, 10.99 ,
17/05/2021,1. May'21 to July'21,Q3 - 2021,MICROSOFT LIMITED,MSFT * E0300EIZ0N     IRELAND               , 11.28 ,, 11.28 ,
18/06/2021,1. May'21 to July'21,Q3 - 2021,MICROSOFT LIMITED,MSFT * E0300EUMYQ     IRELAND               , 11.28 ,, 11.28 ,
16/07/2021,1. May'21 to July'21,Q3 - 2021,MICROSOFT LIMITED,MSFT * E0300F6HW3     IRELAND               , 11.28 ,, 11.28 ,
05/05/2021,1. May'21 to July'21,Q3 - 2021,MMBA ACCOUNTANTS LIMITED,GOCARDLESS            TZACO-X8QDNZZVJHKS DDR, 400.00 ,, 400.00 ,
07/06/2021,1. May'21 to July'21,Q3 - 2021,MMBA ACCOUNTANTS LIMITED,GOCARDLESS            TZACO-X8QDNZZVJHKS DDR, 400.00 ,, 400.00 ,
05/07/2021,1. May'21 to July'21,Q3 - 2021,MMBA ACCOUNTANTS LIMITED,GOCARDLESS            TZACO-X8QDNZZVJHKS DDR, 400.00 ,, 400.00 ,
06/05/2021,1. May'21 to July'21,Q3 - 2021,MONEYSOFT LTD,MONEYSOFT LTD         ON 05 MAY          BDC, 177.60 , 29.60 , 148.00 ,
12/05/2021,1. May'21 to July'21,Q3 - 2021,MOUNTPACE LTD,MOUNT PACE            79 HOE STREET      STO," 1,458.33 ",," 1,458.33 ",
14/06/2021,1. May'21 to July'21,Q3 - 2021,MOUNTPACE LTD,MOUNT PACE            79 HOE STREET      STO," 1,458.33 ",," 1,458.33 ",
12/07/2021,1. May'21 to July'21,Q3 - 2021,MOUNTPACE LTD,MOUNT PACE            79 HOE STREET      STO," 1,458.33 ",," 1,458.33 ",
12/05/2021,1. May'21 to July'21,Q3 - 2021,NAME-CHEAP.COM,NAME-CHEAP.COM        USA                   , 16.57 ,, 16.57 ,
07/06/2021,1. May'21 to July'21,Q3 - 2021,NAME-CHEAP.COM,NAME-CHEAP.COM        USA                   , 6.99 ,, 6.99 ,
28/06/2021,1. May'21 to July'21,Q3 - 2021,NAME-CHEAP.COM,NAME-CHEAP.COM        USA                   , 25.11 ,, 25.11 ,
30/06/2021,1. May'21 to July'21,Q3 - 2021,One.com,One.com               DENMARK               , 23.51 ,, 23.51 ,
10/05/2021,1. May'21 to July'21,Q3 - 2021,OPUS ENERGY LTD,OPUS ENERGY GAS SU    0890504            DDR, 226.61 , 37.77 , 188.84 ,
01/06/2021,1. May'21 to July'21,Q3 - 2021,OPUS ENERGY LTD,OPUS ENERGY LTD       0890104            DDR, 132.34 , 22.06 , 110.28 ,
09/06/2021,1. May'21 to July'21,Q3 - 2021,OPUS ENERGY LTD,OPUS ENERGY GAS SU    0890504            DDR, 237.46 , 39.58 , 197.88 ,
29/06/2021,1. May'21 to July'21,Q3 - 2021,OPUS ENERGY LTD,OPUS ENERGY LTD       0890104            DDR, 74.52 , 12.42 , 62.10 ,
09/07/2021,1. May'21 to July'21,Q3 - 2021,OPUS ENERGY LTD,OPUS ENERGY GAS SU    0890504            DDR, 104.40 , 17.40 , 87.00 ,
29/07/2021,1. May'21 to July'21,Q3 - 2021,OPUS ENERGY LTD,OPUS ENERGY LTD       0890104            DDR, 72.06 , 12.01 , 60.05 ,
04/05/2021,1. May'21 to July'21,Q3 - 2021,PROPERTYDATA,PROPERTYDATA          ON 03 MAY          BDC, 52.80 ,, 52.80 ,
04/06/2021,1. May'21 to July'21,Q3 - 2021,PROPERTYDATA,PROPERTYDATA          ON 03 JUN          BDC, 52.80 ,, 52.80 ,
05/07/2021,1. May'21 to July'21,Q3 - 2021,PROPERTYDATA,PROPERTYDATA          ON 03 JUL          BDC, 52.80 ,, 52.80 ,
04/05/2021,1. May'21 to July'21,Q3 - 2021,Red Apple Branding and Marketing Consultancy Ltd,RED APPLE             INVOICE            FT ," 6,258.50 "," 1,043.08 "," 5,215.42 ",
17/05/2021,1. May'21 to July'21,Q3 - 2021,Red Apple Branding and Marketing Consultancy Ltd,RED APPLE BRANDING    PAYMENT            FT ," 20,508.80 "," 3,418.13 "," 17,090.67 ",
10/06/2021,1. May'21 to July'21,Q3 - 2021,Red Apple Branding and Marketing Consultancy Ltd,RED APPLE             INVOICE            BBP," 27,500.25 "," 4,583.38 "," 22,916.88 ",
30/06/2021,1. May'21 to July'21,Q3 - 2021,Red Apple Branding and Marketing Consultancy Ltd,RED APPLE             INVOICE            FT ," 34,580.80 "," 5,763.47 "," 28,817.33 ",
08/07/2021,1. May'21 to July'21,Q3 - 2021,Red Apple Branding and Marketing Consultancy Ltd,RED APPLE             INVOICE            BBP," 49,567.45 "," 8,261.24 "," 41,306.21 ",
12/07/2021,1. May'21 to July'21,Q3 - 2021,Red Apple Branding and Marketing Consultancy Ltd,RED APPLE             INVOICE            FT ," 9,658.80 "," 1,609.80 "," 8,049.00 ",
15/07/2021,1. May'21 to July'21,Q3 - 2021,Red Apple Branding and Marketing Consultancy Ltd,RED APPLE             INVOICE            FT ," 32,580.80 "," 5,430.13 "," 27,150.67 ",
20/07/2021,1. May'21 to July'21,Q3 - 2021,Red Apple Branding and Marketing Consultancy Ltd,RED APPLE             INVOICE            BBP," 35,565.00 "," 5,927.50 "," 29,637.50 ",
23/07/2021,1. May'21 to July'21,Q3 - 2021,Red Apple Branding and Marketing Consultancy Ltd,RED APPLE BRANDING    PAYMENT            FT ," 15,500.80 "," 2,583.47 "," 12,917.33 ",
26/07/2021,1. May'21 to July'21,Q3 - 2021,Red Apple Branding and Marketing Consultancy Ltd,RED APPLE BRANDING    PAYMENT            FT ," 35,805.80 "," 5,967.63 "," 29,838.17 ",
26/07/2021,1. May'21 to July'21,Q3 - 2021,Red Apple Branding and Marketing Consultancy Ltd,RED APPLE BRANDING    PAYMENT            FT ," 15,080.58 "," 2,513.43 "," 12,567.15 ",
22/07/2021,1. May'21 to July'21,Q3 - 2021,SDN Security Solutions Ltd ,SDN SECURITY SOLUT    INVOICE            BBP, 920.00 ,, 920.00 ,
23/07/2021,1. May'21 to July'21,Q3 - 2021,SDN Security Solutions Ltd ,SDN SECURITY SOLUT    INVOICE            FT ," 6,850.45 "," 1,141.74 "," 5,708.71 ",
26/07/2021,1. May'21 to July'21,Q3 - 2021,SDN Security Solutions Ltd ,SDN SECURITY SOLUT    INVOICE            FT ," 11,415.00 "," 1,902.50 "," 9,512.50 ",
29/07/2021,1. May'21 to July'21,Q3 - 2021,SDN Security Solutions Ltd ,SDN SECURITY SOLUT    INVOICE            BBP," 8,000.00 "," 1,333.33 "," 6,666.67 ",
24/05/2021,1. May'21 to July'21,Q3 - 2021,SHOPIFY,PAYPAL *SHOPIFY       IRELAND               , 104.00 ,, 104.00 ,
24/05/2021,1. May'21 to July'21,Q3 - 2021,SHOPIFY,SHOPIFY* 109733321    IRELAND               , 21.07 ,, 21.07 ,
21/06/2021,1. May'21 to July'21,Q3 - 2021,SHOPIFY,PAYPAL *SHOPIFY       IRELAND               , 106.33 ,, 106.33 ,
21/06/2021,1. May'21 to July'21,Q3 - 2021,SHOPIFY,SHOPIFY* 112314799    IRELAND               , 21.61 ,, 21.61 ,
30/06/2021,1. May'21 to July'21,Q3 - 2021,SHOPIFY,SHOPIFY* 113140220    IRELAND               , 26.00 ,, 26.00 ,
20/07/2021,1. May'21 to July'21,Q3 - 2021,SHOPIFY,PAYPAL *SHOPIFY       IRELAND               , 106.58 ,, 106.58 ,
21/07/2021,1. May'21 to July'21,Q3 - 2021,SHOPIFY,SHOPIFY* 114979535    IRELAND               , 21.96 ,, 21.96 ,
30/07/2021,1. May'21 to July'21,Q3 - 2021,SHOPIFY,SHOPIFY* 115735750    IRELAND               , 25.84 ,, 25.84 ,
04/05/2021,1. May'21 to July'21,Q3 - 2021,SILICON MANAGEMENT CONSULTANTS LTD,SILCON MANAGEMNET     INVOICE            FT ," 15,408.58 "," 2,568.10 "," 12,840.48 ",
04/05/2021,1. May'21 to July'21,Q3 - 2021,SILICON MANAGEMENT CONSULTANTS LTD,SILCON MANAGEMNET     INVOICE            FT ," 15,808.90 "," 2,634.82 "," 13,174.08 ",
10/05/2021,1. May'21 to July'21,Q3 - 2021,SILICON MANAGEMENT CONSULTANTS LTD,SILCON MANAGEMNET     INVOICE            FT ," 49,500.80 "," 8,250.13 "," 41,250.67 ",
11/05/2021,1. May'21 to July'21,Q3 - 2021,SILICON MANAGEMENT CONSULTANTS LTD,SILCON MANAGEMNET     INVOICE            FT ," 5,208.80 ", 868.13 ," 4,340.67 ",
17/05/2021,1. May'21 to July'21,Q3 - 2021,SILICON MANAGEMENT CONSULTANTS LTD,SILCON MANAGEMNET     INVOICE            BBP," 49,450.67 "," 8,241.78 "," 41,208.89 ",
17/05/2021,1. May'21 to July'21,Q3 - 2021,SILICON MANAGEMENT CONSULTANTS LTD,SILCON MANAGEMNET     INVOICE            FT ," 8,050.80 "," 1,341.80 "," 6,709.00 ",
19/05/2021,1. May'21 to July'21,Q3 - 2021,SILICON MANAGEMENT CONSULTANTS LTD,SILCON MANAGEMNET     INVOICE            FT ," 26,508.80 "," 4,418.13 "," 22,090.67 ",
24/05/2021,1. May'21 to July'21,Q3 - 2021,SILICON MANAGEMENT CONSULTANTS LTD,SILCON MANAGEMNET     INVOICE            FT ," 13,580.50 "," 2,263.42 "," 11,317.08 ",
24/05/2021,1. May'21 to July'21,Q3 - 2021,SILICON MANAGEMENT CONSULTANTS LTD,SILCON MANAGEMNET     INVOICE            FT ," 3,850.80 ", 641.80 ," 3,209.00 ",
01/06/2021,1. May'21 to July'21,Q3 - 2021,SILICON MANAGEMENT CONSULTANTS LTD,SILCON MANAGEMNET     INVOICE            FT ," 27,500.80 "," 4,583.47 "," 22,917.33 ",
01/06/2021,1. May'21 to July'21,Q3 - 2021,SILICON MANAGEMENT CONSULTANTS LTD,SILCON MANAGEMNET     INVOICE            FT ," 22,500.80 "," 3,750.13 "," 18,750.67 ",
04/06/2021,1. May'21 to July'21,Q3 - 2021,SILICON MANAGEMENT CONSULTANTS LTD,SILCON MANAGEMNET     INVOICE            BBP," 11,200.40 "," 1,866.73 "," 9,333.67 ",
10/06/2021,1. May'21 to July'21,Q3 - 2021,SILICON MANAGEMENT CONSULTANTS LTD,SILCON MANAGEMNET     INVOICE            BBP," 49,500.50 "," 8,250.08 "," 41,250.42 ",
11/06/2021,1. May'21 to July'21,Q3 - 2021,SILICON MANAGEMENT CONSULTANTS LTD,SILCON MANAGEMNET     INVOICE            BBP," 48,390.56 "," 8,065.09 "," 40,325.47 ",
11/06/2021,1. May'21 to July'21,Q3 - 2021,SILICON MANAGEMENT CONSULTANTS LTD,SILCON MANAGEMNET     INVOICE            FT ," 6,850.80 "," 1,141.80 "," 5,709.00 ",
15/06/2021,1. May'21 to July'21,Q3 - 2021,SILICON MANAGEMENT CONSULTANTS LTD,SILCON MANAGEMNET     INVOICE            FT ," 49,500.50 "," 8,250.08 "," 41,250.42 ",
16/06/2021,1. May'21 to July'21,Q3 - 2021,SILICON MANAGEMENT CONSULTANTS LTD,SILCON MANAGEMNET     INVOICE            FT ," 22,580.90 "," 3,763.48 "," 18,817.42 ",
17/06/2021,1. May'21 to July'21,Q3 - 2021,SILICON MANAGEMENT CONSULTANTS LTD,SILCON MANAGEMNET     INVOICE            FT ," 22,508.80 "," 3,751.47 "," 18,757.33 ",
18/06/2021,1. May'21 to July'21,Q3 - 2021,SILICON MANAGEMENT CONSULTANTS LTD,SILCON MANAGEMNET     INVOICE            FT ," 25,805.80 "," 4,300.97 "," 21,504.83 ",
21/06/2021,1. May'21 to July'21,Q3 - 2021,SILICON MANAGEMENT CONSULTANTS LTD,SILCON MANAGEMNET     INVOICE            FT ," 9,508.80 "," 1,584.80 "," 7,924.00 ",
21/06/2021,1. May'21 to July'21,Q3 - 2021,SILICON MANAGEMENT CONSULTANTS LTD,SILCON MANAGEMNET     INVOICE            FT ," 2,580.74 ", 430.12 ," 2,150.62 ",
22/06/2021,1. May'21 to July'21,Q3 - 2021,SILICON MANAGEMENT CONSULTANTS LTD,SILCON MANAGEMNET     INVOICE            FT ," 12,580.58 "," 2,096.76 "," 10,483.82 ",
23/06/2021,1. May'21 to July'21,Q3 - 2021,SILICON MANAGEMENT CONSULTANTS LTD,SILCON MANAGEMNET     INVOICE            FT ," 2,580.58 ", 430.10 ," 2,150.48 ",
24/06/2021,1. May'21 to July'21,Q3 - 2021,SILICON MANAGEMENT CONSULTANTS LTD,SILCON MANAGEMNET     INVOICE            FT ," 26,000.00 "," 4,333.33 "," 21,666.67 ",
29/06/2021,1. May'21 to July'21,Q3 - 2021,SILICON MANAGEMENT CONSULTANTS LTD,SILCON MANAGEMNET     INVOICE            FT ," 49,580.50 "," 8,263.42 "," 41,317.08 ",
30/06/2021,1. May'21 to July'21,Q3 - 2021,SILICON MANAGEMENT CONSULTANTS LTD,SILCON MANAGEMNET     INVOICE            BBP," 49,980.90 "," 8,330.15 "," 41,650.75 ",
07/07/2021,1. May'21 to July'21,Q3 - 2021,SILICON MANAGEMENT CONSULTANTS LTD,SILCON MANAGEMNET     INVOICE            FT ," 32,085.80 "," 5,347.63 "," 26,738.17 ",
08/07/2021,1. May'21 to July'21,Q3 - 2021,SILICON MANAGEMENT CONSULTANTS LTD,SILCON MANAGEMNET     INVOICE            BBP," 49,567.45 "," 8,261.24 "," 41,306.21 ",
09/07/2021,1. May'21 to July'21,Q3 - 2021,SILICON MANAGEMENT CONSULTANTS LTD,SILCON MANAGEMNET     INVOICE            FT ," 48,500.80 "," 8,083.47 "," 40,417.33 ",
12/07/2021,1. May'21 to July'21,Q3 - 2021,SILICON MANAGEMENT CONSULTANTS LTD,SILCON MANAGEMNET     INVOICE            BBP," 19,500.20 "," 3,250.03 "," 16,250.17 ",
14/07/2021,1. May'21 to July'21,Q3 - 2021,SILICON MANAGEMENT CONSULTANTS LTD,SILCON MANAGEMNET     INVOICE            FT ," 25,850.00 "," 4,308.33 "," 21,541.67 ",
15/07/2021,1. May'21 to July'21,Q3 - 2021,SILICON MANAGEMENT CONSULTANTS LTD,SILCON MANAGEMNET     INVOICE            BBP," 29,780.45 "," 4,963.41 "," 24,817.04 ",
15/07/2021,1. May'21 to July'21,Q3 - 2021,SILICON MANAGEMENT CONSULTANTS LTD,SILCON MANAGEMNET     INVOICE            FT ," 15,800.58 "," 2,633.43 "," 13,167.15 ",
16/07/2021,1. May'21 to July'21,Q3 - 2021,SILICON MANAGEMENT CONSULTANTS LTD,SILCON MANAGEMNET     INVOICE            FT ," 35,650.09 "," 5,941.68 "," 29,708.41 ",
20/07/2021,1. May'21 to July'21,Q3 - 2021,SILICON MANAGEMENT CONSULTANTS LTD,SILCON MANAGEMNET     INVOICE            BBP," 35,468.90 "," 5,911.48 "," 29,557.42 ",
04/06/2021,1. May'21 to July'21,Q3 - 2021,SILVER LINE GRAPHICS LIMITED,SILVER LINE GRAPHI    3668               BBP, 237.60 ,, 237.60 ,
18/06/2021,1. May'21 to July'21,Q3 - 2021,UK Force Services Limited,UK FORCE SERVICES     PAY                BBP," 4,950.50 ", 825.08 ," 4,125.42 ",
21/06/2021,1. May'21 to July'21,Q3 - 2021,UK Force Services Limited,UK FORCE SERVICES     PAY                FT ," 23,682.00 "," 3,947.00 "," 19,735.00 ",
19/07/2021,1. May'21 to July'21,Q3 - 2021,UK Force Services Limited,UK FORCE SERVICES     PAY                BBP," 25,000.00 "," 4,166.67 "," 20,833.33 ",
28/07/2021,1. May'21 to July'21,Q3 - 2021,UK Force Services Limited,UK FORCE SERVICES     PAY                FT ," 15,000.00 "," 2,500.00 "," 12,500.00 ",
04/05/2021,1. May'21 to July'21,Q3 - 2021,VERISURE SERVICES,VERISURE SERVICES     G874BM9-207803     DDR, 57.76 ,, 57.76 ,
01/06/2021,1. May'21 to July'21,Q3 - 2021,VERISURE SERVICES,VERISURE SERVICES     G874BM9-207803     DDR, 57.76 ,, 57.76 ,
01/07/2021,1. May'21 to July'21,Q3 - 2021,VERISURE SERVICES,VERISURE SERVICES     G874BM9-207803     DDR, 57.76 ,, 57.76 ,
05/05/2021,1. May'21 to July'21,Q3 - 2021,Wages,BRIAN SMITH           INVOICE 025        FT ," 2,203.36 ",," 2,203.36 ",
07/06/2021,1. May'21 to July'21,Q3 - 2021,Wages,BRIAN SMITH           COMMISSION         FT ," 13,223.62 ",," 13,223.62 ",
07/06/2021,1. May'21 to July'21,Q3 - 2021,Wages,BRIAN SMITH           INVOICE 036        BBP," 2,212.99 ",," 2,212.99 ",
05/07/2021,1. May'21 to July'21,Q3 - 2021,Wages,BRIAN SMITH           INVOICE 38         BBP," 2,329.43 ",," 2,329.43 ",
04/05/2021,1. May'21 to July'21,Q3 - 2021,YOUR COMPANY FORMATION,YOURCOMPANYFORMATI    ON 02 MAY          BDC, 12.98 ,, 12.98 ,
01/09/2023,10. Aug'23 to Oct'23,Q4 - 2023,ACUITY LAW LIMITED,Acuity Law Ltd - Invoice," 22,296.00 "," 3,716.00 "," 18,580.00 ",
31/10/2023,10. Aug'23 to Oct'23,Q4 - 2023,ALLDAYPA Communication,All Day PA - All Day PA, 332.10 , 55.35 , 276.75 ,
02/10/2023,10. Aug'23 to Oct'23,Q4 - 2023,AVIVA INSURANCE LIMITED,Aviva Insurance Li       ON 01 OCT BDC," 1,700.00 ", -   ," 1,700.00 ",
16/08/2023,10. Aug'23 to Oct'23,Q4 - 2023,BERKELEY ROWE LIMITED,BERKELEY ROWE LIMI       GUARDIANFM LTD FT," 5,000.00 ", 833.33 ," 4,166.67 ",
31/10/2023,10. Aug'23 to Oct'23,Q4 - 2023,BIFFA WASTE SERVICES LIMITED,Biffa Waste Services - Biffa Waste Services, 297.80 , 49.63 , 248.17 ,
31/10/2023,10. Aug'23 to Oct'23,Q4 - 2023,Capital Protections Ltd,Capital Protection - Capital Protection," 10,470.92 "," 1,745.15 "," 8,725.77 ",
31/10/2023,10. Aug'23 to Oct'23,Q4 - 2023,COMPLIANCE SECURITY SERVICES LTD,Compliance Security - Compliance Security," 4,550.60 ", 758.43 ," 3,792.17 ",
01/10/2023,10. Aug'23 to Oct'23,Q4 - 2023,EVERSURE INFINITY LTD,Eversure Charged Ltd - Invoice," 52,500.00 "," 8,750.00 "," 43,750.00 ",
01/08/2023,10. Aug'23 to Oct'23,Q4 - 2023,FIRST INSURANCE,First Insurance - Invoice First Insurance," 5,225.24 ", -   ," 5,225.24 ",
24/05/2023,10. Aug'23 to Oct'23,Q4 - 2023,MERCEDES-BENZ UK LIMITED,MBFIN S0EK23GUJ02        S0EK23GUJ021845880 DD, (426.47), -   , (426.47),
24/05/2023,10. Aug'23 to Oct'23,Q4 - 2023,MERCEDES-BENZ UK LIMITED,MBFIN S0EK23GUJ02        S0EK23GUJ021845880 DD, 426.47 , 71.08 , 355.39 ,
26/06/2023,10. Aug'23 to Oct'23,Q4 - 2023,MERCEDES-BENZ UK LIMITED,MBFIN S0EK23GUJ02        S0EK23GUJ022109528 DD, 426.47 , 71.08 , 355.39 ,
26/06/2023,10. Aug'23 to Oct'23,Q4 - 2023,MERCEDES-BENZ UK LIMITED,MBFIN S0EK23GUJ02        S0EK23GUJ022109528 DD, (426.47), -   , (426.47),
24/07/2023,10. Aug'23 to Oct'23,Q4 - 2023,MERCEDES-BENZ UK LIMITED,MBFIN S0EK23GUJ02        S0EK23GUJ021937753 DD, (426.47), -   , (426.47),
24/07/2023,10. Aug'23 to Oct'23,Q4 - 2023,MERCEDES-BENZ UK LIMITED,MBFIN S0EK23GUJ02        S0EK23GUJ021937753 DD, 426.47 , 71.08 , 355.39 ,
24/08/2023,10. Aug'23 to Oct'23,Q4 - 2023,MERCEDES-BENZ UK LIMITED,MBFIN S0EK23GUJ02        S0EK23GUJ022013386 DD, 426.47 , 71.08 , 355.39 ,
25/09/2023,10. Aug'23 to Oct'23,Q4 - 2023,MERCEDES-BENZ UK LIMITED,MBFIN S0EK23GUJ02        S0EK23GUJ022125028 DD, 426.47 , 71.08 , 355.39 ,
24/10/2023,10. Aug'23 to Oct'23,Q4 - 2023,MERCEDES-BENZ UK LIMITED,MBFIN S0EK23GUJ02        S0EK23GUJ022432232 DD, 426.47 , 71.08 , 355.39 ,
06/04/2023,10. Aug'23 to Oct'23,Q4 - 2023,MERCEDES-BENZ UK LIMITED,MERCEDES-BENZ CARS UK L MILTON KEYNES, (500.00), -   , (500.00),
06/04/2023,10. Aug'23 to Oct'23,Q4 - 2023,MERCEDES-BENZ UK LIMITED,MERCEDES-BENZ CARS UK L MILTON KEYNES, 500.00 , 83.33 , 416.67 ,
19/04/2023,10. Aug'23 to Oct'23,Q4 - 2023,MERCEDES-BENZ UK LIMITED,MERCEDES-BENZ CARS UK L MILTON KEYNES," (9,500.00)", -   ," (9,500.00)",
19/04/2023,10. Aug'23 to Oct'23,Q4 - 2023,MERCEDES-BENZ UK LIMITED,MERCEDES-BENZ CARS UK L MILTON KEYNES," 9,500.00 "," 1,583.33 "," 7,916.67 ",
07/08/2023,10. Aug'23 to Oct'23,Q4 - 2023,O2 (UK) LIMITED T/A Telefónica UK Limited,O2                       05331910/001 DDR, 57.71 , 9.62 , 48.09 ,
11/08/2023,10. Aug'23 to Oct'23,Q4 - 2023,O2 (UK) LIMITED T/A Telefónica UK Limited,O2                       GED37460874 DDR, 33.74 , 5.62 , 28.12 ,
06/09/2023,10. Aug'23 to Oct'23,Q4 - 2023,O2 (UK) LIMITED T/A Telefónica UK Limited,O2                       05331910/001 DDR, 57.71 , 9.62 , 48.09 ,
20/10/2023,10. Aug'23 to Oct'23,Q4 - 2023,O2 (UK) LIMITED T/A Telefónica UK Limited,O2                       D3885380 DDR, 24.16 , 4.02 , 20.14 ,
31/10/2023,10. Aug'23 to Oct'23,Q4 - 2023,O2 (UK) LIMITED T/A Telefónica UK Limited,O2 - O2, 217.55 , 36.26 , 181.29 ,
16/08/2023,10. Aug'23 to Oct'23,Q4 - 2023,SAGE SOFTWARE LTD,SAGE SOFTWARE LTD        PCNHPQC DDR, 172.20 , 28.70 , 143.50 ,
18/09/2023,10. Aug'23 to Oct'23,Q4 - 2023,SAGE SOFTWARE LTD,SAGE SOFTWARE LTD        PCNHPQC DDR, 181.20 , 30.20 , 151.00 ,
16/10/2023,10. Aug'23 to Oct'23,Q4 - 2023,SAGE SOFTWARE LTD,SAGE SOFTWARE LTD        PCNHPQC DDR, 181.20 , 30.20 , 151.00 ,
02/10/2023,10. Aug'23 to Oct'23,Q4 - 2023,THE Ken Rhodes,THE KEN RHODES GRO       RENT/1745 BBP," 4,504.80 ", 750.80 ," 3,754.00 ",
31/10/2023,10. Aug'23 to Oct'23,Q4 - 2023,Wave Tel Ltd,Wavetel Business - Wavetel Business, 427.30 , 71.22 , 356.08 ,
31/10/2023,10. Aug'23 to Oct'23,Q4 - 2023,Xtreme Professional Cleaning Ltd,Xtreme Professional - Xtreme Professional," 32,099.42 "," 5,349.90 "," 26,749.52 ",
31/10/2023,10. Aug'23 to Oct'23,Q4 - 2023,1Password,1Password - 1Password, 12.39 , 2.06 , 10.33 ,
04/09/2023,10. Aug'23 to Oct'23,Q4 - 2023,A2Z Security Services Ltd,Sent money to AZ Security Limited, 176.00 , -   , 176.00 ,
31/10/2023,10. Aug'23 to Oct'23,Q4 - 2023,A2Z Security Services Ltd,A2Z Security Ltd - A2Z Security Ltd," 2,441.55 ", 406.92 ," 2,034.63 ",
01/08/2023,10. Aug'23 to Oct'23,Q4 - 2023,AB SALUTE GYM LTD,AB SALUTE                45699BE197251049 DDR, 37.50 , -   , 37.50 ,
01/09/2023,10. Aug'23 to Oct'23,Q4 - 2023,AB SALUTE GYM LTD,AB SALUTE                45699BE197251049 DDR, 37.50 , -   , 37.50 ,
02/10/2023,10. Aug'23 to Oct'23,Q4 - 2023,AB SALUTE GYM LTD,AB SALUTE                45699BE197251049 DDR, 37.50 , -   , 37.50 ,
31/10/2023,10. Aug'23 to Oct'23,Q4 - 2023,ADOBE ACROBAT,Adobe Acropro - Adobe Acropro, 149.76 , 24.96 , 124.80 ,
27/06/2023,10. Aug'23 to Oct'23,Q4 - 2023,Aeliya Foods Ltd ESSEX,Card transaction of GBP issued by Aeliya Foods Ltd ESSEX, 3.80 , -   , 3.80 ,
07/07/2023,10. Aug'23 to Oct'23,Q4 - 2023,Aldi Stores Limited CLACTON,Card transaction of GBP issued by Aldi Stores Limited CLACTON ON SE, 3.87 , -   , 3.87 ,
01/05/2023,10. Aug'23 to Oct'23,Q4 - 2023,Alliance Facilities Management Limited,Alliance Facility - Invoice," 15,000.00 ", -   ," 15,000.00 ",
01/06/2023,10. Aug'23 to Oct'23,Q4 - 2023,Alliance Facilities Management Limited,Alliance Facility - Invoice," 31,679.97 ", -   ," 31,679.97 ",
01/08/2023,10. Aug'23 to Oct'23,Q4 - 2023,Alliance Facilities Management Limited,Alliance Facility - Alliance Facility," 19,261.63 "," 3,210.27 "," 16,051.36 ",
01/09/2023,10. Aug'23 to Oct'23,Q4 - 2023,Alliance Facilities Management Limited,Alliance Facility - Iinvoice," 15,961.84 "," 2,660.31 "," 13,301.53 ",
01/10/2023,10. Aug'23 to Oct'23,Q4 - 2023,Alliance Facilities Management Limited,Alliance Facility - Invoice," 8,942.80 "," 1,490.47 "," 7,452.33 ",
27/08/2023,10. Aug'23 to Oct'23,Q4 - 2023,AMAZON,AMZNMKTPLACE            LONDON, 79.99 , 13.33 , 66.66 ,
12/09/2023,10. Aug'23 to Oct'23,Q4 - 2023,AMAZON,AMZNMktplace             ON 11 SEP BDC, 199.99 , 33.17 , 166.82 ,
06/10/2023,10. Aug'23 to Oct'23,Q4 - 2023,AMAZON,AMZNMktplace             ON 05 OCT BDC, 15.99 , -   , 15.99 ,
09/10/2023,10. Aug'23 to Oct'23,Q4 - 2023,AMAZON,AMZNMktplace             ON 08 OCT BDC, 25.99 , -   , 25.99 ,
16/10/2023,10. Aug'23 to Oct'23,Q4 - 2023,AMAZON,AMZNMktplace             ON 14 OCT BDC, 20.00 , -   , 20.00 ,
16/10/2023,10. Aug'23 to Oct'23,Q4 - 2023,AMAZON,AMZNMktplace             ON 14 OCT BDC, 9.99 , -   , 9.99 ,
26/08/2023,10. Aug'23 to Oct'23,Q4 - 2023,AMAZON,AMAZON SHOP WITH POINTS CREDIT, (79.99), (13.33), (66.66),
27/10/2023,10. Aug'23 to Oct'23,Q4 - 2023,APEX WINDOWS,APEX WINDOWS             APEX WINDOWS LU1 FT, 167.00 , 27.83 , 139.17 ,
07/08/2023,10. Aug'23 to Oct'23,Q4 - 2023,Apple,APPLE.COM/BILL        IRELAND   ON 04 AUG BDC, 79.99 , 13.33 , 66.66 ,
23/10/2023,10. Aug'23 to Oct'23,Q4 - 2023,Apple,APPLE.COM/BILL        IRELAND   ON 21 OCT BDC, 11.99 , 2.00 , 9.99 ,
03/08/2023,10. Aug'23 to Oct'23,Q4 - 2023,Apple,APPLE.COM/BILL        IRELAND   ON 02 AUG BDC, 8.99 , 1.50 , 7.49 ,
04/09/2023,10. Aug'23 to Oct'23,Q4 - 2023,Apple,APPLE.COM/BILL        IRELAND   ON 02 SEP BDC, 8.99 , 1.50 , 7.49 ,
03/10/2023,10. Aug'23 to Oct'23,Q4 - 2023,Apple,APPLE.COM/BILL        IRELAND   ON 02 OCT BDC, 8.99 , 1.50 , 7.49 ,
09/09/2023,10. Aug'23 to Oct'23,Q4 - 2023,ARGOS LTD,Card transaction of GBP issued by Argos Ltd CLACTON ON SE, 95.00 , 15.83 , 79.17 ,
01/06/2023,10. Aug'23 to Oct'23,Q4 - 2023,Assets service fee,GBP Assets service fee, 0.06 , -   , 0.06 ,
01/07/2023,10. Aug'23 to Oct'23,Q4 - 2023,Assets service fee,GBP Assets service fee, 0.17 , -   , 0.17 ,
01/08/2023,10. Aug'23 to Oct'23,Q4 - 2023,Assets service fee,GBP Assets service fee, 0.15 , -   , 0.15 ,
01/09/2023,10. Aug'23 to Oct'23,Q4 - 2023,Assets service fee,GBP Assets service fee, 0.15 , -   , 0.15 ,
01/10/2023,10. Aug'23 to Oct'23,Q4 - 2023,Assets service fee,GBP Assets service fee, 0.79 , -   , 0.79 ,
31/08/2023,10. Aug'23 to Oct'23,Q4 - 2023,ATLANTIC HOTEL,ATLANTIC HOTEL           ON 30 AUG BDC," 1,594.62 ", -   ," 1,594.62 ",
08/09/2023,10. Aug'23 to Oct'23,Q4 - 2023,B&Q LIMITED,B & Q 1257               ON 07 SEP BDC, 217.70 , 36.28 , 181.42 ,
08/09/2023,10. Aug'23 to Oct'23,Q4 - 2023,B.b Fatima Cash And Ca ILFORD,Card transaction of GBP issued by B.b Fatima Cash And Ca ILFORD, 11.09 , -   , 11.09 ,
23/03/2023,10. Aug'23 to Oct'23,Q4 - 2023,Bank Charges,Wise Charges for: CARD-645672346, 0.14 , -   , 0.14 ,
03/04/2023,10. Aug'23 to Oct'23,Q4 - 2023,Bank Charges,Wise Charges for: CARD-660910823, 0.52 , -   , 0.52 ,
04/04/2023,10. Aug'23 to Oct'23,Q4 - 2023,Bank Charges,Wise Charges for: CARD-662329980, 2.81 , -   , 2.81 ,
17/04/2023,10. Aug'23 to Oct'23,Q4 - 2023,Bank Charges,Wise Charges for: CARD-679477373, 0.23 , -   , 0.23 ,
17/04/2023,10. Aug'23 to Oct'23,Q4 - 2023,Bank Charges,Wise Charges for: CARD-679820873, 0.07 , -   , 0.07 ,
23/04/2023,10. Aug'23 to Oct'23,Q4 - 2023,Bank Charges,Wise Charges for: CARD-688671194, 0.14 , -   , 0.14 ,
13/05/2023,10. Aug'23 to Oct'23,Q4 - 2023,Bank Charges,Wise Charges for: CARD-717350344, 0.47 , -   , 0.47 ,
17/05/2023,10. Aug'23 to Oct'23,Q4 - 2023,Bank Charges,Wise Charges for: CARD-723753243, 0.08 , -   , 0.08 ,
23/05/2023,10. Aug'23 to Oct'23,Q4 - 2023,Bank Charges,Wise Charges for: CARD-733332548, 0.14 , -   , 0.14 ,
14/06/2023,10. Aug'23 to Oct'23,Q4 - 2023,Bank Charges,Wise Charges for: CARD-768436156, 0.48 , -   , 0.48 ,
17/06/2023,10. Aug'23 to Oct'23,Q4 - 2023,Bank Charges,Wise Charges for: CARD-774119699, 0.08 , -   , 0.08 ,
23/06/2023,10. Aug'23 to Oct'23,Q4 - 2023,Bank Charges,Wise Charges for: CARD-784860065, 0.13 , -   , 0.13 ,
13/07/2023,10. Aug'23 to Oct'23,Q4 - 2023,Bank Charges,Wise Charges for: CARD-819765921, 0.47 , -   , 0.47 ,
17/07/2023,10. Aug'23 to Oct'23,Q4 - 2023,Bank Charges,Wise Charges for: CARD-827742248, 0.08 , -   , 0.08 ,
26/07/2023,10. Aug'23 to Oct'23,Q4 - 2023,Bank Charges,Wise Charges for: CARD-843950632, 0.13 , -   , 0.13 ,
04/08/2023,10. Aug'23 to Oct'23,Q4 - 2023,Bank Charges,CHARGES               COMMISSION FOR   PERIOD, 8.50 , -   , 8.50 ,
14/08/2023,10. Aug'23 to Oct'23,Q4 - 2023,Bank Charges,Revolut**7509*           ON 12 AUG BDC, 1.78 , -   , 1.78 ,
16/08/2023,10. Aug'23 to Oct'23,Q4 - 2023,Bank Charges,Wise Charges for: CARD-884422026, 0.48 , -   , 0.48 ,
17/08/2023,10. Aug'23 to Oct'23,Q4 - 2023,Bank Charges,Wise Charges for: CARD-886674022, 0.08 , -   , 0.08 ,
23/08/2023,10. Aug'23 to Oct'23,Q4 - 2023,Bank Charges,Wise Charges for: CARD-898995002, 0.13 , -   , 0.13 ,
05/09/2023,10. Aug'23 to Oct'23,Q4 - 2023,Bank Charges,CHARGES               COMMISSION FOR   PERIOD, 8.50 , -   , 8.50 ,
13/09/2023,10. Aug'23 to Oct'23,Q4 - 2023,Bank Charges,Revolut**7509*           ON 12 SEP BDC, 7.08 , -   , 7.08 ,
14/09/2023,10. Aug'23 to Oct'23,Q4 - 2023,Bank Charges,Wise Charges for: CARD-943132721, 0.49 , -   , 0.49 ,
17/09/2023,10. Aug'23 to Oct'23,Q4 - 2023,Bank Charges,Wise Charges for: CARD-948827986, 0.09 , -   , 0.09 ,
23/09/2023,10. Aug'23 to Oct'23,Q4 - 2023,Bank Charges,Wise Charges for: CARD-961770345, 0.14 , -   , 0.14 ,
05/10/2023,10. Aug'23 to Oct'23,Q4 - 2023,Bank Charges,CHARGES               COMMISSION FOR   PERIOD, 8.50 , -   , 8.50 ,
10/10/2023,10. Aug'23 to Oct'23,Q4 - 2023,Bank Charges,Wise Charges for: CARD-996981934, 0.56 , -   , 0.56 ,
31/10/2023,10. Aug'23 to Oct'23,Q4 - 2023,BARK.COM GLOBAL LIMITED,Bark.com - Bark.com, 179.82 , 29.97 , 149.85 ,
21/05/2023,10. Aug'23 to Oct'23,Q4 - 2023,BELGIAN CHIP STATION LTD,Card transaction of GBP issued by Belgian Chip Station Southend-on-S, 4.50 , -   , 4.50 ,
21/05/2023,10. Aug'23 to Oct'23,Q4 - 2023,BELGIAN CHIP STATION LTD,Card transaction of GBP issued by Belgian Chip Station Southend-on-S, 6.37 , -   , 6.37 ,
21/05/2023,10. Aug'23 to Oct'23,Q4 - 2023,BELGIAN CHIP STATION LTD,Card transaction of GBP issued by Belgian Chip Station Southend-on-S, 1.50 , -   , 1.50 ,
14/08/2023,10. Aug'23 to Oct'23,Q4 - 2023,BLUE BIRD HOUSING LTD,BLUE BIRD HOUSING        TX243 STO," 1,458.33 ", 243.06 ," 1,215.27 ",
12/09/2023,10. Aug'23 to Oct'23,Q4 - 2023,BLUE BIRD HOUSING LTD,BLUE BIRD HOUSING        TX243 STO," 1,458.33 ", 243.06 ," 1,215.27 ",
12/10/2023,10. Aug'23 to Oct'23,Q4 - 2023,BLUE BIRD HOUSING LTD,BLUE BIRD HOUSING        TX243 STO," 1,458.33 ", 243.06 ," 1,215.27 ",
24/05/2023,10. Aug'23 to Oct'23,Q4 - 2023,BOOTS UK LIMITED,"Card transaction of GBP issued by Boots, LONDON", 4.80 , 0.80 , 4.00 ,
14/06/2023,10. Aug'23 to Oct'23,Q4 - 2023,BRITANNIA PARKING LIMITED,Card transaction of GBP issued by Britannia Parking ROMFORD, 1.50 , 0.25 , 1.25 ,
01/08/2023,10. Aug'23 to Oct'23,Q4 - 2023,British Red Cross,BRITISH RED CROSS        AS8788335 DDR, 10.00 , -   , 10.00 ,
01/09/2023,10. Aug'23 to Oct'23,Q4 - 2023,British Red Cross,BRITISH RED CROSS        AS8788335 DDR, 10.00 , -   , 10.00 ,
02/10/2023,10. Aug'23 to Oct'23,Q4 - 2023,British Red Cross,BRITISH RED CROSS        AS8788335 DDR, 10.00 , -   , 10.00 ,
13/05/2023,10. Aug'23 to Oct'23,Q4 - 2023,Burger King,Card transaction of GBP issued by Burger King Rivington BOLTON, 3.29 , -   , 3.29 ,
14/05/2023,10. Aug'23 to Oct'23,Q4 - 2023,Burger King,Card transaction of GBP issued by Burger King STANSTED, 8.34 , -   , 8.34 ,
07/09/2023,10. Aug'23 to Oct'23,Q4 - 2023,Cafe Ila ILFORD,Card transaction of GBP issued by Cafe Ila ILFORD, 3.20 , -   , 3.20 ,
23/05/2023,10. Aug'23 to Oct'23,Q4 - 2023,Car Park Charges EDINBURGH,Card transaction of GBP issued by Car Park Charges EDINBURGH, 1.50 , 0.25 , 1.25 ,
31/10/2023,10. Aug'23 to Oct'23,Q4 - 2023,CASTLE WATER LTD,Castle Water Ltd - Castle Water Ltd, 148.72 , -   , 148.72 ,
12/09/2023,10. Aug'23 to Oct'23,Q4 - 2023,CDER GROUP LIMITED,CDER GROUP LIMITED       ON 11 SEP BDC," 1,839.45 ", -   ," 1,839.45 ",
17/03/2023,10. Aug'23 to Oct'23,Q4 - 2023,ChatGPT,Card transaction of USD issued by Chatgpt Subscription +, 16.49 , -   , 16.49 ,
17/04/2023,10. Aug'23 to Oct'23,Q4 - 2023,ChatGPT,Card transaction of USD issued by Chatgpt Subscription +, 16.12 , -   , 16.12 ,
17/05/2023,10. Aug'23 to Oct'23,Q4 - 2023,ChatGPT,Card transaction of USD issued by Chatgpt Subscription +, 19.24 , -   , 19.24 ,
17/06/2023,10. Aug'23 to Oct'23,Q4 - 2023,ChatGPT,Card transaction of USD issued by Chatgpt Subscription +, 18.71 , -   , 18.71 ,
17/07/2023,10. Aug'23 to Oct'23,Q4 - 2023,ChatGPT,Card transaction of USD issued by Chatgpt Subscription +, 18.38 , -   , 18.38 ,
17/08/2023,10. Aug'23 to Oct'23,Q4 - 2023,ChatGPT,Card transaction of USD issued by Chatgpt Subscription +, 18.79 , -   , 18.79 ,
17/09/2023,10. Aug'23 to Oct'23,Q4 - 2023,ChatGPT,Card transaction of USD issued by Chatgpt Subscription +, 19.38 , -   , 19.38 ,
16/06/2023,10. Aug'23 to Oct'23,Q4 - 2023,Chopstix - Romford,Card transaction of GBP issued by Chopstix WALTHAMSTOW, 20.57 , -   , 20.57 ,
29/08/2023,10. Aug'23 to Oct'23,Q4 - 2023,Chopstix - Romford,Card transaction of GBP issued by Chopstix ROMFORD, 12.69 , -   , 12.69 ,
12/06/2023,10. Aug'23 to Oct'23,Q4 - 2023,CitiPark Clements Road,Card transaction of GBP issued by Citipark Clements Rd ILFORD, 1.20 , 0.20 , 1.00 ,
02/05/2023,10. Aug'23 to Oct'23,Q4 - 2023,CITY PLUMBING SUPPLIES HOLDINGS LIMITED,Card transaction of GBP issued by City Plumbing Supplies ROMFORD, 2.22 , -   , 2.22 ,
04/04/2023,10. Aug'23 to Oct'23,Q4 - 2023,Clerky,"Card transaction of USD issued by Clerky, Inc. Burlingame", 638.97 , -   , 638.97 ,
17/04/2023,10. Aug'23 to Oct'23,Q4 - 2023,CLOUDWAYSLTD,Card transaction of USD issued by Cloudwaysltd Mosta, 51.32 , -   , 51.32 ,
13/05/2023,10. Aug'23 to Oct'23,Q4 - 2023,CLOUDWAYSLTD,Card transaction of USD issued by Cloudwaysltd Mosta, 107.91 , -   , 107.91 ,
14/06/2023,10. Aug'23 to Oct'23,Q4 - 2023,CLOUDWAYSLTD,Card transaction of USD issued by Cloudwaysltd Mosta, 109.69 , -   , 109.69 ,
13/07/2023,10. Aug'23 to Oct'23,Q4 - 2023,CLOUDWAYSLTD,Card transaction of USD issued by Cloudwaysltd Mosta, 106.50 , -   , 106.50 ,
16/08/2023,10. Aug'23 to Oct'23,Q4 - 2023,CLOUDWAYSLTD,Card transaction of USD issued by Cloudwaysltd Mosta, 109.07 , -   , 109.07 ,
14/09/2023,10. Aug'23 to Oct'23,Q4 - 2023,CLOUDWAYSLTD,Card transaction of USD issued by Cloudwaysltd Mosta, 111.74 , -   , 111.74 ,
10/10/2023,10. Aug'23 to Oct'23,Q4 - 2023,CLOUDWAYSLTD,Card transaction of USD issued by Cloudwaysltd Mosta, 126.16 , -   , 126.16 ,
31/10/2023,10. Aug'23 to Oct'23,Q4 - 2023,COMPANIESMADESIMPLE LIMITED,COMPANIES MADE SIM       ON 30 OCT BDC, 19.58 , -   , 19.58 ,
18/09/2023,10. Aug'23 to Oct'23,Q4 - 2023,COOPER DAVIS ASSOCIATES LIMITED,COOPER DAVIS ASSOC       GUARDIANFM BBP, 132.00 , 22.00 , 110.00 ,
01/09/2023,10. Aug'23 to Oct'23,Q4 - 2023,Cornwall Council Parkn TRURO,Card transaction of GBP issued by Cornwall Council Parkn TRURO, 4.40 , 0.73 , 3.67 ,
22/09/2023,10. Aug'23 to Oct'23,Q4 - 2023,COSTA COFFEE,Card transaction of GBP issued by Costa Coffee  CHELMSFORD, 19.15 , -   , 19.15 ,
30/10/2023,10. Aug'23 to Oct'23,Q4 - 2023,COSTA COFFEE,COSTA COFFEE 43010       ON 29 OCT CLP, 43.95 , -   , 43.95 ,
23/09/2023,10. Aug'23 to Oct'23,Q4 - 2023,Costa Goodmayes ESSEX,Card transaction of GBP issued by Costa Goodmayes ESSEX, 3.20 , -   , 3.20 ,
05/09/2023,10. Aug'23 to Oct'23,Q4 - 2023,Costcutter,Card transaction of GBP issued by Costcutter ROMFORD, 1.39 , -   , 1.39 ,
07/09/2023,10. Aug'23 to Oct'23,Q4 - 2023,Costcutter,Card transaction of GBP issued by Costcutter ROMFORD, 3.78 , -   , 3.78 ,
29/09/2023,10. Aug'23 to Oct'23,Q4 - 2023,Costcutter,Card transaction of GBP issued by Costcutter ROMFORD, 5.67 , -   , 5.67 ,
18/09/2023,10. Aug'23 to Oct'23,Q4 - 2023,coursera,COURSRA*43JXOK2MDH    NETHERLANDS   ON 15 SEP, 38.00 , -   , 38.00 ,
17/10/2023,10. Aug'23 to Oct'23,Q4 - 2023,coursera,COURSRA*43JXOK2MDH    NETHERLANDS   ON 15 OCT, 38.00 , -   , 38.00 ,
07/08/2023,10. Aug'23 to Oct'23,Q4 - 2023,CURRYS,CURRYS 3408379511        CURRYS 3408379511 DDR, 18.00 , 3.00 , 15.00 ,
05/09/2023,10. Aug'23 to Oct'23,Q4 - 2023,CURRYS,CURRYS 3408379511        CURRYS 3408379511 DDR, 18.00 , -   , 18.00 ,
06/10/2023,10. Aug'23 to Oct'23,Q4 - 2023,CURRYS,CURRYS 3408379511        CURRYS 3408379511 DDR, 18.00 , -   , 18.00 ,
13/04/2023,10. Aug'23 to Oct'23,Q4 - 2023,Debt Recovery Plus Ltd DUKINFIELD,Card transaction of GBP issued by Debt Recovery Plus Ltd DUKINFIELD, 144.00 , -   , 144.00 ,
06/09/2023,10. Aug'23 to Oct'23,Q4 - 2023,Deliveroo London,Card transaction of GBP issued by Deliveroo +, 16.92 , -   , 16.92 ,
04/08/2023,10. Aug'23 to Oct'23,Q4 - 2023,DETAILORS PAKISTAN,DETAILORS             PAKISTAN   AMOUNT IN PKR, 16.32 , -   , 16.32 ,
31/10/2023,10. Aug'23 to Oct'23,Q4 - 2023,Dropbox,Dropbox - Dropbox, 29.97 , 4.99 , 24.98 ,
08/09/2023,10. Aug'23 to Oct'23,Q4 - 2023,Dunelm Soft,Card transaction of GBP issued by Dunelm Soft Furnishings Leicester, 132.00 , 22.00 , 110.00 ,
01/08/2023,10. Aug'23 to Oct'23,Q4 - 2023,DVLA VECHICLE TAX,DVLA-VX71XUF             000000000055494130 DD, 45.50 , -   , 45.50 ,
01/09/2023,10. Aug'23 to Oct'23,Q4 - 2023,DVLA VECHICLE TAX,DVLA-VX71XUF             000000000055494130 DD, 45.50 , -   , 45.50 ,
02/10/2023,10. Aug'23 to Oct'23,Q4 - 2023,DVLA VECHICLE TAX,DVLA-VX71XUF             000000000055494130 DD, 45.50 , -   , 45.50 ,
04/09/2023,10. Aug'23 to Oct'23,Q4 - 2023,dxb trip,BKG*HOTEL AT BOOKI       ON 02 SEP BDC, 180.00 , -   , 180.00 ,
21/09/2023,10. Aug'23 to Oct'23,Q4 - 2023,EALING.GOV.UK,WWW.EALING.GOV.UK        ON 20 SEP BDC, 65.00 , -   , 65.00 ,
30/10/2023,10. Aug'23 to Oct'23,Q4 - 2023,EALING.GOV.UK,WWW.EALING.GOV.UK        ON 28 OCT BDC, 110.00 , -   , 110.00 ,
04/10/2023,10. Aug'23 to Oct'23,Q4 - 2023,Ebay,Card transaction of GBP issued by Ebay O*-- LONDON, 7.49 , -   , 7.49 ,
08/10/2023,10. Aug'23 to Oct'23,Q4 - 2023,Ebay,Card transaction of GBP issued by Ebay O*-- LONDON, 15.94 , -   , 15.94 ,
02/10/2023,10. Aug'23 to Oct'23,Q4 - 2023,ecomwebsite,ECOMMERCENOMADS.NE       ON 30 SEP BDC, 44.10 , -   , 44.10 ,
31/10/2023,10. Aug'23 to Oct'23,Q4 - 2023,EE LIMITED,EE Limited - EE Limited, 417.00 , 69.50 , 347.50 ,
09/08/2023,10. Aug'23 to Oct'23,Q4 - 2023,EMAC LTD,EMAC LTD                 SPLAN 122M90 DDR, 21.33 , 3.56 , 17.77 ,
11/09/2023,10. Aug'23 to Oct'23,Q4 - 2023,EMAC LTD,EMAC LTD                 SPLAN 122M90 DDR, 21.33 , 3.56 , 17.77 ,
09/10/2023,10. Aug'23 to Oct'23,Q4 - 2023,EMAC LTD,EMAC LTD                 SPLAN 122M90 DDR, 21.33 , 3.56 , 17.77 ,
14/09/2023,10. Aug'23 to Oct'23,Q4 - 2023,Envato AUSTRALIA,Envato                AUSTRALIA   AMOUNT IN EU, 184.81 , -   , 184.81 ,
09/10/2023,10. Aug'23 to Oct'23,Q4 - 2023,ESET.com UK,ESET.com UK              ON 06 OCT BDC, 39.99 , -   , 39.99 ,
23/10/2023,10. Aug'23 to Oct'23,Q4 - 2023,ESSO,ESSO VIVA SSTN           ON 21 OCT CLP, 153.40 , 25.57 , 127.83 ,
13/05/2023,10. Aug'23 to Oct'23,Q4 - 2023,Eurogarages T/a Rivington BOLTON,Card transaction of GBP issued by Eurogarages T/a Rivington BOLTON, 5.18 , 0.86 , 4.32 ,
13/06/2023,10. Aug'23 to Oct'23,Q4 - 2023,Excel Parking SHEFFIELD,Card transaction of GBP issued by Excel Parking SHEFFIELD, 1.00 , 0.17 , 0.83 ,
12/09/2023,10. Aug'23 to Oct'23,Q4 - 2023,EZVIZ,PAYPAL *EZVIZ INC     USA   ON 09 SEP CPM, 74.99 , -   , 74.99 ,
07/08/2023,10. Aug'23 to Oct'23,Q4 - 2023,FAB4 SECURITY LTD,FAB4 SECURITY LTD        AS INVOICED BBP," 10,560.44 "," 1,760.07 "," 8,800.37 ",
27/09/2023,10. Aug'23 to Oct'23,Q4 - 2023,FAB4 SECURITY LTD,FAB4 SECURITY LTD        AS INVOICED BBP," 20,897.51 "," 3,482.92 "," 17,414.59 ",
31/10/2023,10. Aug'23 to Oct'23,Q4 - 2023,FAB4 SECURITY LTD,FAB4 Security Ltd - FAB4 Security Ltd," 24,205.69 "," 4,034.28 "," 20,171.41 ",
31/10/2023,10. Aug'23 to Oct'23,Q4 - 2023,First Allied Facilities Ltd,First Allied Facility - First Allied Facility," 10,291.78 "," 1,715.30 "," 8,576.48 ",
01/09/2023,10. Aug'23 to Oct'23,Q4 - 2023,First Choice FM Ltd,First Choice - Invoice," 2,000.00 ", 333.33 ," 1,666.67 ",
31/10/2023,10. Aug'23 to Oct'23,Q4 - 2023,First4Freelancers Ltd,First4Freelancers - First4Freelancers," 207,285.70 "," 34,547.62 "," 172,738.08 ",
01/08/2023,10. Aug'23 to Oct'23,Q4 - 2023,First4Freelancers Ltd,First4Freelancers - Credit note issued," (19,355.00)"," (3,225.83)"," (16,129.17)",
03/04/2023,10. Aug'23 to Oct'23,Q4 - 2023,FIVERR,Card transaction of USD issued by Fiverreu Nicosia, 118.69 , -   , 118.69 ,
04/04/2023,10. Aug'23 to Oct'23,Q4 - 2023,FIVERR,Card transaction of GBP issued by Fiverreu Nicosia, 19.74 , -   , 19.74 ,
01/08/2023,10. Aug'23 to Oct'23,Q4 - 2023,FIVERR,www.fiverr.com        CYPRUS   AMOUNT IN USD   1, 12.74 , -   , 12.74 ,
23/08/2023,10. Aug'23 to Oct'23,Q4 - 2023,FIVERR,FiverrEU              CYPRUS   AMOUNT IN USD   1, 123.69 , -   , 123.69 ,
23/08/2023,10. Aug'23 to Oct'23,Q4 - 2023,FIVERR,FiverrEU              CYPRUS   AMOUNT IN USD   1, 85.30 , -   , 85.30 ,
25/08/2023,10. Aug'23 to Oct'23,Q4 - 2023,FIVERR,FiverrEU              CYPRUS   AMOUNT IN USD   1, 116.25 , -   , 116.25 ,
09/10/2023,10. Aug'23 to Oct'23,Q4 - 2023,FIVERR,www.fiverr.com        CYPRUS   AMOUNT IN USD   3, 335.79 , -   , 335.79 ,
24/08/2023,10. Aug'23 to Oct'23,Q4 - 2023,FORTUNA.BAMBACH,FORTUNA.BAMBACH         ENFIELD, 261.52 , -   , 261.52 ,
10/10/2023,10. Aug'23 to Oct'23,Q4 - 2023,FOUNDERSCARD,FOUNDERSCARD          USA   AMOUNT IN USD   295., 250.42 , -   , 250.42 ,
09/09/2023,10. Aug'23 to Oct'23,Q4 - 2023,Four Seasons Home Garde Clacton-on-Se,Card transaction of GBP issued by Four Seasons Home Garde Clacton-on-Se, 10.00 , -   , 10.00 ,
17/03/2023,10. Aug'23 to Oct'23,Q4 - 2023,Fund Transfer,GUARDIANFM LTD           BILLS BBP," (4,500.00)", (750.00)," (3,750.00)",
04/09/2023,10. Aug'23 to Oct'23,Q4 - 2023,GALAXY GUARDS LTD,Sent money to GALAXY GUARDS LTD, 484.80 , -   , 484.80 ,
23/06/2023,10. Aug'23 to Oct'23,Q4 - 2023,Gbx*Ukim Peterborough Peterborough,Card transaction of GBP issued by Gbx*Ukim Peterborough Peterborough, 5.00 , -   , 5.00 ,
31/10/2023,10. Aug'23 to Oct'23,Q4 - 2023,GETADDRESS.IO,Getaddress - Getaddress, 90.00 , 15.00 , 75.00 ,
10/05/2023,10. Aug'23 to Oct'23,Q4 - 2023,Gidea Park Groceries ESSEX,Card transaction of GBP issued by Gidea Park Groceries ESSEX, 5.99 , -   , 5.99 ,
17/05/2023,10. Aug'23 to Oct'23,Q4 - 2023,Gidea Park Groceries ESSEX,Card transaction of GBP issued by Gidea Park Groceries ESSEX, 7.19 , -   , 7.19 ,
19/05/2023,10. Aug'23 to Oct'23,Q4 - 2023,Gidea Park Groceries ESSEX,Card transaction of GBP issued by Gidea Park Groceries ESSEX, 10.00 , -   , 10.00 ,
22/05/2023,10. Aug'23 to Oct'23,Q4 - 2023,Gidea Park Groceries ESSEX,Card transaction of GBP issued by Gidea Park Groceries ESSEX, 5.99 , -   , 5.99 ,
23/05/2023,10. Aug'23 to Oct'23,Q4 - 2023,Gidea Park Groceries ESSEX,Card transaction of GBP issued by Gidea Park Groceries ESSEX, 7.98 , -   , 7.98 ,
25/05/2023,10. Aug'23 to Oct'23,Q4 - 2023,Gidea Park Groceries ESSEX,Card transaction of GBP issued by Gidea Park Groceries ESSEX, 3.00 , -   , 3.00 ,
22/06/2023,10. Aug'23 to Oct'23,Q4 - 2023,Gidea Park Groceries ESSEX,Card transaction of GBP issued by Gidea Park Groceries ESSEX, 5.99 , -   , 5.99 ,
25/06/2023,10. Aug'23 to Oct'23,Q4 - 2023,Gidea Park Groceries ESSEX,Card transaction of GBP issued by Gidea Park Groceries ESSEX, 8.49 , -   , 8.49 ,
28/06/2023,10. Aug'23 to Oct'23,Q4 - 2023,Gidea Park Groceries ESSEX,Card transaction of GBP issued by Gidea Park Groceries ESSEX, 11.46 , -   , 11.46 ,
04/09/2023,10. Aug'23 to Oct'23,Q4 - 2023,Gidea Park Groceries ESSEX,Card transaction of GBP issued by Gidea Park Groceries ESSEX, 8.66 , -   , 8.66 ,
24/09/2023,10. Aug'23 to Oct'23,Q4 - 2023,Gidea Park Groceries ESSEX,Card transaction of GBP issued by Gidea Park Groceries ESSEX, 16.68 , -   , 16.68 ,
26/09/2023,10. Aug'23 to Oct'23,Q4 - 2023,Gidea Park Groceries ESSEX,Card transaction of GBP issued by Gidea Park Groceries ESSEX, 5.97 , -   , 5.97 ,
04/10/2023,10. Aug'23 to Oct'23,Q4 - 2023,Gidea Park Groceries ESSEX,Card transaction of GBP issued by Gidea Park Groceries ESSEX, 1.20 , -   , 1.20 ,
08/10/2023,10. Aug'23 to Oct'23,Q4 - 2023,Gidea Park Groceries ESSEX,Card transaction of GBP issued by Gidea Park Groceries ESSEX, 6.49 , -   , 6.49 ,
08/10/2023,10. Aug'23 to Oct'23,Q4 - 2023,Gidea Park Groceries ESSEX,Card transaction of GBP issued by Gidea Park Groceries ESSEX, 5.19 , -   , 5.19 ,
31/10/2023,10. Aug'23 to Oct'23,Q4 - 2023,GODADDY,DNH Go Daddy - DNH Go Daddy, 349.21 , 58.20 , 291.01 ,
24/08/2023,10. Aug'23 to Oct'23,Q4 - 2023,Gokyuzu walthamsto,Gokyuzu walthamsto       ON 23 AUG CLP, 83.65 , -   , 83.65 ,
02/08/2023,10. Aug'23 to Oct'23,Q4 - 2023,GOOGLE,PAYPAL *GOOGLE YOU       ON 01 AUG BDC, 11.99 , -   , 11.99 ,
04/09/2023,10. Aug'23 to Oct'23,Q4 - 2023,GOOGLE,PAYPAL *GOOGLE YOU       ON 01 SEP BDC, 11.99 , -   , 11.99 ,
02/10/2023,10. Aug'23 to Oct'23,Q4 - 2023,GOOGLE,PAYPAL *GOOGLE YOU       ON 01 OCT BDC, 12.99 , -   , 12.99 ,
16/05/2023,10. Aug'23 to Oct'23,Q4 - 2023,Greens Local WOODFORD GREE,Card transaction of GBP issued by Greens Local WOODFORD GREE, 4.75 , -   , 4.75 ,
03/10/2023,10. Aug'23 to Oct'23,Q4 - 2023,Hakkasan Limited,Hakkasan Limited         ON 02 OCT CLP, 66.63 , -   , 66.63 ,
21/06/2023,10. Aug'23 to Oct'23,Q4 - 2023,Hale Village Leytonstone,Card transaction of GBP issued by Hale Village Leytonstone, 1.50 , -   , 1.50 ,
26/06/2023,10. Aug'23 to Oct'23,Q4 - 2023,Havering Islamic Centre Romford,Card transaction of GBP issued by Havering Islamic Centre Romford, 15.00 , -   , 15.00 ,
25/08/2023,10. Aug'23 to Oct'23,Q4 - 2023,Havering Islamic Centre Romford,Card transaction of GBP issued by Havering Islamic Centre Romford, 10.00 , -   , 10.00 ,
08/09/2023,10. Aug'23 to Oct'23,Q4 - 2023,Havering Islamic Centre Romford,Card transaction of GBP issued by Havering Islamic Centre Romford, 20.00 , -   , 20.00 ,
14/09/2023,10. Aug'23 to Oct'23,Q4 - 2023,Havering Islamic Centre Romford,Card transaction of GBP issued by Havering Islamic Centre Romford, 20.00 , -   , 20.00 ,
17/09/2023,10. Aug'23 to Oct'23,Q4 - 2023,Havering Islamic Centre Romford,Card transaction of GBP issued by Havering Islamic Centre Romford, 20.00 , -   , 20.00 ,
18/09/2023,10. Aug'23 to Oct'23,Q4 - 2023,Havering Islamic Centre Romford,Card transaction of GBP issued by Havering Islamic Centre Romford, 5.00 , -   , 5.00 ,
22/09/2023,10. Aug'23 to Oct'23,Q4 - 2023,Havering Islamic Centre Romford,Card transaction of GBP issued by Havering Islamic Centre Romford, 101.00 , -   , 101.00 ,
28/09/2023,10. Aug'23 to Oct'23,Q4 - 2023,Havering Islamic Centre Romford,Card transaction of GBP issued by Havering Islamic Centre Romford, 20.00 , -   , 20.00 ,
30/09/2023,10. Aug'23 to Oct'23,Q4 - 2023,Havering Islamic Centre Romford,Card transaction of GBP issued by Havering Islamic Centre Romford, 20.00 , -   , 20.00 ,
06/10/2023,10. Aug'23 to Oct'23,Q4 - 2023,Havering Islamic Centre Romford,Card transaction of GBP issued by Havering Islamic Centre Romford, 20.00 , -   , 20.00 ,
10/10/2023,10. Aug'23 to Oct'23,Q4 - 2023,Havering Islamic Centre Romford,Card transaction of GBP issued by Havering Islamic Centre Romford, 5.00 , -   , 5.00 ,
13/10/2023,10. Aug'23 to Oct'23,Q4 - 2023,Havering Islamic Centre Romford,Card transaction of GBP issued by Havering Islamic Centre Romford, 20.00 , -   , 20.00 ,
07/08/2023,10. Aug'23 to Oct'23,Q4 - 2023,HMCOURTS-SVS.GOV.U,HMCOURTS-SVS.GOV.U       ON 05 AUG BDC, 100.00 , -   , 100.00 ,
30/08/2023,10. Aug'23 to Oct'23,Q4 - 2023,HMCOURTS-SVS.GOV.U,HMCOURTS-SVS.GOV.U       ON 29 AUG BDC, 200.00 , -   , 200.00 ,
02/10/2023,10. Aug'23 to Oct'23,Q4 - 2023,HMCOURTS-SVS.GOV.U,HMCOURTS-SVS.GOV.U       ON 01 OCT BDC, 100.00 , -   , 100.00 ,
15/05/2023,10. Aug'23 to Oct'23,Q4 - 2023,Hyderabadi Spice LONDON,Card transaction of GBP issued by Hyderabadi Spice LONDON, 25.50 , -   , 25.50 ,
03/10/2023,10. Aug'23 to Oct'23,Q4 - 2023,INTUIT LIMITED,INTUIT LIMITED           00017NGNU0O4Q-00RT DD, 8.40 , -   , 8.40 ,
31/10/2023,10. Aug'23 to Oct'23,Q4 - 2023,INTUIT LIMITED,Intuit Limited - Intuit Limited, 16.80 , 2.80 , 14.00 ,
30/10/2023,10. Aug'23 to Oct'23,Q4 - 2023,JUNGLE SCOUT USA,JUNGLE SCOUT          USA   AMOUNT IN USD   589., 500.04 , -   , 500.04 ,
01/09/2023,10. Aug'23 to Oct'23,Q4 - 2023,Kashing*Newquaytowncou Newquay,Card transaction of GBP issued by Kashing*Newquaytowncou Newquay, 0.50 , -   , 0.50 ,
22/06/2023,10. Aug'23 to Oct'23,Q4 - 2023,Kfc ESSEX,Card transaction of GBP issued by Kfc ESSEX, 2.98 , -   , 2.98 ,
17/10/2023,10. Aug'23 to Oct'23,Q4 - 2023,Khyber Grill London Ilford,Khyber Grill Londo       ON 16 OCT CLP, 67.00 , -   , 67.00 ,
30/10/2023,10. Aug'23 to Oct'23,Q4 - 2023,Khyber Grill London Ilford,Khyber Grill Londo       ON 28 OCT CLP, 149.00 , -   , 149.00 ,
08/09/2023,10. Aug'23 to Oct'23,Q4 - 2023,Khyber Grill London Ilford,Card transaction of GBP issued by Khyber Grill London Ilford, 101.50 , -   , 101.50 ,
21/09/2023,10. Aug'23 to Oct'23,Q4 - 2023,Khyber Grill London Ilford,Card transaction of GBP issued by Khyber Grill London Ilford, 80.00 , -   , 80.00 ,
19/09/2023,10. Aug'23 to Oct'23,Q4 - 2023,LBWF,LBWF NSL PARKING P       ON 18 SEP BDC, 65.00 , -   , 65.00 ,
23/08/2023,10. Aug'23 to Oct'23,Q4 - 2023,LEARNDASH.COM,LEARNDASH.COM         USA   AMOUNT IN USD   189., 152.82 , -   , 152.82 ,
30/08/2023,10. Aug'23 to Oct'23,Q4 - 2023,Leigh Delamere S/w Cos WILTSHIRE,Card transaction of GBP issued by Leigh Delamere S/w Cos WILTSHIRE, 11.15 , -   , 11.15 ,
30/08/2023,10. Aug'23 to Oct'23,Q4 - 2023,Leigh Delamere S/w Cos WILTSHIRE,Card transaction of GBP issued by Leigh Delamere S/w Cos WILTSHIRE, 8.24 , -   , 8.24 ,
07/08/2023,10. Aug'23 to Oct'23,Q4 - 2023,LINKEDIN LTD,LINKEDIN *29551210    IRELAND   ON 05 AUG BDC, 69.98 , -   , 69.98 ,
15/08/2023,10. Aug'23 to Oct'23,Q4 - 2023,LINKEDIN LTD,LINKEDIN SN *31933    IRELAND   ON 14 AUG BDC, 95.99 , -   , 95.99 ,
06/09/2023,10. Aug'23 to Oct'23,Q4 - 2023,LINKEDIN LTD,LINKEDIN SN *38369    IRELAND   ON 05 SEP BDC, 69.98 , -   , 69.98 ,
07/09/2023,10. Aug'23 to Oct'23,Q4 - 2023,LINKEDIN LTD,LinkedIn JOB 93882    IRELAND   ON 06 SEP CPM, 146.80 , -   , 146.80 ,
15/09/2023,10. Aug'23 to Oct'23,Q4 - 2023,LINKEDIN LTD,LINKEDIN SN *70059    IRELAND   ON 14 SEP BDC, 95.99 , -   , 95.99 ,
06/10/2023,10. Aug'23 to Oct'23,Q4 - 2023,LINKEDIN LTD,LINKEDIN SN *48536    IRELAND   ON 05 OCT BDC, 69.98 , -   , 69.98 ,
16/10/2023,10. Aug'23 to Oct'23,Q4 - 2023,LINKEDIN LTD,LINKEDIN SN *51655    IRELAND   ON 14 OCT BDC, 95.99 , -   , 95.99 ,
25/07/2023,10. Aug'23 to Oct'23,Q4 - 2023,LONDON CAMDEN LIMITED,L B CAMDEN INT           ON 24 JUL BDC, 65.00 , -   , 65.00 ,
02/05/2023,10. Aug'23 to Oct'23,Q4 - 2023,Lucid Coffee Cakes Ilford,Card transaction of GBP issued by Lucid Coffee Cakes Ilford, 12.50 , -   , 12.50 ,
19/05/2023,10. Aug'23 to Oct'23,Q4 - 2023,Mannoush Lebanse Resta LONDON,Card transaction of GBP issued by Mannoush Lebanse Resta LONDON  E, 15.00 , -   , 15.00 ,
07/06/2023,10. Aug'23 to Oct'23,Q4 - 2023,Mannoush Lebanse Resta LONDON,Card transaction of GBP issued by Mannoush Lebanse Resta LONDON  E, 20.00 , -   , 20.00 ,
24/08/2023,10. Aug'23 to Oct'23,Q4 - 2023,MAXIM SOLICITORS,MAXIM SOLICITORS L       RM3 OFFICE BBP," 11,015.31 ", -   ," 11,015.31 ",
01/10/2023,10. Aug'23 to Oct'23,Q4 - 2023,MAYFAIR SECURITY LIMITED,Mayfair - Invoice," 20,830.50 "," 3,471.75 "," 17,358.75 ",
03/06/2023,10. Aug'23 to Oct'23,Q4 - 2023,McCullagh Security Consultancy Ltd,Sent money to McCullagh Security Consultancy Ltd, 112.50 , -   , 112.50 ,
08/09/2023,10. Aug'23 to Oct'23,Q4 - 2023,Mcdonalds ROMFORD,Card transaction of GBP issued by Mcdonalds ROMFORD, 19.23 , -   , 19.23 ,
18/09/2023,10. Aug'23 to Oct'23,Q4 - 2023,MFG FARINGDON,MFG FARINGDON            ON 15 SEP CLP, 79.98 , 13.33 , 66.65 ,
11/09/2023,10. Aug'23 to Oct'23,Q4 - 2023,Mfg Faringdon ROMFORD,Card transaction of GBP issued by Mfg Faringdon ROMFORD, 2.90 , -   , 2.90 ,
12/09/2023,10. Aug'23 to Oct'23,Q4 - 2023,Mfg Faringdon ROMFORD,Card transaction of GBP issued by Mfg Faringdon ROMFORD, 25.01 , 4.17 , 20.84 ,
18/09/2023,10. Aug'23 to Oct'23,Q4 - 2023,Mfg Faringdon ROMFORD,Card transaction of GBP issued by Mfg Faringdon ROMFORD, 6.95 , 1.16 , 5.79 ,
21/09/2023,10. Aug'23 to Oct'23,Q4 - 2023,Mfg Faringdon ROMFORD,Card transaction of GBP issued by Mfg Faringdon ROMFORD, 3.30 , 0.55 , 2.75 ,
26/09/2023,10. Aug'23 to Oct'23,Q4 - 2023,Mfg Faringdon ROMFORD,Card transaction of GBP issued by Mfg Faringdon ROMFORD, 4.03 , 0.67 , 3.36 ,
28/09/2023,10. Aug'23 to Oct'23,Q4 - 2023,Mfg Faringdon ROMFORD,Card transaction of GBP issued by Mfg Faringdon ROMFORD, 6.18 , 1.03 , 5.15 ,
05/10/2023,10. Aug'23 to Oct'23,Q4 - 2023,Mfg Faringdon ROMFORD,Card transaction of GBP issued by Mfg Faringdon ROMFORD, 5.47 , 0.91 , 4.56 ,
05/10/2023,10. Aug'23 to Oct'23,Q4 - 2023,Mfg Faringdon ROMFORD,Card transaction of GBP issued by Mfg Faringdon ROMFORD, 6.80 , 1.13 , 5.67 ,
06/10/2023,10. Aug'23 to Oct'23,Q4 - 2023,Mfg Faringdon ROMFORD,Card transaction of GBP issued by Mfg Faringdon ROMFORD, 7.74 , 1.29 , 6.45 ,
09/07/2023,10. Aug'23 to Oct'23,Q4 - 2023,Mfg Hornchurch HORNCHURCH,Card transaction of GBP issued by Mfg Hornchurch HORNCHURCH, 13.24 , 2.21 , 11.03 ,
09/07/2023,10. Aug'23 to Oct'23,Q4 - 2023,Mfg Hornchurch HORNCHURCH,Card transaction of GBP issued by Mfg Hornchurch HORNCHURCH, 2.50 , 0.42 , 2.08 ,
31/10/2023,10. Aug'23 to Oct'23,Q4 - 2023,MICROSOFT LIMITED,MSFT - MSFT, 362.79 , 60.46 , 302.33 ,
21/08/2023,10. Aug'23 to Oct'23,Q4 - 2023,MIDJOURNEY INC.,MIDJOURNEY INC.       USA   AMOUNT IN USD   12.0, 9.72 , -   , 9.72 ,
20/09/2023,10. Aug'23 to Oct'23,Q4 - 2023,MIDJOURNEY INC.,MIDJOURNEY INC.       USA   AMOUNT IN USD   12.0, 9.97 , -   , 9.97 ,
20/10/2023,10. Aug'23 to Oct'23,Q4 - 2023,MIDJOURNEY INC.,MIDJOURNEY INC.       USA   AMOUNT IN USD   12.0, 10.16 , -   , 10.16 ,
01/08/2023,10. Aug'23 to Oct'23,Q4 - 2023,Moxie Security Ltd,Moxie Security - Invoice," 3,207.97 ", 534.66 ," 2,673.31 ",
01/09/2023,10. Aug'23 to Oct'23,Q4 - 2023,Moxie Security Ltd,Moxie Security - Invoice," 4,477.20 ", 746.20 ," 3,731.00 ",
01/10/2023,10. Aug'23 to Oct'23,Q4 - 2023,Moxie Security Ltd,Moxie Security - Invoice," 2,781.60 ", 534.66 ," 2,246.94 ",
31/10/2023,10. Aug'23 to Oct'23,Q4 - 2023,Mughal Multiple Services Ltd ,Mughal Multiple services - Mughal Multiple services," 11,507.96 "," 1,917.99 "," 9,589.97 ",
07/10/2023,10. Aug'23 to Oct'23,Q4 - 2023,Naan Staap Ilford Ilford,Card transaction of GBP issued by Naan Staap Ilford Ilford, 9.90 , -   , 9.90 ,
07/10/2023,10. Aug'23 to Oct'23,Q4 - 2023,Naan Staap Ilford Ilford,Card transaction of GBP issued by Naan Staap Ilford Ilford, 56.80 , -   , 56.80 ,
08/10/2023,10. Aug'23 to Oct'23,Q4 - 2023,Naan Staap Ilford Ilford,Card transaction of GBP issued by Naan Staap Ilford Ilford, 52.75 , -   , 52.75 ,
31/10/2023,10. Aug'23 to Oct'23,Q4 - 2023,NAME-CHEAP.COM,Name Cheap.com - Name Cheap.com, 12.63 , 2.10 , 10.53 ,
01/08/2023,10. Aug'23 to Oct'23,Q4 - 2023,NDCS,NDCS - NON SUPPORT       PND3137264 DDR, 10.00 , -   , 10.00 ,
01/09/2023,10. Aug'23 to Oct'23,Q4 - 2023,NDCS,NDCS - NON SUPPORT       PND3137264 DDR, 10.00 , -   , 10.00 ,
02/10/2023,10. Aug'23 to Oct'23,Q4 - 2023,NDCS,NDCS - NON SUPPORT       PND3137264 DDR, 10.00 , -   , 10.00 ,
15/05/2023,10. Aug'23 to Oct'23,Q4 - 2023,Nirala LONDON,Card transaction of GBP issued by Nirala LONDON S, 15.50 , -   , 15.50 ,
15/05/2023,10. Aug'23 to Oct'23,Q4 - 2023,Nirala LONDON,Card transaction of GBP issued by Nirala LONDON S, 15.00 , -   , 15.00 ,
19/05/2023,10. Aug'23 to Oct'23,Q4 - 2023,Nisa Corner Ltd Romford,Card transaction of GBP issued by Nisa Corner Ltd Romford, 10.00 , -   , 10.00 ,
31/10/2023,10. Aug'23 to Oct'23,Q4 - 2023,NOVATECH UK LTD,Novatech Ltd - Novatech Ltd, 440.00 , 73.33 , 366.67 ,
23/10/2023,10. Aug'23 to Oct'23,Q4 - 2023,NWL (GROUP) LIMITED,NWL                      ON 20 OCT BDC, 917.82 , -   , 917.82 ,
29/08/2023,10. Aug'23 to Oct'23,Q4 - 2023,Nya*Me Group Internati Epsom,Card transaction of GBP issued by Nya*Me Group Internati Epsom, 3.00 , -   , 3.00 ,
04/05/2023,10. Aug'23 to Oct'23,Q4 - 2023,Oasis Cafe London,Card transaction of GBP issued by Oasis Cafe London, 2.40 , -   , 2.40 ,
04/05/2023,10. Aug'23 to Oct'23,Q4 - 2023,Oasis Cafe London,Card transaction of GBP issued by Oasis Cafe London, 2.80 , -   , 2.80 ,
12/06/2023,10. Aug'23 to Oct'23,Q4 - 2023,Oasis Cafe London,Card transaction of GBP issued by Oasis Cafe London, 4.80 , -   , 4.80 ,
19/06/2023,10. Aug'23 to Oct'23,Q4 - 2023,Oasis Cafe London,Card transaction of GBP issued by Oasis Cafe London, 2.70 , -   , 2.70 ,
09/07/2023,10. Aug'23 to Oct'23,Q4 - 2023,Oncu Food Centre HORNCHURCH,Card transaction of GBP issued by Oncu Food Centre HORNCHURCH, 8.93 , -   , 8.93 ,
09/07/2023,10. Aug'23 to Oct'23,Q4 - 2023,Oncu Food Centre HORNCHURCH,Card transaction of GBP issued by Oncu Food Centre HORNCHURCH, 11.99 , -   , 11.99 ,
31/10/2023,10. Aug'23 to Oct'23,Q4 - 2023,ONE CALL INSURANCE,One Call Insurance - One Call Insurance, 106.28 , -   , 106.28 ,
31/10/2023,10. Aug'23 to Oct'23,Q4 - 2023,One.com,One.Com - One.Com, 687.08 , 114.51 , 572.57 ,
31/10/2023,10. Aug'23 to Oct'23,Q4 - 2023,Origin Security Limited  ,Origin Security Ltd - Origin Security Ltd," 50,324.53 "," 8,387.42 "," 41,937.11 ",
28/06/2023,10. Aug'23 to Oct'23,Q4 - 2023,Patisserie Valerie ROMFORD,Card transaction of GBP issued by Patisserie Valerie ROMFORD, 48.05 , -   , 48.05 ,
25/08/2023,10. Aug'23 to Oct'23,Q4 - 2023,PDFSIMPLI.COM,PDFSimpli             USA   ON 24 AUG BDC, 39.95 , 6.66 , 33.29 ,
22/09/2023,10. Aug'23 to Oct'23,Q4 - 2023,PDFSIMPLI.COM,PDFSimpli             USA   ON 21 SEP BDC, 39.95 , -   , 39.95 ,
28/09/2023,10. Aug'23 to Oct'23,Q4 - 2023,PDFSIMPLI.COM,PDFC.CO*6173777564    USA   AMOUNT IN USD   96.0, 81.18 , -   , 81.18 ,
20/10/2023,10. Aug'23 to Oct'23,Q4 - 2023,PDFSIMPLI.COM,PDFSimpli             USA   ON 19 OCT BDC, 39.95 , -   , 39.95 ,
31/10/2023,10. Aug'23 to Oct'23,Q4 - 2023,Peace UK Security Ltd ,Peace Uk Security - Peace Uk Security," 5,714.12 ", 952.35 ," 4,761.77 ",
18/05/2023,10. Aug'23 to Oct'23,Q4 - 2023,Pepe`s Peri Peri LONDON  E,Card transaction of GBP issued by Pepe`s Peri Peri LONDON  E, 17.07 , -   , 17.07 ,
07/08/2023,10. Aug'23 to Oct'23,Q4 - 2023,PipedriveUK,PipedriveUK              ON 05 AUG BDC, 71.88 , 11.98 , 59.90 ,
06/09/2023,10. Aug'23 to Oct'23,Q4 - 2023,PipedriveUK,PipedriveUK              ON 05 SEP BDC, 71.88 , 11.98 , 59.90 ,
06/10/2023,10. Aug'23 to Oct'23,Q4 - 2023,PipedriveUK,PipedriveUK              ON 05 OCT BDC, 71.88 , 11.98 , 59.90 ,
31/10/2023,10. Aug'23 to Oct'23,Q4 - 2023,Principal Protection & Events Ltd,Advantage Commercial - Advantage Commercial," 40,976.11 "," 6,829.35 "," 34,146.76 ",
31/10/2023,10. Aug'23 to Oct'23,Q4 - 2023,PROPERTYDATA,Property Data - Property Data, 165.60 , -   , 165.60 ,
26/10/2023,10. Aug'23 to Oct'23,Q4 - 2023,QATAR AIRWAYS,QATAR AIR 00021095       ON 25 OCT BDC," 1,643.22 ", -   ," 1,643.22 ",
31/10/2023,10. Aug'23 to Oct'23,Q4 - 2023,Radleigh Security & FM Limited,Redleigh Security - Redleigh Security," 19,322.29 "," 3,220.38 "," 16,101.91 ",
03/09/2023,10. Aug'23 to Oct'23,Q4 - 2023,Reading East Sf Connect READING,Card transaction of GBP issued by Reading East Sf Connect READING, 10.00 , 1.67 , 8.33 ,
16/05/2023,10. Aug'23 to Oct'23,Q4 - 2023,Redbridge Council,Card transaction of GBP issued by London Boro Of Redbrid ESSEX, 0.30 , -   , 0.30 ,
25/05/2023,10. Aug'23 to Oct'23,Q4 - 2023,Redbridge Council,Card transaction of GBP issued by London Boro Of Redbrid ESSEX, 0.30 , -   , 0.30 ,
05/06/2023,10. Aug'23 to Oct'23,Q4 - 2023,Redbridge Council,LONDON BOROUGH OF        ON 04 JUN BDC, 65.00 , -   , 65.00 ,
25/07/2023,10. Aug'23 to Oct'23,Q4 - 2023,Redbridge Council,LONDON BOROUGH OF        ON 24 JUL BDC, 65.00 , -   , 65.00 ,
18/09/2023,10. Aug'23 to Oct'23,Q4 - 2023,Redbridge Council,LONDON BOROUGH OF        ON 16 SEP BDC, 55.00 , -   , 55.00 ,
27/03/2023,10. Aug'23 to Oct'23,Q4 - 2023,Redbridge Council,LONDONBOROOFREDBRI       ON 26 MAR BDC, 55.00 , -   , 55.00 ,
05/06/2023,10. Aug'23 to Oct'23,Q4 - 2023,Redbridge Council,LONDONBOROOFREDBRI       ON 04 JUN BDC, 65.00 , -   , 65.00 ,
21/08/2023,10. Aug'23 to Oct'23,Q4 - 2023,Redbridge Council,LONDONBOROOFREDBRI       ON 20 AUG BDC, 65.00 , -   , 65.00 ,
29/09/2023,10. Aug'23 to Oct'23,Q4 - 2023,Redbridge Council,LONDONBOROOFREDBRI       ON 28 SEP BDC, 30.00 , -   , 30.00 ,
31/10/2023,10. Aug'23 to Oct'23,Q4 - 2023,Refine Security Services Ltd,Refine Security SE - Refine Security SE," 28,219.44 "," 4,703.24 "," 23,516.20 ",
25/10/2023,10. Aug'23 to Oct'23,Q4 - 2023,RIA Security Ltd,RIA SECURITY LTD         AS INVOICED BBP, 151.20 , 25.20 , 126.00 ,
31/10/2023,10. Aug'23 to Oct'23,Q4 - 2023,RIA Security Ltd,RIA security Ltd - RIA security Ltd," 1,185.64 ", 197.61 , 988.03 ,
31/10/2023,10. Aug'23 to Oct'23,Q4 - 2023,RKFM Ltd,RK FM Ltd - RK FM Ltd, 896.68 , 149.45 , 747.23 ,
04/05/2023,10. Aug'23 to Oct'23,Q4 - 2023,SAMBROS INTERNATIONAL LTD,Card transaction of GBP issued by Sambros Internation LONDON, 15.00 , -   , 15.00 ,
16/06/2023,10. Aug'23 to Oct'23,Q4 - 2023,SAMBROS INTERNATIONAL LTD,Card transaction of GBP issued by Sambros Internation LONDON, 10.80 , -   , 10.80 ,
22/09/2023,10. Aug'23 to Oct'23,Q4 - 2023,SCOTTISH POWER,SCOTTISHPOWER.COM        ON 21 SEP BDC, 100.00 , 16.67 , 83.33 ,
21/08/2023,10. Aug'23 to Oct'23,Q4 - 2023,Screwfix Romford Gallo ROMFORD,SCREWFIX ROMFORD G       ON 20 AUG CLP, 109.98 , 18.33 , 91.65 ,
02/05/2023,10. Aug'23 to Oct'23,Q4 - 2023,Screwfix Romford Gallo ROMFORD,Card transaction of GBP issued by Screwfix Romford Gallo ROMFORD, 0.88 , -   , 0.88 ,
02/05/2023,10. Aug'23 to Oct'23,Q4 - 2023,Screwfix Romford Gallo ROMFORD,Card transaction of GBP issued by Screwfix Romford Gallo ROMFORD, 9.98 , 1.66 , 8.32 ,
16/09/2023,10. Aug'23 to Oct'23,Q4 - 2023,Screwfix Romford Gallo ROMFORD,Card transaction of GBP issued by Screwfix Romford Gallo ROMFORD, 61.51 , -   , 61.51 ,
17/09/2023,10. Aug'23 to Oct'23,Q4 - 2023,Screwfix Romford Gallo ROMFORD,Card transaction of GBP issued by Screwfix Romford Gallo ROMFORD, 25.36 , -   , 25.36 ,
06/10/2023,10. Aug'23 to Oct'23,Q4 - 2023,Screwfix Romford Gallo ROMFORD,Card transaction of GBP issued by Screwfix Romford Gallo ROMFORD, 126.97 , 21.16 , 105.81 ,
09/10/2023,10. Aug'23 to Oct'23,Q4 - 2023,Screwfix Romford Gallo ROMFORD,Card transaction of GBP issued by Screwfix Romford Gallo ROMFORD, 3.99 , -   , 3.99 ,
31/10/2023,10. Aug'23 to Oct'23,Q4 - 2023,SECURITY ZONE MIDLANDS LIMITED,security Zone - security Zone," 10,932.91 "," 1,822.15 "," 9,110.76 ",
14/06/2023,10. Aug'23 to Oct'23,Q4 - 2023,Selecta U.K. Limited South Ruislip,Card transaction of GBP issued by Selecta U.k. Limited South Ruislip, 2.40 , -   , 2.40 ,
31/10/2023,10. Aug'23 to Oct'23,Q4 - 2023,SEQURE24 SECURITY LTD,Sequre24 Security - Sequre24 Security," 6,500.24 "," 1,083.37 "," 5,416.87 ",
31/10/2022,10. Aug'23 to Oct'23,Q4 - 2023,SERVION IT RESOURCING LTD,Servion IT  Resourcing - Creditor - Invoice," 142,000.00 "," 7,000.00 "," 135,000.00 ",
01/11/2022,10. Aug'23 to Oct'23,Q4 - 2023,SERVION IT RESOURCING LTD,Servion IT  Resourcing - Creditor - Invoice," 142,000.00 "," 23,666.67 "," 118,333.33 ",
01/11/2022,10. Aug'23 to Oct'23,Q4 - 2023,SERVION IT RESOURCING LTD,Servion IT  Resourcing - Creditor - Invoice," (142,000.00)"," (7,000.00)"," (135,000.00)",
13/05/2023,10. Aug'23 to Oct'23,Q4 - 2023,SHELL,Card transaction of GBP issued by Shell Nr Ulverston Cumbria, 4.75 , 0.79 , 3.96 ,
03/09/2023,10. Aug'23 to Oct'23,Q4 - 2023,SHELL,Card transaction of GBP issued by Shell Ulice Truro, 126.09 , 21.02 , 105.07 ,
31/10/2023,10. Aug'23 to Oct'23,Q4 - 2023,SILICON MANAGEMENT CONSULTANTS LTD,Silicon Management - Silicon Management," 5,000.00 ", 833.33 ," 4,166.67 ",
23/10/2023,10. Aug'23 to Oct'23,Q4 - 2023,SOFA BARGAIN,SOFA BARGAIN             ON 21 OCT BDC," 1,198.00 ", 199.67 , 998.33 ,
26/10/2023,10. Aug'23 to Oct'23,Q4 - 2023,SP VSL#3 WEBSITE,SP VSL#3 WEBSITE         ON 25 OCT BDC, 19.99 , -   , 19.99 ,
25/09/2023,10. Aug'23 to Oct'23,Q4 - 2023,SPAREROOM,WWW.SPAREROOM.CO.U       ON 23 SEP BDC, 11.99 , -   , 11.99 ,
23/10/2023,10. Aug'23 to Oct'23,Q4 - 2023,SPAREROOM,WWW.SPAREROOM.CO.U       ON 22 OCT BDC, 25.99 , -   , 25.99 ,
26/06/2023,10. Aug'23 to Oct'23,Q4 - 2023,Sq *Eternally Ltd London,Card transaction of GBP issued by Sq *Eternally Ltd London, 1.50 , -   , 1.50 ,
22/05/2023,10. Aug'23 to Oct'23,Q4 - 2023,Sq *Goodmayesphoneshop Ilford,Card transaction of GBP issued by Sq *Goodmayesphoneshop Ilford, 17.00 , 2.83 , 14.17 ,
01/08/2023,10. Aug'23 to Oct'23,Q4 - 2023,St Mungo's,ST MUNGOS COMMUNIT       IHS101193 DDR, 10.00 , -   , 10.00 ,
01/09/2023,10. Aug'23 to Oct'23,Q4 - 2023,St Mungo's,ST MUNGOS COMMUNIT       IHS101193 DDR, 10.00 , -   , 10.00 ,
02/10/2023,10. Aug'23 to Oct'23,Q4 - 2023,St Mungo's,ST MUNGOS COMMUNIT       IHS101193 DDR, 10.00 , -   , 10.00 ,
14/05/2023,10. Aug'23 to Oct'23,Q4 - 2023,Stansted Parking STANSTED,Card transaction of GBP issued by Stansted Parking STANSTED, 22.00 , -   , 22.00 ,
21/09/2023,10. Aug'23 to Oct'23,Q4 - 2023,Subway  Faringdon Ft HAROLD HILL,Card transaction of GBP issued by Subway  Faringdon Ft HAROLD HILL, 6.49 , -   , 6.49 ,
27/09/2023,10. Aug'23 to Oct'23,Q4 - 2023,Subway  Faringdon Ft HAROLD HILL,Card transaction of GBP issued by Subway  Faringdon Ft HAROLD HILL, 6.37 , -   , 6.37 ,
28/09/2023,10. Aug'23 to Oct'23,Q4 - 2023,Subway  Faringdon Ft HAROLD HILL,Card transaction of GBP issued by Subway  Faringdon Ft HAROLD HILL, 4.18 , -   , 4.18 ,
06/10/2023,10. Aug'23 to Oct'23,Q4 - 2023,Subway  Faringdon Ft HAROLD HILL,Card transaction of GBP issued by Subway  Faringdon Ft HAROLD HILL, 6.19 , -   , 6.19 ,
21/08/2023,10. Aug'23 to Oct'23,Q4 - 2023,TESCO,TESCO STORES 3120        ON 20 AUG CLP, 40.00 , -   , 40.00 ,
14/05/2023,10. Aug'23 to Oct'23,Q4 - 2023,TESCO,Card transaction of GBP issued by Tesco Pfs  ROMFORD TOWN, 12.65 , -   , 12.65 ,
17/05/2023,10. Aug'23 to Oct'23,Q4 - 2023,TESCO,Card transaction of GBP issued by Tesco Stores  ROMFORD, 2.00 , -   , 2.00 ,
13/10/2023,10. Aug'23 to Oct'23,Q4 - 2023,Tfl Travel Charge TFL.gov.uk/CP,Card transaction of GBP issued by Tfl Travel Charge TFL.gov.uk/CP, 10.00 , -   , 10.00 ,
14/10/2023,10. Aug'23 to Oct'23,Q4 - 2023,Tfl Travel Charge TFL.gov.uk/CP,Card transaction of GBP issued by Tfl Travel Charge TFL.gov.uk/CP, 7.20 , -   , 7.20 ,
07/06/2023,10. Aug'23 to Oct'23,Q4 - 2023,Tfl Unpaid Fares TFL.gov.uk/CP,Card transaction of GBP issued by Tfl Unpaid Fares TFL.gov.uk/CP, 28.70 , -   , 28.70 ,
09/09/2023,10. Aug'23 to Oct'23,Q4 - 2023,Tg Frinton FRINTON ON SE,Card transaction of GBP issued by Tg Frinton FRINTON ON SE, 1.99 , -   , 1.99 ,
09/09/2023,10. Aug'23 to Oct'23,Q4 - 2023,The Blaze Restaurant CHELMSFORD,Card transaction of GBP issued by The Blaze Restaurant CHELMSFORD, 111.10 , -   , 111.10 ,
08/05/2023,10. Aug'23 to Oct'23,Q4 - 2023,The Brewery Romford ROMFORD,Card transaction of GBP issued by The Brewery Romford ROMFORD, 2.00 , -   , 2.00 ,
01/09/2023,10. Aug'23 to Oct'23,Q4 - 2023,The Cornish Catering NEWQUAY,Card transaction of GBP issued by The Cornish Catering NEWQUAY, 0.30 , -   , 0.30 ,
01/09/2023,10. Aug'23 to Oct'23,Q4 - 2023,The Cornish Catering NEWQUAY,Card transaction of GBP issued by The Cornish Catering NEWQUAY, 4.00 , -   , 4.00 ,
06/06/2023,10. Aug'23 to Oct'23,Q4 - 2023,The Engine LUTON,Card transaction of GBP issued by The Engine LUTON, 7.00 , -   , 7.00 ,
21/06/2023,10. Aug'23 to Oct'23,Q4 - 2023,The Liberty Shopping Cent Romford,Card transaction of GBP issued by The Liberty Shopping Cent Romford, 1.50 , -   , 1.50 ,
08/07/2023,10. Aug'23 to Oct'23,Q4 - 2023,The Liberty Shopping Cent Romford,Card transaction of GBP issued by The Liberty Shopping Cent Romford, 1.50 , -   , 1.50 ,
29/08/2023,10. Aug'23 to Oct'23,Q4 - 2023,The Liberty Shopping Cent Romford,Card transaction of GBP issued by The Liberty Shopping Cent Romford, 1.50 , -   , 1.50 ,
21/09/2023,10. Aug'23 to Oct'23,Q4 - 2023,The Liberty Shopping Cent Romford,Card transaction of GBP issued by The Liberty Shopping Cent Romford, 1.50 , -   , 1.50 ,
31/03/2023,10. Aug'23 to Oct'23,Q4 - 2023,The Terrace Lodge Hote YEOVIL BA,Card transaction of GBP issued by The Terrace Lodge Hote YEOVIL BA, 100.00 , -   , 100.00 ,
11/05/2023,10. Aug'23 to Oct'23,Q4 - 2023,Tim Hortons Thurrock ESSEX,Card transaction of GBP issued by Tim Hortons Thurrock ESSEX, 9.87 , -   , 9.87 ,
11/05/2023,10. Aug'23 to Oct'23,Q4 - 2023,Tim Hortons Thurrock ESSEX,Card transaction of GBP issued by Tim Hortons Thurrock ESSEX, 7.99 , -   , 7.99 ,
22/09/2023,10. Aug'23 to Oct'23,Q4 - 2023,TOME.APP,TOME.APP              USA   AMOUNT IN USD   10.0, 8.33 , -   , 8.33 ,
23/10/2023,10. Aug'23 to Oct'23,Q4 - 2023,TOME.APP,TOME.APP              USA   AMOUNT IN USD   10.0, 8.50 , -   , 8.50 ,
14/09/2023,10. Aug'23 to Oct'23,Q4 - 2023,TOWER HAMLETS,TOWER HAMLETS BC         ON 13 SEP BDC, 65.00 , -   , 65.00 ,
29/08/2023,10. Aug'23 to Oct'23,Q4 - 2023,UK VISA,C2E864100361P UKVI       ON 28 AUG BDC," 1,291.00 ", -   ," 1,291.00 ",
02/10/2023,10. Aug'23 to Oct'23,Q4 - 2023,UK VISA,C2E867400316N UKVI       ON 30 SEP BDC," 1,291.00 ", -   ," 1,291.00 ",
20/10/2023,10. Aug'23 to Oct'23,Q4 - 2023,UK VISA,C2E869301930O UKVI       ON 19 OCT BDC," 1,331.00 ", -   ," 1,331.00 ",
20/09/2023,10. Aug'23 to Oct'23,Q4 - 2023,UK VISA,UKVI 3070040402297    AMOUNT IN PKR   37991.00, 106.71 , -   , 106.71 ,
22/09/2023,10. Aug'23 to Oct'23,Q4 - 2023,UK VISA,UKVI 3070040447911    AMOUNT IN PKR   37991.00, 107.77 , -   , 107.77 ,
25/09/2023,10. Aug'23 to Oct'23,Q4 - 2023,UK VISA,UKVI 3070040483082    AMOUNT IN PKR   37991.00, 109.05 , -   , 109.05 ,
09/08/2023,10. Aug'23 to Oct'23,Q4 - 2023,UKSEARCHLIMITED.CO,UKSEARCHLIMITED.CO       ON 08 AUG BDC, 455.51 , -   , 455.51 ,
23/03/2023,10. Aug'23 to Oct'23,Q4 - 2023,Ultramsg.com,Card transaction of USD issued by Ultramsg.com +, 31.68 , -   , 31.68 ,
23/04/2023,10. Aug'23 to Oct'23,Q4 - 2023,Ultramsg.com,Card transaction of USD issued by Ultramsg.com +, 31.34 , -   , 31.34 ,
23/05/2023,10. Aug'23 to Oct'23,Q4 - 2023,Ultramsg.com,Card transaction of USD issued by Ultramsg.com +, 31.40 , -   , 31.40 ,
23/06/2023,10. Aug'23 to Oct'23,Q4 - 2023,Ultramsg.com,Card transaction of USD issued by Ultramsg.com +, 30.68 , -   , 30.68 ,
26/07/2023,10. Aug'23 to Oct'23,Q4 - 2023,Ultramsg.com,Card transaction of USD issued by Ultramsg.com +, 30.22 , -   , 30.22 ,
23/08/2023,10. Aug'23 to Oct'23,Q4 - 2023,Ultramsg.com,Card transaction of USD issued by Ultramsg.com +, 30.66 , -   , 30.66 ,
23/09/2023,10. Aug'23 to Oct'23,Q4 - 2023,Ultramsg.com,Card transaction of USD issued by Ultramsg.com +, 31.87 , -   , 31.87 ,
31/10/2023,10. Aug'23 to Oct'23,Q4 - 2023,VERISURE SERVICES,Verisure Services - Verisure Services, 656.17 , 109.36 , 546.81 ,
20/09/2023,10. Aug'23 to Oct'23,Q4 - 2023,VFS VISA FEE,VFS VISA FEE             ON 19 SEP BDC, 54.02 , -   , 54.02 ,
22/09/2023,10. Aug'23 to Oct'23,Q4 - 2023,VFS VISA FEE,VFS VISA FEE             ON 21 SEP BDC, 87.01 , -   , 87.01 ,
25/09/2023,10. Aug'23 to Oct'23,Q4 - 2023,VFS VISA FEE,VFS VISA FEE             ON 23 SEP BDC, 54.02 , -   , 54.02 ,
11/07/2023,10. Aug'23 to Oct'23,Q4 - 2023,Village Food Centre Milton Keynes,Card transaction of GBP issued by Village Food Centre Milton Keynes, 5.99 , -   , 5.99 ,
31/10/2023,10. Aug'23 to Oct'23,Q4 - 2023,VITAL GUARDING FM ,Vital Guarding FM - Vital Guarding FM," 16,128.61 "," 2,688.10 "," 13,440.51 ",
03/09/2023,10. Aug'23 to Oct'23,Q4 - 2023,Vms Roadchef Costa Taunton North,Card transaction of GBP issued by Vms Roadchef Costa Taunton North, 24.39 , -   , 24.39 ,
12/05/2023,10. Aug'23 to Oct'23,Q4 - 2023,Vms Roadchef Leon Norton Canes,Card transaction of GBP issued by Vms Roadchef Leon Norton Canes, 7.69 , -   , 7.69 ,
29/08/2023,10. Aug'23 to Oct'23,Q4 - 2023,VOLKSWAGEN FINANCIAL Services,VWFS UK LIMITED          0000440142892015 DDR, 22.49 , 3.75 , 18.74 ,
26/09/2023,10. Aug'23 to Oct'23,Q4 - 2023,VOLKSWAGEN FINANCIAL Services,VWFS UK LIMITED          0000440142892015 DDR, 22.49 , -   , 22.49 ,
26/10/2023,10. Aug'23 to Oct'23,Q4 - 2023,VOLKSWAGEN FINANCIAL Services,VWFS UK LIMITED          0000440142892015 DDR, 22.49 , 3.75 , 18.74 ,
03/06/2023,10. Aug'23 to Oct'23,Q4 - 2023,Wages,Sent money to Arun Nehru Ambati, 129.30 , -   , 129.30 ,
04/08/2023,10. Aug'23 to Oct'23,Q4 - 2023,Wages,DEAN EARDLEY             INVOICE FT," 3,000.00 ", -   ," 3,000.00 ",
10/08/2023,10. Aug'23 to Oct'23,Q4 - 2023,Wages,AUDRONE URBONIENE        CLEANING FT, 90.00 , -   , 90.00 ,
19/08/2023,10. Aug'23 to Oct'23,Q4 - 2023,Wages,ASUI ASUI               UNITED ARAB EMI," 1,583.41 ", -   ," 1,583.41 ",
04/09/2023,10. Aug'23 to Oct'23,Q4 - 2023,Wages,SHANAZ INDIAN REST       ON 31 AUG CLP, 98.85 , -   , 98.85 ,
18/09/2023,10. Aug'23 to Oct'23,Q4 - 2023,Wages,AUDRONE URBONIENE        CLEANING FT, 60.00 , -   , 60.00 ,
18/09/2023,10. Aug'23 to Oct'23,Q4 - 2023,Wages,SAJJAD JAFARISHAHB       ELECTRICIAN FT, 685.00 , -   , 685.00 ,
16/10/2023,10. Aug'23 to Oct'23,Q4 - 2023,Wages,PARKINGEYE PAYMENT       ON 14 OCT BDC, 50.00 , -   , 50.00 ,
16/05/2023,10. Aug'23 to Oct'23,Q4 - 2023,Walthamstow Burgers Lt LONDON,Card transaction of GBP issued by Walthamstow Burgers Lt LONDON, 31.85 , -   , 31.85 ,
02/05/2023,10. Aug'23 to Oct'23,Q4 - 2023,Warehouse ROMFORD,Card transaction of GBP issued by & Warehouse ROMFORD, 16.00 , -   , 16.00 ,
16/09/2023,10. Aug'23 to Oct'23,Q4 - 2023,Warehouse ROMFORD,Card transaction of GBP issued by & Warehouse ROMFORD, 63.55 , 10.60 , 52.95 ,
23/09/2023,10. Aug'23 to Oct'23,Q4 - 2023,Warehouse ROMFORD,Card transaction of GBP issued by & Warehouse ROMFORD, 146.94 , 24.49 , 122.45 ,
20/09/2023,10. Aug'23 to Oct'23,Q4 - 2023,Welcome Break-Membury HUNGERFORD,Card transaction of GBP issued by Welcome Break-Membury HUNGERFORD, 27.40 , -   , 27.40 ,
11/07/2023,10. Aug'23 to Oct'23,Q4 - 2023,Welcome Break-South Mi POTTERS BAR H,Card transaction of GBP issued by Welcome Break-South Mi POTTERS BAR H, 10.00 , 1.67 , 8.33 ,
22/08/2023,10. Aug'23 to Oct'23,Q4 - 2023,WELL DUNN LIMITED,CLOSE-WELL DUNN          82210977 DDR, 380.48 , -   , 380.48 ,
22/09/2023,10. Aug'23 to Oct'23,Q4 - 2023,WELL DUNN LIMITED,CLOSE-WELL DUNN          82210977 DDR, 380.48 , -   , 380.48 ,
23/10/2023,10. Aug'23 to Oct'23,Q4 - 2023,WELL DUNN LIMITED,CLOSE-WELL DUNN          82210977 DDR, 380.48 , -   , 380.48 ,
20/07/2023,10. Aug'23 to Oct'23,Q4 - 2023,Westfield LONDON,Card transaction of GBP issued by Westfield LONDON, 8.00 , -   , 8.00 ,
31/10/2023,10. Aug'23 to Oct'23,Q4 - 2023,WG Associates,WG associates - WG associates," 3,094.28 ", 515.71 ," 2,578.57 ",
24/08/2023,10. Aug'23 to Oct'23,Q4 - 2023,Wise London,Card transaction of GBP issued by Wise London, 20.08 , -   , 20.08 ,
18/08/2023,10. Aug'23 to Oct'23,Q4 - 2023,WWW.VOXI.CO.UK,WWW.VOXI.CO.UK           ON 17 AUG BDC, 12.00 , 2.00 , 10.00 ,
18/09/2023,10. Aug'23 to Oct'23,Q4 - 2023,WWW.VOXI.CO.UK,WWW.VOXI.CO.UK           ON 16 SEP BDC, 12.00 , 2.00 , 10.00 ,
18/09/2023,10. Aug'23 to Oct'23,Q4 - 2023,WWW.VOXI.CO.UK,WWW.VOXI.CO.UK           ON 17 SEP BDC, 15.00 , 2.50 , 12.50 ,
17/10/2023,10. Aug'23 to Oct'23,Q4 - 2023,WWW.VOXI.CO.UK,WWW.VOXI.CO.UK           ON 16 OCT BDC, 12.00 , 2.00 , 10.00 ,
17/05/2023,10. Aug'23 to Oct'23,Q4 - 2023,Yaz Restaurant London,Card transaction of GBP issued by Yaz Restaurant London, 80.74 , -   , 80.74 ,
15/05/2023,10. Aug'23 to Oct'23,Q4 - 2023,Yourparkingspace CANARY WHARF,Card transaction of GBP issued by Yourparkingspace CANARY WHARF, 2.50 , 0.42 , 2.08 ,
24/05/2023,10. Aug'23 to Oct'23,Q4 - 2023,Yourparkingspace CANARY WHARF,Card transaction of GBP issued by Yourparkingspace CANARY WHARF, 6.00 , 1.00 , 5.00 ,
16/06/2023,10. Aug'23 to Oct'23,Q4 - 2023,Yourparkingspace CANARY WHARF,Card transaction of GBP issued by Yourparkingspace CANARY WHARF, 6.00 , 1.00 , 5.00 ,
19/05/2023,10. Aug'23 to Oct'23,Q4 - 2023,Zettle,Card transaction of GBP issued by Zettle_*Masjid Abu Bak London, 20.50 , -   , 20.50 ,
24/05/2023,10. Aug'23 to Oct'23,Q4 - 2023,Zettle,Card transaction of GBP issued by Zettle_*Hc Gelati Ltd BOREHAMWOOD, 27.30 , -   , 27.30 ,
08/07/2023,10. Aug'23 to Oct'23,Q4 - 2023,Zettle,Card transaction of GBP issued by Zettle_*Maala Banqueti Chingford, 8.00 , -   , 8.00 ,
02/09/2023,10. Aug'23 to Oct'23,Q4 - 2023,Zettle,Card transaction of GBP issued by Zettle_*Wave Blazer Newquay, 25.00 , -   , 25.00 ,
30/10/2023,10. Aug'23 to Oct'23,Q4 - 2023,Zettle,Zettle_*The Podste       ON 29 OCT CLP, 6.00 , -   , 6.00 ,
23/12/2021,10. Aug'23 to Oct'23,Q4 - 2023,,Range Rover purchase HP," (6,333.32)"," (3,166.66)"," (3,166.66)",
23/12/2021,10. Aug'23 to Oct'23,Q4 - 2023,,VAT reversal," (10,662.34)"," (5,331.17)"," (5,331.17)",
31/10/2022,10. Aug'23 to Oct'23,Q4 - 2023,,VAT reversal HP," (3,330.20)"," (1,665.10)"," (1,665.10)",
31/10/2022,10. Aug'23 to Oct'23,Q4 - 2023,,Trade creditors," 468,000.00 "," 78,000.00 "," 390,000.00 ",
01/08/2023,10. Aug'23 to Oct'23,Q4 - 2023,,Trade creditors," (468,000.00)"," (78,000.00)"," (390,000.00)",
31/10/2023,10. Aug'23 to Oct'23,Q4 - 2023,,Trade creditors," (30,000.00)"," (5,000.00)"," (25,000.00)",
31/01/2023,10. Aug'23 to Oct'23,Q4 - 2023,,Santander Consumer - Santander Counsumer - Inv: Nov 22 to Jan 23," (2,997.21)", (499.53)," (2,497.68)",
30/04/2023,10. Aug'23 to Oct'23,Q4 - 2023,,Santander Consumer - Santander Consumer - Inv : Feb 23 to Apr 23," (2,997.21)", (499.53)," (2,497.68)",
22/12/2023,11. Nov'23 to Jan'24,Q1 - 2024,ALLDAYPA Communication,, 108.50 , 18.08 , 90.42 ,
28/12/2023,11. Nov'23 to Jan'24,Q1 - 2024,ALLDAYPA Communication,, 108.74 , 18.12 , 90.62 ,
30/01/2024,11. Nov'23 to Jan'24,Q1 - 2024,ALLDAYPA Communication,WWW.ALLDAYPA.COM ON 29 JAN BDC, 108.02 , 18.00 , 90.02 ,
27/11/2023,11. Nov'23 to Jan'24,Q1 - 2024,BIFFA WASTE SERVICES LIMITED,, 91.63 , 15.27 , 76.36 ,
27/11/2023,11. Nov'23 to Jan'24,Q1 - 2024,BIFFA WASTE SERVICES LIMITED,, 124.14 , 20.69 , 103.45 ,
27/12/2023,11. Nov'23 to Jan'24,Q1 - 2024,BIFFA WASTE SERVICES LIMITED,, 114.54 , 19.09 , 95.45 ,
27/12/2023,11. Nov'23 to Jan'24,Q1 - 2024,BIFFA WASTE SERVICES LIMITED,, 164.82 , 27.47 , 137.35 ,
29/01/2024,11. Nov'23 to Jan'24,Q1 - 2024,BIFFA WASTE SERVICES LIMITED,BIFFA WASTE SERVIC G36989 DDR, 136.79 , 22.80 , 113.99 ,
29/01/2024,11. Nov'23 to Jan'24,Q1 - 2024,BIFFA WASTE SERVICES LIMITED,BIFFA WASTE SERVIC B41299 DDR, 101.33 , 16.89 , 84.44 ,
27/11/2023,11. Nov'23 to Jan'24,Q1 - 2024,Capital Protections Ltd,," 2,930.40 ", 488.40 ," 2,442.00 ",
27/12/2023,11. Nov'23 to Jan'24,Q1 - 2024,Capital Protections Ltd,, 646.80 , 107.80 , 539.00 ,
25/01/2024,11. Nov'23 to Jan'24,Q1 - 2024,Capital Protections Ltd,CAPITAL PROTECTION PAYMENT BBP, 369.60 , 61.60 , 308.00 ,
27/11/2023,11. Nov'23 to Jan'24,Q1 - 2024,COMPLIANCE SECURITY SERVICES LTD,," 1,359.60 ", 226.60 ," 1,133.00 ",
27/12/2023,11. Nov'23 to Jan'24,Q1 - 2024,COMPLIANCE SECURITY SERVICES LTD,, 118.80 , 19.80 , 99.00 ,
24/11/2023,11. Nov'23 to Jan'24,Q1 - 2024,MERCEDES-BENZ UK LIMITED,, 426.47 , 71.08 , 355.39 ,
27/12/2023,11. Nov'23 to Jan'24,Q1 - 2024,MERCEDES-BENZ UK LIMITED,, 426.47 , 71.08 , 355.39 ,
24/01/2024,11. Nov'23 to Jan'24,Q1 - 2024,MERCEDES-BENZ UK LIMITED,MBFIN S0EK23GUJ02 S0EK23GUJ022641790 DDR, 426.47 , 71.08 , 355.39 ,
07/11/2023,11. Nov'23 to Jan'24,Q1 - 2024,O2 (UK) LIMITED T/A Telefónica UK Limited,, 57.71 , 9.62 , 48.09 ,
13/11/2023,11. Nov'23 to Jan'24,Q1 - 2024,O2 (UK) LIMITED T/A Telefónica UK Limited,, 33.74 , 5.62 , 28.12 ,
20/11/2023,11. Nov'23 to Jan'24,Q1 - 2024,O2 (UK) LIMITED T/A Telefónica UK Limited,, 24.16 , 4.03 , 20.13 ,
06/12/2023,11. Nov'23 to Jan'24,Q1 - 2024,O2 (UK) LIMITED T/A Telefónica UK Limited,, 57.71 , 9.62 , 48.09 ,
12/12/2023,11. Nov'23 to Jan'24,Q1 - 2024,O2 (UK) LIMITED T/A Telefónica UK Limited,, 33.74 , 5.62 , 28.12 ,
20/12/2023,11. Nov'23 to Jan'24,Q1 - 2024,O2 (UK) LIMITED T/A Telefónica UK Limited,, 24.16 , 4.03 , 20.13 ,
05/01/2024,11. Nov'23 to Jan'24,Q1 - 2024,O2 (UK) LIMITED T/A Telefónica UK Limited,, 57.71 , 9.62 , 48.09 ,
11/01/2024,11. Nov'23 to Jan'24,Q1 - 2024,O2 (UK) LIMITED T/A Telefónica UK Limited,, 33.74 , 5.62 , 28.12 ,
22/01/2024,11. Nov'23 to Jan'24,Q1 - 2024,O2 (UK) LIMITED T/A Telefónica UK Limited,, 24.16 , 4.03 , 20.13 ,
16/11/2023,11. Nov'23 to Jan'24,Q1 - 2024,SAGE SOFTWARE LTD,, 181.20 , 30.20 , 151.00 ,
18/12/2023,11. Nov'23 to Jan'24,Q1 - 2024,SAGE SOFTWARE LTD,, 181.20 , 30.20 , 151.00 ,
16/01/2024,11. Nov'23 to Jan'24,Q1 - 2024,SAGE SOFTWARE LTD,, 181.20 , 30.20 , 151.00 ,
01/11/2023,11. Nov'23 to Jan'24,Q1 - 2024,THE Ken Rhodes,," 3,608.30 ", 601.38 ," 3,006.92 ",
16/11/2023,11. Nov'23 to Jan'24,Q1 - 2024,THE Ken Rhodes,, 901.14 , 150.19 , 750.95 ,
01/12/2023,11. Nov'23 to Jan'24,Q1 - 2024,THE Ken Rhodes,," 3,608.30 ", 601.38 ," 3,006.92 ",
02/01/2024,11. Nov'23 to Jan'24,Q1 - 2024,THE Ken Rhodes,," 3,608.30 ", 601.38 ," 3,006.92 ",
12/01/2024,11. Nov'23 to Jan'24,Q1 - 2024,THE Ken Rhodes,, 560.75 , 93.46 , 467.29 ,
30/01/2024,11. Nov'23 to Jan'24,Q1 - 2024,THE Ken Rhodes,THE KEN RHODES GRO BILLS/1745 FT, 657.67 , 109.61 , 548.06 ,
08/11/2023,11. Nov'23 to Jan'24,Q1 - 2024,Wave Tel Ltd,, 150.38 , 25.06 , 125.32 ,
08/12/2023,11. Nov'23 to Jan'24,Q1 - 2024,Wave Tel Ltd,, 158.23 , 26.37 , 131.86 ,
08/01/2024,11. Nov'23 to Jan'24,Q1 - 2024,Wave Tel Ltd,, 157.90 , 26.32 , 131.58 ,
06/11/2023,11. Nov'23 to Jan'24,Q1 - 2024,xtreme Professional Cleaning Ltd,," 20,000.00 "," 3,333.33 "," 16,666.67 ",
20/11/2023,11. Nov'23 to Jan'24,Q1 - 2024,xtreme Professional Cleaning Ltd,," 1,000.00 ", 166.67 , 833.33 ,
05/12/2023,11. Nov'23 to Jan'24,Q1 - 2024,xtreme Professional Cleaning Ltd,," 20,000.00 "," 3,333.33 "," 16,666.67 ",
29/12/2023,11. Nov'23 to Jan'24,Q1 - 2024,xtreme Professional Cleaning Ltd,," 22,000.00 "," 3,666.67 "," 18,333.33 ",
09/01/2024,11. Nov'23 to Jan'24,Q1 - 2024,xtreme Professional Cleaning Ltd,," 25,000.00 "," 4,166.67 "," 20,833.33 ",
09/01/2024,11. Nov'23 to Jan'24,Q1 - 2024,xtreme Professional Cleaning Ltd,," 25,000.00 "," 4,166.67 "," 20,833.33 ",
09/11/2023,11. Nov'23 to Jan'24,Q1 - 2024,1Password,, 4.18 , 0.70 , 3.48 ,
11/12/2023,11. Nov'23 to Jan'24,Q1 - 2024,1Password,, 4.09 , 0.68 , 3.41 ,
09/01/2024,11. Nov'23 to Jan'24,Q1 - 2024,1Password,, 4.07 , 0.68 , 3.39 ,
27/11/2023,11. Nov'23 to Jan'24,Q1 - 2024,A2Z Security Services Ltd,," 3,286.58 ", 547.76 ," 2,738.82 ",
27/12/2023,11. Nov'23 to Jan'24,Q1 - 2024,A2Z Security Services Ltd,," 3,742.42 ", -   ," 3,742.42 ",
25/01/2024,11. Nov'23 to Jan'24,Q1 - 2024,A2Z Security Services Ltd,A2Z SECURITY LIMIT AS PER INVOICE BBP," 1,727.00 ", 287.83 ," 1,439.17 ",
01/11/2023,11. Nov'23 to Jan'24,Q1 - 2024,AB SALUTE GYM LTD,, 37.50 , 6.25 , 31.25 ,
02/01/2024,11. Nov'23 to Jan'24,Q1 - 2024,AB SALUTE GYM LTD,, 37.50 , 6.25 , 31.25 ,
07/11/2023,11. Nov'23 to Jan'24,Q1 - 2024,ADOBE ACROBAT,, 9.98 , 1.66 , 8.32 ,
10/11/2023,11. Nov'23 to Jan'24,Q1 - 2024,ADOBE ACROBAT,, 19.97 , 3.33 , 16.64 ,
15/11/2023,11. Nov'23 to Jan'24,Q1 - 2024,ADOBE ACROBAT,, 19.97 , 3.33 , 16.64 ,
07/12/2023,11. Nov'23 to Jan'24,Q1 - 2024,ADOBE ACROBAT,, 9.98 , 1.66 , 8.32 ,
11/12/2023,11. Nov'23 to Jan'24,Q1 - 2024,ADOBE ACROBAT,, 19.97 , 3.33 , 16.64 ,
15/12/2023,11. Nov'23 to Jan'24,Q1 - 2024,ADOBE ACROBAT,, 19.97 , 3.33 , 16.64 ,
08/01/2024,11. Nov'23 to Jan'24,Q1 - 2024,ADOBE ACROBAT,, 9.98 , 1.66 , 8.32 ,
10/01/2024,11. Nov'23 to Jan'24,Q1 - 2024,ADOBE ACROBAT,, 19.97 , 3.33 , 16.64 ,
16/01/2024,11. Nov'23 to Jan'24,Q1 - 2024,ADOBE ACROBAT,, 19.97 , 3.33 , 16.64 ,
06/11/2023,11. Nov'23 to Jan'24,Q1 - 2024,AFC ENTS,, 9.99 , -   , 9.99 ,
23/01/2024,11. Nov'23 to Jan'24,Q1 - 2024,AJK Rest,, 27.19 , 4.53 , 22.66 ,
07/11/2023,11. Nov'23 to Jan'24,Q1 - 2024,Apple,, 39.98 , 6.66 , 33.32 ,
31/01/2024,11. Nov'23 to Jan'24,Q1 - 2024,Apple,APPLE STORE R242 ON 30 JAN CLP, 39.00 , 6.50 , 32.50 ,
03/11/2023,11. Nov'23 to Jan'24,Q1 - 2024,Apple,, 8.99 , 1.50 , 7.49 ,
04/12/2023,11. Nov'23 to Jan'24,Q1 - 2024,Apple,, 8.99 , 1.50 , 7.49 ,
03/01/2024,11. Nov'23 to Jan'24,Q1 - 2024,Apple,, 8.99 , 1.50 , 7.49 ,
20/11/2023,11. Nov'23 to Jan'24,Q1 - 2024,AUDRONIE URBONIENE,, 110.00 , 18.33 , 91.67 ,
11/12/2023,11. Nov'23 to Jan'24,Q1 - 2024,AUDRONIE URBONIENE,, 80.00 , -   , 80.00 ,
27/12/2023,11. Nov'23 to Jan'24,Q1 - 2024,AUDRONIE URBONIENE,, 150.00 , 25.00 , 125.00 ,
06/11/2023,11. Nov'23 to Jan'24,Q1 - 2024,Bank Charges,, 8.50 , -   , 8.50 ,
04/12/2023,11. Nov'23 to Jan'24,Q1 - 2024,Bank Charges,, 8.50 , -   , 8.50 ,
09/01/2024,11. Nov'23 to Jan'24,Q1 - 2024,Bank Charges,, 8.50 , -   , 8.50 ,
20/11/2023,11. Nov'23 to Jan'24,Q1 - 2024,Bank Charges,, 888.18 , 148.03 , 740.15 ,
20/12/2023,11. Nov'23 to Jan'24,Q1 - 2024,Bank Charges,, 884.70 , 147.45 , 737.25 ,
22/01/2024,11. Nov'23 to Jan'24,Q1 - 2024,Bank Charges,, 884.56 , 147.43 , 737.13 ,
06/11/2023,11. Nov'23 to Jan'24,Q1 - 2024,BARK.COM GLOBAL LIMITED,, 59.94 , 9.99 , 49.95 ,
09/01/2024,11. Nov'23 to Jan'24,Q1 - 2024,BaySentry Solutions,, 100.00 , 16.67 , 83.33 ,
20/11/2023,11. Nov'23 to Jan'24,Q1 - 2024,BCARD COMMERCIAL,, 11.99 , 2.00 , 9.99 ,
13/11/2023,11. Nov'23 to Jan'24,Q1 - 2024,BLUE BIRD HOUSING LTD,," 1,458.33 ", -   ," 1,458.33 ",
13/11/2023,11. Nov'23 to Jan'24,Q1 - 2024,BLUE BIRD HOUSING LTD,BLUE BIRD HOUSING 79 HOE STREET E17 STO," 1,458.33 ", -   ," 1,458.33 ",
12/12/2023,11. Nov'23 to Jan'24,Q1 - 2024,BLUE BIRD HOUSING LTD,," (1,458.33)", -   ," (1,458.33)",
12/12/2023,11. Nov'23 to Jan'24,Q1 - 2024,BLUE BIRD HOUSING LTD,," 1,458.33 ", -   ," 1,458.33 ",
12/12/2023,11. Nov'23 to Jan'24,Q1 - 2024,BLUE BIRD HOUSING LTD,," 1,458.33 ", -   ," 1,458.33 ",
12/01/2024,11. Nov'23 to Jan'24,Q1 - 2024,BLUE BIRD HOUSING LTD,BLUE BIRD HOUS 79 HOE STREET E17 REV 1114 Payee bank response: Sort Code / Account Number Unknown," (1,458.33)", -   ," (1,458.33)",
12/01/2024,11. Nov'23 to Jan'24,Q1 - 2024,BLUE BIRD HOUSING LTD,BLUE BIRD HOUSING TX243 STO," 1,458.33 ", -   ," 1,458.33 ",
12/01/2024,11. Nov'23 to Jan'24,Q1 - 2024,BLUE BIRD HOUSING LTD,," 1,458.33 ", -   ," 1,458.33 ",
24/11/2023,11. Nov'23 to Jan'24,Q1 - 2024,British Assessment Bureau,," 3,633.60 ", 605.60 ," 3,028.00 ",
01/11/2023,11. Nov'23 to Jan'24,Q1 - 2024,British Red Cross,, 10.00 , -   , 10.00 ,
01/12/2023,11. Nov'23 to Jan'24,Q1 - 2024,British Red Cross,, 10.00 , -   , 10.00 ,
22/01/2024,11. Nov'23 to Jan'24,Q1 - 2024,CASTLE WATER LTD,, 15.31 , -   , 15.31 ,
29/01/2024,11. Nov'23 to Jan'24,Q1 - 2024,CHAI KADAI,CHAI KADAI ON 27 JAN CLP, 171.45 , -   , 171.45 ,
25/01/2024,11. Nov'23 to Jan'24,Q1 - 2024,CONCORD,CONCORD TRANSPORT U.A.EMIRATES AMOUNT IN AED 150.00 ON 24 JAN VISA 4.643862 FINAL GBP AMOUNT INCLUDES NON-STERLING TRANS FEE £0.89, 33.19 , -   , 33.19 ,
20/11/2023,11. Nov'23 to Jan'24,Q1 - 2024,coursera,, 38.00 , 6.33 , 31.67 ,
18/12/2023,11. Nov'23 to Jan'24,Q1 - 2024,coursera,, 38.00 , 6.33 , 31.67 ,
16/01/2024,11. Nov'23 to Jan'24,Q1 - 2024,coursera,, 38.00 , 6.33 , 31.67 ,
11/12/2023,11. Nov'23 to Jan'24,Q1 - 2024,Craig A Willets,, 350.00 , 58.33 , 291.67 ,
06/11/2023,11. Nov'23 to Jan'24,Q1 - 2024,CURRYS,, 18.00 , -   , 18.00 ,
05/12/2023,11. Nov'23 to Jan'24,Q1 - 2024,CURRYS,, 18.00 , -   , 18.00 ,
05/01/2024,11. Nov'23 to Jan'24,Q1 - 2024,CURRYS,, 18.00 , -   , 18.00 ,
02/01/2024,11. Nov'23 to Jan'24,Q1 - 2024,David Lloyd,, 255.50 , -   , 255.50 ,
14/11/2023,11. Nov'23 to Jan'24,Q1 - 2024,Dropbox,, 9.98 , 1.66 , 8.32 ,
14/12/2023,11. Nov'23 to Jan'24,Q1 - 2024,Dropbox,, 9.98 , 1.66 , 8.32 ,
12/01/2024,11. Nov'23 to Jan'24,Q1 - 2024,Dropbox,, 95.88 , 15.98 , 79.90 ,
15/01/2024,11. Nov'23 to Jan'24,Q1 - 2024,Dropbox,, 9.98 , 1.66 , 8.32 ,
25/01/2024,11. Nov'23 to Jan'24,Q1 - 2024,Dubai Duty Free,DUBAI DUTY FREE C2 U.A.EMIRATES AMOUNT IN AED 3071.53 ON 24 JAN VISA 4.643862 FINAL GBP AMOUNT INCLUDES NON-STERLING TRANS FEE £18.19, 679.61 , -   , 679.61 ,
25/01/2024,11. Nov'23 to Jan'24,Q1 - 2024,Dubai Duty Free,DUBAI DUTY FREE C2 U.A.EMIRATES ON 24 JAN CPM," 5,809.79 ", -   ," 5,809.79 ",
01/11/2023,11. Nov'23 to Jan'24,Q1 - 2024,DVLA VECHICLE TAX,, 45.50 , -   , 45.50 ,
01/12/2023,11. Nov'23 to Jan'24,Q1 - 2024,DVLA VECHICLE TAX,, 49.93 , -   , 49.93 ,
04/12/2023,11. Nov'23 to Jan'24,Q1 - 2024,DVLA VECHICLE TAX,, 299.25 , -   , 299.25 ,
02/01/2024,11. Nov'23 to Jan'24,Q1 - 2024,DVLA VECHICLE TAX,, 49.87 , -   , 49.87 ,
02/01/2024,11. Nov'23 to Jan'24,Q1 - 2024,DXB Airport,, 68.81 , -   , 68.81 ,
19/01/2024,11. Nov'23 to Jan'24,Q1 - 2024,DXB Marina,, 38.65 , -   , 38.65 ,
24/11/2023,11. Nov'23 to Jan'24,Q1 - 2024,EE LIMITED,, 93.56 , 15.59 , 77.97 ,
27/12/2023,11. Nov'23 to Jan'24,Q1 - 2024,EE LIMITED,, 94.03 , 15.67 , 78.36 ,
05/01/2024,11. Nov'23 to Jan'24,Q1 - 2024,EE LIMITED,, 9.98 , 1.66 , 8.32 ,
24/01/2024,11. Nov'23 to Jan'24,Q1 - 2024,EE LIMITED,EE LIMITED QXXXXXXXXXXXX71117 DDR, 100.51 , 16.75 , 83.76 ,
23/01/2024,11. Nov'23 to Jan'24,Q1 - 2024,EE LIMITED,, 6.00 , 1.00 , 5.00 ,
09/11/2023,11. Nov'23 to Jan'24,Q1 - 2024,EMAC LTD,, 21.32 , 3.55 , 17.77 ,
11/12/2023,11. Nov'23 to Jan'24,Q1 - 2024,EMAC LTD,, 21.32 , 3.55 , 17.77 ,
09/01/2024,11. Nov'23 to Jan'24,Q1 - 2024,EMAC LTD,, 21.33 , -   , 21.33 ,
08/01/2024,11. Nov'23 to Jan'24,Q1 - 2024,Emirates,, 90.00 , -   , 90.00 ,
08/01/2024,11. Nov'23 to Jan'24,Q1 - 2024,Emirates,, 239.35 , -   , 239.35 ,
10/01/2024,11. Nov'23 to Jan'24,Q1 - 2024,Emirates,, 175.91 , -   , 175.91 ,
18/01/2024,11. Nov'23 to Jan'24,Q1 - 2024,Emirates,, 69.75 , -   , 69.75 ,
27/11/2023,11. Nov'23 to Jan'24,Q1 - 2024,FAB4 SECURITY LTD,," 19,388.98 "," 3,231.50 "," 16,157.48 ",
27/12/2023,11. Nov'23 to Jan'24,Q1 - 2024,FAB4 SECURITY LTD,," 10,558.46 "," 1,759.74 "," 8,798.72 ",
25/01/2024,11. Nov'23 to Jan'24,Q1 - 2024,FAB4 SECURITY LTD,FAB4 SECURITY LTD AS INVOICED BBP," 9,030.41 "," 1,505.07 "," 7,525.34 ",
08/11/2023,11. Nov'23 to Jan'24,Q1 - 2024,First4Freelancers Ltd,," 50,000.00 "," 8,333.33 "," 41,666.67 ",
10/11/2023,11. Nov'23 to Jan'24,Q1 - 2024,First4Freelancers Ltd,," 30,000.00 "," 5,000.00 "," 25,000.00 ",
17/11/2023,11. Nov'23 to Jan'24,Q1 - 2024,First4Freelancers Ltd,," 40,000.00 "," 6,666.67 "," 33,333.33 ",
07/12/2023,11. Nov'23 to Jan'24,Q1 - 2024,First4Freelancers Ltd,," 30,000.00 "," 5,000.00 "," 25,000.00 ",
11/12/2023,11. Nov'23 to Jan'24,Q1 - 2024,First4Freelancers Ltd,," 20,000.00 "," 3,333.33 "," 16,666.67 ",
18/12/2023,11. Nov'23 to Jan'24,Q1 - 2024,First4Freelancers Ltd,," 30,000.00 "," 5,000.00 "," 25,000.00 ",
11/01/2024,11. Nov'23 to Jan'24,Q1 - 2024,First4Freelancers Ltd,," 25,000.00 "," 4,166.67 "," 20,833.33 ",
11/01/2024,11. Nov'23 to Jan'24,Q1 - 2024,First4Freelancers Ltd,," 50,000.00 "," 8,333.33 "," 41,666.67 ",
16/01/2024,11. Nov'23 to Jan'24,Q1 - 2024,First4Freelancers Ltd,," 30,000.00 "," 5,000.00 "," 25,000.00 ",
22/01/2024,11. Nov'23 to Jan'24,Q1 - 2024,five hotel DXB,, 75.15 , -   , 75.15 ,
22/01/2024,11. Nov'23 to Jan'24,Q1 - 2024,five hotel DXB,, 963.47 , -   , 963.47 ,
22/01/2024,11. Nov'23 to Jan'24,Q1 - 2024,five hotel DXB,, 33.16 , -   , 33.16 ,
22/01/2024,11. Nov'23 to Jan'24,Q1 - 2024,five hotel DXB,, 218.17 , -   , 218.17 ,
23/01/2024,11. Nov'23 to Jan'24,Q1 - 2024,five hotel DXB,, 867.70 , -   , 867.70 ,
29/12/2023,11. Nov'23 to Jan'24,Q1 - 2024,FMF Facility Ltd,," 3,416.56 ", -   ," 3,416.56 ",
23/11/2023,11. Nov'23 to Jan'24,Q1 - 2024,GETADDRESS.IO,, 30.00 , 5.00 , 25.00 ,
27/12/2023,11. Nov'23 to Jan'24,Q1 - 2024,GETADDRESS.IO,, 30.00 , 5.00 , 25.00 ,
23/01/2024,11. Nov'23 to Jan'24,Q1 - 2024,GETADDRESS.IO,, 30.00 , 5.00 , 25.00 ,
03/11/2023,11. Nov'23 to Jan'24,Q1 - 2024,GOOGLE,, 13.00 , 2.17 , 10.83 ,
02/01/2024,11. Nov'23 to Jan'24,Q1 - 2024,GOOGLE,, 13.00 , 2.17 , 10.83 ,
27/12/2023,11. Nov'23 to Jan'24,Q1 - 2024,Govt. Taxes,, 2.50 , -   , 2.50 ,
27/12/2023,11. Nov'23 to Jan'24,Q1 - 2024,Govt. Taxes,, 2.50 , -   , 2.50 ,
02/01/2024,11. Nov'23 to Jan'24,Q1 - 2024,Hayatt,, 308.53 , -   , 308.53 ,
07/11/2023,11. Nov'23 to Jan'24,Q1 - 2024,HLAM REGULAR SAVIN,," 1,000.00 ", -   ," 1,000.00 ",
14/11/2023,11. Nov'23 to Jan'24,Q1 - 2024,HMRC PAYE,," 50,000.00 ", -   ," 50,000.00 ",
23/11/2023,11. Nov'23 to Jan'24,Q1 - 2024,HMRC PAYE,," 5,480.46 ", -   ," 5,480.46 ",
12/12/2023,11. Nov'23 to Jan'24,Q1 - 2024,HMRC PAYE,," 49,715.41 ", -   ," 49,715.41 ",
27/12/2023,11. Nov'23 to Jan'24,Q1 - 2024,HMRC PAYE,," 6,960.17 ", -   ," 6,960.17 ",
25/01/2024,11. Nov'23 to Jan'24,Q1 - 2024,HMRC PAYE,HMRC SDDS XXXXXX4569 DDR," 5,341.86 ", -   ," 5,341.86 ",
11/01/2024,11. Nov'23 to Jan'24,Q1 - 2024,HWH Dx Fix,, 19.85 , 3.31 , 16.54 ,
07/12/2023,11. Nov'23 to Jan'24,Q1 - 2024,INDEED TEL IRELAND,, 0.92 , -   , 0.92 ,
29/01/2024,11. Nov'23 to Jan'24,Q1 - 2024,INDEED TEL IRELAND,CANVA* I04044-2387 USA ON 28 JAN CPM, 12.99 , -   , 12.99 ,
02/11/2023,11. Nov'23 to Jan'24,Q1 - 2024,INTUIT LIMITED,, 98.82 , 16.47 , 82.35 ,
04/12/2023,11. Nov'23 to Jan'24,Q1 - 2024,INTUIT LIMITED,, 68.40 , 11.40 , 57.00 ,
05/01/2024,11. Nov'23 to Jan'24,Q1 - 2024,INTUIT LIMITED,, 68.40 , 11.40 , 57.00 ,
20/11/2023,11. Nov'23 to Jan'24,Q1 - 2024,Journeys,, 9.97 , -   , 9.97 ,
20/12/2023,11. Nov'23 to Jan'24,Q1 - 2024,Journeys,, 9.76 , 1.63 , 8.13 ,
22/01/2024,11. Nov'23 to Jan'24,Q1 - 2024,Journeys,, 9.75 , -   , 9.75 ,
18/12/2023,11. Nov'23 to Jan'24,Q1 - 2024,Kamal Hussain,," 1,820.68 ", -   ," 1,820.68 ",
12/01/2024,11. Nov'23 to Jan'24,Q1 - 2024,Kamal Hussain,," 1,843.40 ", -   ," 1,843.40 ",
19/01/2024,11. Nov'23 to Jan'24,Q1 - 2024,Kian Reef Trading,, 121.76 , 20.29 , 101.47 ,
15/11/2023,11. Nov'23 to Jan'24,Q1 - 2024,LB havering,, 251.00 , -   , 251.00 ,
06/11/2023,11. Nov'23 to Jan'24,Q1 - 2024,LINKEDIN LTD,, 69.98 , 11.66 , 58.32 ,
15/11/2023,11. Nov'23 to Jan'24,Q1 - 2024,LINKEDIN LTD,, 95.99 , 16.00 , 79.99 ,
15/01/2024,11. Nov'23 to Jan'24,Q1 - 2024,London Borough of Havering,, 251.00 , 41.83 , 209.17 ,
08/11/2023,11. Nov'23 to Jan'24,Q1 - 2024,MAYFAIR SECURITY LIMITED,," 5,902.36 ", 983.73 ," 4,918.63 ",
22/11/2023,11. Nov'23 to Jan'24,Q1 - 2024,MAYFAIR SECURITY LIMITED,," 17,990.00 "," 2,998.33 "," 14,991.67 ",
01/12/2023,11. Nov'23 to Jan'24,Q1 - 2024,MAYFAIR SECURITY LIMITED,," 5,000.00 ", 833.33 ," 4,166.67 ",
04/12/2023,11. Nov'23 to Jan'24,Q1 - 2024,MAYFAIR SECURITY LIMITED,," 11,099.52 "," 1,849.92 "," 9,249.60 ",
29/12/2023,11. Nov'23 to Jan'24,Q1 - 2024,MAYFAIR SECURITY LIMITED,," 5,000.00 ", 833.33 ," 4,166.67 ",
02/01/2024,11. Nov'23 to Jan'24,Q1 - 2024,MAYFAIR SECURITY LIMITED,," 15,000.00 "," 2,500.00 "," 12,500.00 ",
12/01/2024,11. Nov'23 to Jan'24,Q1 - 2024,MAYFAIR SECURITY LIMITED,," 10,700.00 "," 1,783.33 "," 8,916.67 ",
25/01/2024,11. Nov'23 to Jan'24,Q1 - 2024,MAYFAIR SECURITY LIMITED,APOLLO BUSINESS FI MAYFAIR SECURITY G BBP," 19,144.80 "," 3,190.80 "," 15,954.00 ",
06/11/2023,11. Nov'23 to Jan'24,Q1 - 2024,MICROSOFT LIMITED,, 34.19 , 5.70 , 28.49 ,
06/11/2023,11. Nov'23 to Jan'24,Q1 - 2024,MICROSOFT LIMITED,, 49.56 , 8.26 , 41.30 ,
06/11/2023,11. Nov'23 to Jan'24,Q1 - 2024,MICROSOFT LIMITED,, 87.12 , 14.52 , 72.60 ,
20/11/2023,11. Nov'23 to Jan'24,Q1 - 2024,MICROSOFT LIMITED,, 11.28 , 1.88 , 9.40 ,
05/12/2023,11. Nov'23 to Jan'24,Q1 - 2024,MICROSOFT LIMITED,, 87.12 , 14.52 , 72.60 ,
05/12/2023,11. Nov'23 to Jan'24,Q1 - 2024,MICROSOFT LIMITED,, 24.72 , 4.12 , 20.60 ,
05/12/2023,11. Nov'23 to Jan'24,Q1 - 2024,MICROSOFT LIMITED,, 49.56 , 8.26 , 41.30 ,
05/01/2024,11. Nov'23 to Jan'24,Q1 - 2024,MICROSOFT LIMITED,, 87.12 , 14.52 , 72.60 ,
05/01/2024,11. Nov'23 to Jan'24,Q1 - 2024,MICROSOFT LIMITED,, 24.72 , 4.12 , 20.60 ,
05/01/2024,11. Nov'23 to Jan'24,Q1 - 2024,MICROSOFT LIMITED,, 49.56 , 8.26 , 41.30 ,
10/01/2024,11. Nov'23 to Jan'24,Q1 - 2024,Millennium Place UAE,, 99.38 , -   , 99.38 ,
10/01/2024,11. Nov'23 to Jan'24,Q1 - 2024,Millennium Place UAE,, 99.25 , -   , 99.25 ,
01/11/2023,11. Nov'23 to Jan'24,Q1 - 2024,MMBA ACCOUNTANTS LIMITED,, 480.00 , 80.00 , 400.00 ,
01/12/2023,11. Nov'23 to Jan'24,Q1 - 2024,MMBA ACCOUNTANTS LIMITED,, 480.00 , 80.00 , 400.00 ,
02/01/2024,11. Nov'23 to Jan'24,Q1 - 2024,MMBA ACCOUNTANTS LIMITED,, 480.00 , 80.00 , 400.00 ,
21/12/2023,11. Nov'23 to Jan'24,Q1 - 2024,Moxie Security Ltd,," (2,824.80)", (470.80)," (2,354.00)",
21/12/2023,11. Nov'23 to Jan'24,Q1 - 2024,Moxie Security Ltd,," 2,824.80 ", 470.80 ," 2,354.00 ",
01/11/2023,11. Nov'23 to Jan'24,Q1 - 2024,NDCS,, 10.00 , -   , 10.00 ,
05/12/2023,11. Nov'23 to Jan'24,Q1 - 2024,Now A Ents,, 9.99 , -   , 9.99 ,
01/12/2023,11. Nov'23 to Jan'24,Q1 - 2024,Now Dddfc Ents,, 37.50 , -   , 37.50 ,
23/11/2023,11. Nov'23 to Jan'24,Q1 - 2024,Now DF Boost,, 6.00 , 1.00 , 5.00 ,
23/11/2023,11. Nov'23 to Jan'24,Q1 - 2024,ONE CALL INSURANCE,, 35.41 , 5.90 , 29.51 ,
27/12/2023,11. Nov'23 to Jan'24,Q1 - 2024,ONE CALL INSURANCE,, 35.41 , 5.90 , 29.51 ,
23/01/2024,11. Nov'23 to Jan'24,Q1 - 2024,ONE CALL INSURANCE,, 35.41 , 5.90 , 29.51 ,
11/01/2024,11. Nov'23 to Jan'24,Q1 - 2024,One.com,, 41.98 , -   , 41.98 ,
08/11/2023,11. Nov'23 to Jan'24,Q1 - 2024,Openai USA,, 24.40 , -   , 24.40 ,
10/11/2023,11. Nov'23 to Jan'24,Q1 - 2024,Origin Security Limited  ,," 17,029.54 "," 2,838.26 "," 14,191.28 ",
04/12/2023,11. Nov'23 to Jan'24,Q1 - 2024,Origin Security Limited  ,," 11,000.00 "," 1,833.33 "," 9,166.67 ",
11/12/2023,11. Nov'23 to Jan'24,Q1 - 2024,Origin Security Limited  ,," 25,689.00 "," 4,281.50 "," 21,407.50 ",
11/01/2024,11. Nov'23 to Jan'24,Q1 - 2024,Origin Security Limited  ,," 20,000.00 ", -   ," 20,000.00 ",
12/01/2024,11. Nov'23 to Jan'24,Q1 - 2024,Origin Security Limited  ,," 20,788.00 "," 3,464.67 "," 17,323.33 ",
18/01/2024,11. Nov'23 to Jan'24,Q1 - 2024,Origin Security Limited  ,," 5,000.00 ", -   ," 5,000.00 ",
21/12/2023,11. Nov'23 to Jan'24,Q1 - 2024,pipedriveUK,, 71.88 , 11.98 , 59.90 ,
22/01/2024,11. Nov'23 to Jan'24,Q1 - 2024,pipedriveUK,, 71.88 , 11.98 , 59.90 ,
06/11/2023,11. Nov'23 to Jan'24,Q1 - 2024,PROPERTYDATA,, 60.00 , 10.00 , 50.00 ,
04/12/2023,11. Nov'23 to Jan'24,Q1 - 2024,PROPERTYDATA,, 60.00 , -   , 60.00 ,
04/01/2024,11. Nov'23 to Jan'24,Q1 - 2024,PROPERTYDATA,, 60.00 , 10.00 , 50.00 ,
27/12/2023,11. Nov'23 to Jan'24,Q1 - 2024,Radleigh Security & FM Limited,," 4,295.33 ", 715.89 ," 3,579.44 ",
29/12/2023,11. Nov'23 to Jan'24,Q1 - 2024,Radleigh Security & FM Limited,," 6,932.80 "," 1,155.47 "," 5,777.33 ",
29/12/2023,11. Nov'23 to Jan'24,Q1 - 2024,Rans Intl,," 5,500.00 ", 916.67 ," 4,583.33 ",
13/12/2023,11. Nov'23 to Jan'24,Q1 - 2024,Rans Intl,," 6,500.00 ", -   ," 6,500.00 ",
16/01/2024,11. Nov'23 to Jan'24,Q1 - 2024,Rans Intl,," 5,000.00 ", -   ," 5,000.00 ",
11/12/2023,11. Nov'23 to Jan'24,Q1 - 2024,Redbridge Council,, 65.00 , 10.83 , 54.17 ,
11/12/2023,11. Nov'23 to Jan'24,Q1 - 2024,Refine Security Services Ltd,," 12,621.00 ", -   ," 12,621.00 ",
12/01/2024,11. Nov'23 to Jan'24,Q1 - 2024,Refine Security Services Ltd,," 28,898.00 "," 4,816.33 "," 24,081.67 ",
06/11/2023,11. Nov'23 to Jan'24,Q1 - 2024,ReMITLY,, 152.99 , -   , 152.99 ,
11/01/2024,11. Nov'23 to Jan'24,Q1 - 2024,Rest Aroos Al Baha,, 53.59 , -   , 53.59 ,
27/11/2023,11. Nov'23 to Jan'24,Q1 - 2024,RIA Security Ltd,, 154.80 , 25.80 , 129.00 ,
27/12/2023,11. Nov'23 to Jan'24,Q1 - 2024,RIA Security Ltd,, 619.20 , 103.20 , 516.00 ,
25/01/2024,11. Nov'23 to Jan'24,Q1 - 2024,RKFM Ltd,RK FM LTD INVOICE BBP," 1,795.20 ", 299.20 ," 1,496.00 ",
08/01/2024,11. Nov'23 to Jan'24,Q1 - 2024,Rotana Start,," 1,106.59 ", -   ," 1,106.59 ",
08/01/2024,11. Nov'23 to Jan'24,Q1 - 2024,Rotana Start,, 58.37 , -   , 58.37 ,
22/11/2023,11. Nov'23 to Jan'24,Q1 - 2024,SANTANDER CONSUMER,, 999.07 , 166.51 , 832.56 ,
22/12/2023,11. Nov'23 to Jan'24,Q1 - 2024,SANTANDER CONSUMER,, 999.07 , 166.51 , 832.56 ,
22/01/2024,11. Nov'23 to Jan'24,Q1 - 2024,SANTANDER CONSUMER,, 999.07 , 166.51 , 832.56 ,
21/12/2023,11. Nov'23 to Jan'24,Q1 - 2024,SECURITY INDUSTRY,, 555.00 , 92.50 , 462.50 ,
03/01/2024,11. Nov'23 to Jan'24,Q1 - 2024,Seed Legals,," 1,198.80 ", 199.80 , 999.00 ,
27/11/2023,11. Nov'23 to Jan'24,Q1 - 2024,SEQURE24 SECURITY LTD,," 11,514.66 "," 1,919.11 "," 9,595.55 ",
27/11/2023,11. Nov'23 to Jan'24,Q1 - 2024,SEQURE24 SECURITY LTD,," 3,966.52 ", 661.09 ," 3,305.43 ",
27/12/2023,11. Nov'23 to Jan'24,Q1 - 2024,SEQURE24 SECURITY LTD,," 9,261.00 "," 1,543.50 "," 7,717.50 ",
29/12/2023,11. Nov'23 to Jan'24,Q1 - 2024,SEQURE24 SECURITY LTD,," 12,588.74 "," 2,098.12 "," 10,490.62 ",
11/12/2023,11. Nov'23 to Jan'24,Q1 - 2024,SHELL,, 50.56 , 8.43 , 42.13 ,
02/11/2023,11. Nov'23 to Jan'24,Q1 - 2024,shish Meze,, 86.90 , 14.48 , 72.42 ,
02/01/2024,11. Nov'23 to Jan'24,Q1 - 2024,sp skin,, 26.10 , 4.35 , 21.75 ,
02/01/2024,11. Nov'23 to Jan'24,Q1 - 2024,sp skin,, 33.49 , 5.58 , 27.91 ,
01/11/2023,11. Nov'23 to Jan'24,Q1 - 2024,St Mungo's,, 10.00 , -   , 10.00 ,
22/01/2024,11. Nov'23 to Jan'24,Q1 - 2024,supercare pharmacy,, 62.73 , -   , 62.73 ,
08/11/2023,11. Nov'23 to Jan'24,Q1 - 2024,SYED ALI,," 2,249.60 ", -   ," 2,249.60 ",
11/12/2023,11. Nov'23 to Jan'24,Q1 - 2024,SYED ALI,," 2,249.80 ", -   ," 2,249.80 ",
11/01/2024,11. Nov'23 to Jan'24,Q1 - 2024,SYED ALI,," 2,321.75 ", -   ," 2,321.75 ",
10/11/2023,11. Nov'23 to Jan'24,Q1 - 2024,syeda Wasif,," 1,808.44 ", -   ," 1,808.44 ",
13/12/2023,11. Nov'23 to Jan'24,Q1 - 2024,syeda Wasif,," 1,808.44 ", -   ," 1,808.44 ",
11/01/2024,11. Nov'23 to Jan'24,Q1 - 2024,syeda Wasif,," 1,808.44 ", -   ," 1,808.44 ",
08/01/2024,11. Nov'23 to Jan'24,Q1 - 2024,The Hotel Aptme UAE,, 130.13 , -   , 130.13 ,
08/01/2024,11. Nov'23 to Jan'24,Q1 - 2024,The Hotel Aptme UAE,, 330.80 , -   , 330.80 ,
27/12/2023,11. Nov'23 to Jan'24,Q1 - 2024,Tmf Motley Fool USA,, 161.45 , -   , 161.45 ,
22/11/2023,11. Nov'23 to Jan'24,Q1 - 2024,Tome App,, 8.26 , 1.38 , 6.88 ,
22/12/2023,11. Nov'23 to Jan'24,Q1 - 2024,Tome App,, 8.14 , 1.36 , 6.78 ,
21/11/2023,11. Nov'23 to Jan'24,Q1 - 2024,Travel Expense,, (204.41), -   , (204.41),
02/01/2024,11. Nov'23 to Jan'24,Q1 - 2024,Travel Expense,, 198.30 , -   , 198.30 ,
10/01/2024,11. Nov'23 to Jan'24,Q1 - 2024,Travel Expense,, 481.08 , -   , 481.08 ,
10/01/2024,11. Nov'23 to Jan'24,Q1 - 2024,Travel Expense,, 92.97 , -   , 92.97 ,
18/01/2024,11. Nov'23 to Jan'24,Q1 - 2024,Travel Expense,, 455.14 , -   , 455.14 ,
18/01/2024,11. Nov'23 to Jan'24,Q1 - 2024,Travel Expense,, 2.44 , -   , 2.44 ,
19/01/2024,11. Nov'23 to Jan'24,Q1 - 2024,Travel Expense,, 31.66 , -   , 31.66 ,
22/01/2024,11. Nov'23 to Jan'24,Q1 - 2024,Travel Expense,, 21.77 , -   , 21.77 ,
22/01/2024,11. Nov'23 to Jan'24,Q1 - 2024,Travel Expense,, 231.76 , -   , 231.76 ,
22/01/2024,11. Nov'23 to Jan'24,Q1 - 2024,Travel Expense,, 8.12 , -   , 8.12 ,
22/01/2024,11. Nov'23 to Jan'24,Q1 - 2024,Travel Expense,, 103.66 , -   , 103.66 ,
22/01/2024,11. Nov'23 to Jan'24,Q1 - 2024,Travel Expense,, 39.33 , -   , 39.33 ,
22/01/2024,11. Nov'23 to Jan'24,Q1 - 2024,Travel Expense,, 53.33 , -   , 53.33 ,
22/01/2024,11. Nov'23 to Jan'24,Q1 - 2024,Travel Expense,, 525.56 , -   , 525.56 ,
22/01/2024,11. Nov'23 to Jan'24,Q1 - 2024,Travel Expense,, 118.82 , -   , 118.82 ,
22/01/2024,11. Nov'23 to Jan'24,Q1 - 2024,Travel Expense,, 118.82 , -   , 118.82 ,
23/01/2024,11. Nov'23 to Jan'24,Q1 - 2024,Travel Expense,, 231.76 , -   , 231.76 ,
23/01/2024,11. Nov'23 to Jan'24,Q1 - 2024,Travel Expense,, 231.76 , -   , 231.76 ,
24/01/2024,11. Nov'23 to Jan'24,Q1 - 2024,Travel Expense,10015105 U.A.EMIRATES ON 24 JAN ATM, 231.29 , -   , 231.29 ,
01/11/2023,11. Nov'23 to Jan'24,Q1 - 2024,VERISURE SERVICES,, 65.80 , 10.97 , 54.83 ,
01/11/2023,11. Nov'23 to Jan'24,Q1 - 2024,VERISURE SERVICES,, 53.59 , 8.93 , 44.66 ,
13/11/2023,11. Nov'23 to Jan'24,Q1 - 2024,VERISURE SERVICES,, 32.80 , 5.47 , 27.33 ,
13/11/2023,11. Nov'23 to Jan'24,Q1 - 2024,VERISURE SERVICES,, 7.40 , -   , 7.40 ,
01/12/2023,11. Nov'23 to Jan'24,Q1 - 2024,VERISURE SERVICES,, 58.36 , 9.73 , 48.63 ,
01/12/2023,11. Nov'23 to Jan'24,Q1 - 2024,VERISURE SERVICES,, 65.80 , 10.97 , 54.83 ,
01/12/2023,11. Nov'23 to Jan'24,Q1 - 2024,VERISURE SERVICES,, 32.80 , 5.47 , 27.33 ,
02/01/2024,11. Nov'23 to Jan'24,Q1 - 2024,VERISURE SERVICES,, 65.80 , 10.97 , 54.83 ,
02/01/2024,11. Nov'23 to Jan'24,Q1 - 2024,VERISURE SERVICES,, 32.80 , 5.47 , 27.33 ,
02/01/2024,11. Nov'23 to Jan'24,Q1 - 2024,VERISURE SERVICES,, 58.36 , 9.73 , 48.63 ,
09/11/2023,11. Nov'23 to Jan'24,Q1 - 2024,virgin Pure,, 33.24 , 5.54 , 27.70 ,
30/11/2023,11. Nov'23 to Jan'24,Q1 - 2024,virgin Pure,, 33.24 , 5.54 , 27.70 ,
04/12/2023,11. Nov'23 to Jan'24,Q1 - 2024,virgin Pure,, 74.99 , 12.50 , 62.49 ,
02/01/2024,11. Nov'23 to Jan'24,Q1 - 2024,virgin Pure,, 33.24 , 5.54 , 27.70 ,
04/01/2024,11. Nov'23 to Jan'24,Q1 - 2024,virgin Pure,, 16.62 , 2.77 , 13.85 ,
22/01/2024,11. Nov'23 to Jan'24,Q1 - 2024,virgin Pure,, 16.62 , 2.77 , 13.85 ,
27/11/2023,11. Nov'23 to Jan'24,Q1 - 2024,VITAL GUARDING FM ,," 8,965.92 "," 1,494.32 "," 7,471.60 ",
27/12/2023,11. Nov'23 to Jan'24,Q1 - 2024,VITAL GUARDING FM ,," 9,421.88 "," 1,570.31 "," 7,851.57 ",
25/01/2024,11. Nov'23 to Jan'24,Q1 - 2024,VITAL GUARDING FM ,VITAL GUARDING FM AS PER INVOICE BBP," 4,230.60 ", 705.10 ," 3,525.50 ",
27/11/2023,11. Nov'23 to Jan'24,Q1 - 2024,VOLKSWAGEN FINANCIAL Services,, 22.49 , 3.75 , 18.74 ,
27/12/2023,11. Nov'23 to Jan'24,Q1 - 2024,VOLKSWAGEN FINANCIAL Services,, 22.49 , 3.75 , 18.74 ,
26/01/2024,11. Nov'23 to Jan'24,Q1 - 2024,VOLKSWAGEN FINANCIAL Services,VWFS UK LIMITED XXXXXXXXXXXX2015 DDR, 22.49 , 3.75 , 18.74 ,
19/01/2024,11. Nov'23 to Jan'24,Q1 - 2024,wane BY Miya,, 111.99 , -   , 111.99 ,
19/01/2024,11. Nov'23 to Jan'24,Q1 - 2024,wane BY Miya,, 38.88 , -   , 38.88 ,
22/11/2023,11. Nov'23 to Jan'24,Q1 - 2024,WELL DUNN LIMITED,, 380.48 , 63.41 , 317.07 ,
22/12/2023,11. Nov'23 to Jan'24,Q1 - 2024,WELL DUNN LIMITED,, 380.48 , 63.41 , 317.07 ,
22/01/2024,11. Nov'23 to Jan'24,Q1 - 2024,WELL DUNN LIMITED,, 380.48 , 63.41 , 317.07 ,
27/11/2023,11. Nov'23 to Jan'24,Q1 - 2024,WG Associates,," 4,863.81 ", -   ," 4,863.81 ",
27/12/2023,11. Nov'23 to Jan'24,Q1 - 2024,WG Associates,," 3,710.93 ", 618.49 ," 3,092.44 ",
25/01/2024,11. Nov'23 to Jan'24,Q1 - 2024,WG Associates,WG ASSOCIATES ONE AS PER INVOICE BBP," 3,886.50 ", -   ," 3,886.50 ",
09/01/2024,11. Nov'23 to Jan'24,Q1 - 2024,Wyndhan,, 642.83 , 107.14 , 535.69 ,
11/01/2024,11. Nov'23 to Jan'24,Q1 - 2024,Wyndhan,, 11.38 , -   , 11.38 ,
27/11/2023,11. Nov'23 to Jan'24,Q1 - 2024,xtensible Logistics,," 2,231.22 ", 371.87 ," 1,859.35 ",
27/12/2023,11. Nov'23 to Jan'24,Q1 - 2024,xtensible Logistics,," 2,178.00 ", -   ," 2,178.00 ",
25/01/2024,11. Nov'23 to Jan'24,Q1 - 2024,xtensible Logistics,XTENSIBLE LOGIX LT AS PER INVOICE BBP," 4,250.60 ", 708.43 ," 3,542.17 ",
02/01/2024,11. Nov'23 to Jan'24,Q1 - 2024,YOURCOMPANY INFO,, 33.60 , 5.60 , 28.00 ,
02/01/2024,11. Nov'23 to Jan'24,Q1 - 2024,YOURCOMPANY INFO,, 151.20 , 25.20 , 126.00 ,
07/02/2024,12. Feb'24 to Apr'24,Q2 - 2024,ACUITY LAW LIMITED,ACUITY LAW LIMITED 102525-0002 BBP," 5,516.82 ", 919.47 ," 4,597.35 ",
27/02/2024,12. Feb'24 to Apr'24,Q2 - 2024,ACUITY LAW LIMITED,ACUITY LAW LIMITED 102525-0002 FT," 8,180.00 "," 1,363.33 "," 6,816.67 ",
28/02/2024,12. Feb'24 to Apr'24,Q2 - 2024,ALLDAYPA Communication,WWW.ALLDAYPA.COM ON 27 FEB BDC, 108.02 , 18.00 , 90.02 ,
28/03/2024,12. Feb'24 to Apr'24,Q2 - 2024,ALLDAYPA Communication,WWW.ALLDAYPA.COM ON 27 MAR BDC, 108.50 , 18.08 , 90.42 ,
30/04/2024,12. Feb'24 to Apr'24,Q2 - 2024,ALLDAYPA Communication,WWW.ALLDAYPA.COM ON 29 APR BDC, 108.50 , 18.08 , 90.42 ,
04/03/2024,12. Feb'24 to Apr'24,Q2 - 2024,APPLE STACK LTD,INVOICE435 * 234995*APPLE STAC* TFR," 20,000.00 "," 3,333.33 "," 16,666.67 ",
06/03/2024,12. Feb'24 to Apr'24,Q2 - 2024,APPLE STACK LTD,INVOICE440 * 161056*APPLE STAC* TFR," 25,000.00 "," 4,166.67 "," 20,833.33 ",
07/03/2024,12. Feb'24 to Apr'24,Q2 - 2024,APPLE STACK LTD,INVOICE445 * 214747*APPLE STAC* TFR," 28,000.00 ",," 28,000.00 ",
18/03/2024,12. Feb'24 to Apr'24,Q2 - 2024,APPLE STACK LTD,invoice4204 * 103846*APPLE STAC* TFR," 24,500.00 ",," 24,500.00 ",
25/03/2024,12. Feb'24 to Apr'24,Q2 - 2024,APPLE STACK LTD,invoice4209 * 223697*APPLE STAC* TFR," 10,000.00 "," 1,666.67 "," 8,333.33 ",
26/02/2024,12. Feb'24 to Apr'24,Q2 - 2024,BIFFA WASTE SERVICES LIMITED,BIFFA WASTE SERVIC G36989 DDR, 112.13 , 18.69 , 93.44 ,
26/02/2024,12. Feb'24 to Apr'24,Q2 - 2024,BIFFA WASTE SERVICES LIMITED,BIFFA WASTE SERVIC B41299 DDR, 101.33 , 16.89 , 84.44 ,
25/03/2024,12. Feb'24 to Apr'24,Q2 - 2024,BIFFA WASTE SERVICES LIMITED,BIFFA WASTE SERVIC G36989 DDR, 140.16 , 23.36 , 116.80 ,
25/03/2024,12. Feb'24 to Apr'24,Q2 - 2024,BIFFA WASTE SERVICES LIMITED,BIFFA WASTE SERVIC B41299 DDR, 126.66 , 21.11 , 105.55 ,
29/04/2024,12. Feb'24 to Apr'24,Q2 - 2024,BIFFA WASTE SERVICES LIMITED,BIFFA WASTE SERVIC B41299 DDR, 101.33 , 16.89 , 84.44 ,
29/04/2024,12. Feb'24 to Apr'24,Q2 - 2024,BIFFA WASTE SERVICES LIMITED,BIFFA WASTE SERVIC G36989 DDR, 112.13 , 18.69 , 93.44 ,
05/03/2024,12. Feb'24 to Apr'24,Q2 - 2024,Capital Protections Ltd,CAPITAL PROTECTION PAYMENT BBP," 2,978.50 ", 496.42 ," 2,482.08 ",
27/03/2024,12. Feb'24 to Apr'24,Q2 - 2024,Capital Protections Ltd,CAPITAL PROTECTION PAYMENT BBP, 260.10 , 43.35 , 216.75 ,
25/04/2024,12. Feb'24 to Apr'24,Q2 - 2024,Capital Protections Ltd,CAPITAL PROTECTION PAYMENT BBP," 2,990.16 ", 498.36 ," 2,491.80 ",
08/03/2024,12. Feb'24 to Apr'24,Q2 - 2024,Creditsafe Business Solutions Limited,Sent Creditsafe Business Solutions Limited," 1,380.01 ",," 1,380.01 ",
26/02/2024,12. Feb'24 to Apr'24,Q2 - 2024,MERCEDES-BENZ UK LIMITED,MBFIN S0EK23GUJ02 S0EK23GUJ022793779 DDR, 426.47 , 71.08 , 355.39 ,
25/03/2024,12. Feb'24 to Apr'24,Q2 - 2024,MERCEDES-BENZ UK LIMITED,MBFIN S0EK23GUJ02 S0EK23GUJ022654556 DDR, 426.47 , 71.08 , 355.39 ,
24/04/2024,12. Feb'24 to Apr'24,Q2 - 2024,MERCEDES-BENZ UK LIMITED,MBFIN S0EK23GUJ02 S0EK23GUJ020016722 DDR, 426.47 , 71.08 , 355.39 ,
01/03/2024,12. Feb'24 to Apr'24,Q2 - 2024,Novogen Labs Ltd,NOVOGEN LABS LTD INVESTMENT FT," 5,000.00 ", 833.33 ," 4,166.67 ",
07/02/2024,12. Feb'24 to Apr'24,Q2 - 2024,O2 (UK) LIMITED T/A Telefónica UK Limited,O2 05331910/001 DDR, 57.71 , 9.62 , 48.09 ,
12/02/2024,12. Feb'24 to Apr'24,Q2 - 2024,O2 (UK) LIMITED T/A Telefónica UK Limited,O2 D11257810 FIRST DDR PAYMENT DDR, 33.74 , 5.62 , 28.12 ,
20/02/2024,12. Feb'24 to Apr'24,Q2 - 2024,O2 (UK) LIMITED T/A Telefónica UK Limited,O2 D3885380 DDR, 24.16 , 4.03 , 20.13 ,
07/03/2024,12. Feb'24 to Apr'24,Q2 - 2024,O2 (UK) LIMITED T/A Telefónica UK Limited,O2 05331910/001 DDR, 57.71 , 9.62 , 48.09 ,
13/03/2024,12. Feb'24 to Apr'24,Q2 - 2024,O2 (UK) LIMITED T/A Telefónica UK Limited,O2 D11257810 DDR, 33.74 , 5.62 , 28.12 ,
20/03/2024,12. Feb'24 to Apr'24,Q2 - 2024,O2 (UK) LIMITED T/A Telefónica UK Limited,O2 D3885380 DDR, 24.16 , 4.03 , 20.13 ,
05/04/2024,12. Feb'24 to Apr'24,Q2 - 2024,O2 (UK) LIMITED T/A Telefónica UK Limited,O2 05331910/001 DDR, 57.71 , 9.62 , 48.09 ,
11/04/2024,12. Feb'24 to Apr'24,Q2 - 2024,O2 (UK) LIMITED T/A Telefónica UK Limited,O2 D11257810 DDR, 60.49 , 10.08 , 50.41 ,
22/04/2024,12. Feb'24 to Apr'24,Q2 - 2024,O2 (UK) LIMITED T/A Telefónica UK Limited,O2 D3885380 DDR, 25.34 , 4.22 , 21.12 ,
16/02/2024,12. Feb'24 to Apr'24,Q2 - 2024,SAGE SOFTWARE LTD,SAGE SOFTWARE LTD PCNHPQC DDR, 181.20 , 30.20 , 151.00 ,
18/03/2024,12. Feb'24 to Apr'24,Q2 - 2024,SAGE SOFTWARE LTD,SAGE SOFTWARE LTD PCNHPQC DDR, 181.20 , 30.20 , 151.00 ,
16/04/2024,12. Feb'24 to Apr'24,Q2 - 2024,SAGE SOFTWARE LTD,SAGE SOFTWARE LTD PCNHPQC DDR, 181.20 , 30.20 , 151.00 ,
01/02/2024,12. Feb'24 to Apr'24,Q2 - 2024,THE Ken Rhodes,THE KEN RHODES GRO RENT/FARRINGDON STO," 3,608.30 ", 601.38 ," 3,006.92 ",
01/03/2024,12. Feb'24 to Apr'24,Q2 - 2024,THE Ken Rhodes,THE KEN RHODES GRO RENT/FARRINGDON STO," 3,608.30 ", 601.38 ," 3,006.92 ",
06/03/2024,12. Feb'24 to Apr'24,Q2 - 2024,THE Ken Rhodes,THE KEN RHODES GRO BILLS/1745 FT," 1,742.12 ", 290.35 ," 1,451.77 ",
02/04/2024,12. Feb'24 to Apr'24,Q2 - 2024,THE Ken Rhodes,THE KEN RHODES GRO RENT/FARRINGDON STO," 3,608.30 ", 601.38 ," 3,006.92 ",
24/04/2024,12. Feb'24 to Apr'24,Q2 - 2024,THE Ken Rhodes,THE KEN RHODES GRO RENT/FARRINGDON FT, 718.46 , 119.74 , 598.72 ,
08/02/2024,12. Feb'24 to Apr'24,Q2 - 2024,Wave Tel Ltd,WAVETEL BUSINESS 1001054 DDR, 159.62 , 26.60 , 133.02 ,
07/03/2024,12. Feb'24 to Apr'24,Q2 - 2024,Wave Tel Ltd,WAVETEL BUSINESS 1001054 DDR, 153.90 , 25.65 , 128.25 ,
05/04/2024,12. Feb'24 to Apr'24,Q2 - 2024,Wave Tel Ltd,WAVETEL BUSINESS 1001054 DDR, 156.08 , 26.01 , 130.07 ,
07/02/2024,12. Feb'24 to Apr'24,Q2 - 2024,xtreme Professional Cleaning Ltd,XTREME PROFESSIONA AS INVOICED BBP," 18,000.00 "," 3,000.00 "," 15,000.00 ",
04/03/2024,12. Feb'24 to Apr'24,Q2 - 2024,xtreme Professional Cleaning Ltd,XTREME PROFESSIONA AS INVOICED FT," 25,000.00 "," 4,166.67 "," 20,833.33 ",
04/04/2024,12. Feb'24 to Apr'24,Q2 - 2024,xtreme Professional Cleaning Ltd,XTREME PROFESSIONA AS INVOICED FT," 25,000.00 "," 4,166.67 "," 20,833.33 ",
30/04/2024,12. Feb'24 to Apr'24,Q2 - 2024,xtreme Professional Cleaning Ltd,Cleaners supplied April 2024," 33,188.40 "," 5,531.40 "," 27,657.00 ",
11/03/2024,12. Feb'24 to Apr'24,Q2 - 2024,1Password,1PASSWORD CANADA AMOUNT IN USD 4.99 ON 08 MAR VISA 1.271999 FINAL GBP AMOUNT INCLUDES NON-STERLING TRANS FEE £0.11, 4.03 ,, 4.03 ,
04/03/2024,12. Feb'24 to Apr'24,Q2 - 2024,A2Z Security Services Ltd,A2Z SECURITY LIMIT AS PER INVOICE BBP," 1,232.00 ", 205.33 ," 1,026.67 ",
25/04/2024,12. Feb'24 to Apr'24,Q2 - 2024,A2Z Security Services Ltd,A2Z SECURITY LTD INVOICE BBP," 1,089.00 ", 181.50 , 907.50 ,
25/04/2024,12. Feb'24 to Apr'24,Q2 - 2024,AAYAN SERIVES BRISTOL LIMITED,AAYAN FOOD BRISTOL INVOICE BBP," 9,141.00 "," 1,523.50 "," 7,617.50 ",
01/02/2024,12. Feb'24 to Apr'24,Q2 - 2024,AB SALUTE GYM LTD,AB SALUTE 45699BE197251049 DDR, 37.50 , 6.25 , 31.25 ,
01/03/2024,12. Feb'24 to Apr'24,Q2 - 2024,AB SALUTE GYM LTD,AB SALUTE 45699BE197251049 DDR, 37.50 , 6.25 , 31.25 ,
02/04/2024,12. Feb'24 to Apr'24,Q2 - 2024,AB SALUTE GYM LTD,AB SALUTE 45699BE197251049 DDR, 37.50 , 6.25 , 31.25 ,
09/02/2024,12. Feb'24 to Apr'24,Q2 - 2024,Abdul AREEF SHAIKH,Sent Abdul Areef Shaik, 375.12 ,, 375.12 ,
09/02/2024,12. Feb'24 to Apr'24,Q2 - 2024,ABDUL RAMEEZ SHEIK,Sent ABDUL RAMEEZ SHEIK, 427.22 ,, 427.22 ,
10/02/2024,12. Feb'24 to Apr'24,Q2 - 2024,ABDUL SAMAD,Sent Abdul Samad, 760.41 ,, 760.41 ,
21/03/2024,12. Feb'24 to Apr'24,Q2 - 2024,ABERDEEN FOODCOURT,ABERDEEN FOODCOURT ON 20 MAR CLP, 7.75 , 1.29 , 6.46 ,
09/02/2024,12. Feb'24 to Apr'24,Q2 - 2024,ADEEL ABBAS,Sent Adeel Abbas, 125.04 ,, 125.04 ,
10/02/2024,12. Feb'24 to Apr'24,Q2 - 2024,ADEEL ABBAS,Sent Adeel Abbas, 30.00 ,, 30.00 ,
09/02/2024,12. Feb'24 to Apr'24,Q2 - 2024,Adegbusi Adeyemi Isaac,Sent Adegbusi Adeyemi Isaac," 1,055.20 ",," 1,055.20 ",
10/02/2024,12. Feb'24 to Apr'24,Q2 - 2024,Adil Yaqoob,Sent Adil Yaqoob," 1,292.80 ",," 1,292.80 ",
09/02/2024,12. Feb'24 to Apr'24,Q2 - 2024,Adjei Kwame Peter,Sent Adjei Kwame Peter, 708.50 ,, 708.50 ,
11/03/2024,12. Feb'24 to Apr'24,Q2 - 2024,ADOBE ACROBAT,Adobe.com IRELAND ON 09 MAR CPM, 19.97 , 3.33 , 16.64 ,
07/02/2024,12. Feb'24 to Apr'24,Q2 - 2024,ADOBE ACROBAT,ADOBE SYSTEMS SOFT IRELAND ON 07 FEB BDC, 9.98 , 1.66 , 8.32 ,
12/02/2024,12. Feb'24 to Apr'24,Q2 - 2024,ADOBE ACROBAT,Adobe.com IRELAND ON 09 FEB CPM, 19.97 , 3.33 , 16.64 ,
15/02/2024,12. Feb'24 to Apr'24,Q2 - 2024,ADOBE ACROBAT,ADOBE SYSTEMS SOFT IRELAND ON 15 FEB BDC, 19.97 , 3.33 , 16.64 ,
07/03/2024,12. Feb'24 to Apr'24,Q2 - 2024,ADOBE ACROBAT,ADOBE SYSTEMS SOFT IRELAND ON 07 MAR BDC, 9.98 , 1.66 , 8.32 ,
15/03/2024,12. Feb'24 to Apr'24,Q2 - 2024,ADOBE ACROBAT,ADOBE SYSTEMS SOFT IRELAND ON 15 MAR BDC, 19.97 ,, 19.97 ,
08/04/2024,12. Feb'24 to Apr'24,Q2 - 2024,ADOBE ACROBAT,Adobe IRELAND ON 07 APR BDC, 9.98 ,, 9.98 ,
10/04/2024,12. Feb'24 to Apr'24,Q2 - 2024,ADOBE ACROBAT,Adobe IRELAND ON 09 APR CPM, 19.97 , 3.33 , 16.64 ,
15/04/2024,12. Feb'24 to Apr'24,Q2 - 2024,ADOBE ACROBAT,Adobe IRELAND ON 15 APR BDC, 19.97 , 3.33 , 16.64 ,
10/02/2024,12. Feb'24 to Apr'24,Q2 - 2024,AFZAAL MAJEED,Sent Afzaal Majeed," 2,393.13 ",," 2,393.13 ",
02/03/2024,12. Feb'24 to Apr'24,Q2 - 2024,Ahrar Jawaid,Sent Ahrar Jawaid, 150.00 ,, 150.00 ,
02/03/2024,12. Feb'24 to Apr'24,Q2 - 2024,Ahrar Jawaid,Sent Ahrar Jawaid, 150.00 ,, 150.00 ,
06/03/2024,12. Feb'24 to Apr'24,Q2 - 2024,Ahrar Jawaid,Sent Ahrar Jawaid, 150.00 ,, 150.00 ,
06/04/2024,12. Feb'24 to Apr'24,Q2 - 2024,Ahrar Jawaid,Sent Ahrar Jawaid, 150.00 ,, 150.00 ,
10/02/2024,12. Feb'24 to Apr'24,Q2 - 2024,AHTISHAM RAHEEM,Sent AHTISHAM RAHEEM, 880.00 ,, 880.00 ,
13/02/2024,12. Feb'24 to Apr'24,Q2 - 2024,Ajab Ehsan ul Haq,Sent Ajab Ehsan Ul Haq, 882.00 ,, 882.00 ,
10/02/2024,12. Feb'24 to Apr'24,Q2 - 2024,Akhil Kumar Sapadi,Sent Akhil Kumar Sapadi," 2,580.59 ",," 2,580.59 ",
09/02/2024,12. Feb'24 to Apr'24,Q2 - 2024,Alade Samson,Sent Alade Samson, 270.92 ,, 270.92 ,
10/02/2024,12. Feb'24 to Apr'24,Q2 - 2024,ALI HASSNAIN,Sent Ali Hassnain," 2,334.91 ",," 2,334.91 ",
27/02/2024,12. Feb'24 to Apr'24,Q2 - 2024,Alliance Facilities Management Limited,ALLIANCE FACILITY AS INVOICED BBP," 13,535.51 "," 2,255.92 "," 11,279.59 ",
05/03/2024,12. Feb'24 to Apr'24,Q2 - 2024,Alliance Facilities Management Limited,ALLIANCE FACILITY AS INVOICED BBP," 2,263.45 ", 377.24 ," 1,886.21 ",
27/03/2024,12. Feb'24 to Apr'24,Q2 - 2024,Alliance Facilities Management Limited,ALLIANCE FACILITY AS INVOICED BBP, 602.10 , 100.35 , 501.75 ,
05/03/2024,12. Feb'24 to Apr'24,Q2 - 2024,ALPHA REALTORS LTD,Sent Alpha Realtors LTD," 1,675.00 ",," 1,675.00 ",
24/04/2024,12. Feb'24 to Apr'24,Q2 - 2024,AMAZON,AMAZON* 204-012733 ON 23 APR BDC, 35.69 , 5.95 , 29.74 ,
29/04/2024,12. Feb'24 to Apr'24,Q2 - 2024,AMAZON,AMAZON* 204-896971 ON 26 APR BDC, 30.98 , 5.16 , 25.82 ,
24/04/2024,12. Feb'24 to Apr'24,Q2 - 2024,AMAZON,AMZNMktplace*HD43X ON 23 APR BDC, 14.98 , 2.50 , 12.48 ,
09/02/2024,12. Feb'24 to Apr'24,Q2 - 2024,AMEER HAMZA,Sent Ameer hamza, 729.40 ,, 729.40 ,
10/02/2024,12. Feb'24 to Apr'24,Q2 - 2024,Anwar Hegazy,Sent Anwar Hegazy, 750.24 ,, 750.24 ,
22/03/2024,12. Feb'24 to Apr'24,Q2 - 2024,APCOA Parking,APCOA - HAL - SS T ON 20 MAR CLP, 88.00 ,, 88.00 ,
12/02/2024,12. Feb'24 to Apr'24,Q2 - 2024,Apple,APPLE STORE R242 ON 10 FEB CLP, 179.99 , 30.00 , 149.99 ,
19/02/2024,12. Feb'24 to Apr'24,Q2 - 2024,Apple,APPLE.COM/BILL IRELAND ON 17 FEB CPM, 69.98 , 11.66 , 58.32 ,
08/02/2024,12. Feb'24 to Apr'24,Q2 - 2024,Apple,APPLE.COM/BILL IRELAND ON 08 FEB CPM, 31.03 , 5.17 , 25.86 ,
30/03/2024,12. Feb'24 to Apr'24,Q2 - 2024,Apple,APPLE.COM/BILL IRELAND ON 30 MAR CPM, 16.99 , 2.83 , 14.16 ,
19/02/2024,12. Feb'24 to Apr'24,Q2 - 2024,Apple,DU APPLE PAY U.A.EMIRATES AMOUNT IN AED 45.00 ON 16 FEB VISA 4.604582 FINAL GBP AMOUNT INCLUDES NON-STERLING TRANS FEE £0.27, 10.04 , 1.67 , 8.37 ,
03/04/2024,12. Feb'24 to Apr'24,Q2 - 2024,Apple,APPLE.COM/BILL IRELAND ON 02 APR BDC, 8.99 ,, 8.99 ,
05/02/2024,12. Feb'24 to Apr'24,Q2 - 2024,Apple,APPLE.COM/BILL IRELAND ON 02 FEB BDC, 8.99 , 1.50 , 7.49 ,
30/03/2024,12. Feb'24 to Apr'24,Q2 - 2024,Apple,APPLE.COM/BILL IRELAND ON 30 MAR CPM, 5.99 , 1.00 , 4.99 ,
30/03/2024,12. Feb'24 to Apr'24,Q2 - 2024,Apple,APPLE.COM/BILL IRELAND ON 30 MAR CPM, 4.99 , 0.83 , 4.16 ,
30/03/2024,12. Feb'24 to Apr'24,Q2 - 2024,Apple,APPLE.COM/BILL IRELAND ON 30 MAR CPM, 2.99 , 0.50 , 2.49 ,
07/03/2024,12. Feb'24 to Apr'24,Q2 - 2024,ARABIA TAXI,ARABIA TAXI U.A.EMIRATES AMOUNT IN AED 12.50 ON 06 MAR VISA 4.652072 FINAL GBP AMOUNT INCLUDES NON-STERLING TRANS FEE £0.07, 2.76 ,, 2.76 ,
18/03/2024,12. Feb'24 to Apr'24,Q2 - 2024,ARGOS LTD,WWW.ARGOS.CO.UK ON 17 MAR BDC, 95.95 , 15.99 , 79.96 ,
03/04/2024,12. Feb'24 to Apr'24,Q2 - 2024,ARGOS LTD,WWW.ARGOS.CO.UK ON 02 APR BDC, 70.00 , 11.67 , 58.33 ,
19/04/2024,12. Feb'24 to Apr'24,Q2 - 2024,ARGOS LTD,WWW.ARGOS.CO.UK ON 18 APR BDC, 109.99 , 18.33 , 91.66 ,
09/04/2024,12. Feb'24 to Apr'24,Q2 - 2024,Arub Dc,ARUN DC ONLINE PAY ON 05 APR BDC, 25.00 , 4.17 , 20.83 ,
09/04/2024,12. Feb'24 to Apr'24,Q2 - 2024,Arub Dc,ARUN DC ONLINE PAY ON 05 APR BDC, 35.00 , 5.83 , 29.17 ,
09/02/2024,12. Feb'24 to Apr'24,Q2 - 2024,Asad Azeem,Sent Asad Azeem, 750.24 ,, 750.24 ,
09/02/2024,12. Feb'24 to Apr'24,Q2 - 2024,Asad Raza,Sent Asad Raza, 333.44 ,, 333.44 ,
01/02/2024,12. Feb'24 to Apr'24,Q2 - 2024,Assets service fee,Assets fee, 0.49 ,, 0.49 ,
01/03/2024,12. Feb'24 to Apr'24,Q2 - 2024,Assets service fee,Assets fee, 1.06 ,, 1.06 ,
01/04/2024,12. Feb'24 to Apr'24,Q2 - 2024,Assets service fee,Assets fee, 1.84 ,, 1.84 ,
22/03/2024,12. Feb'24 to Apr'24,Q2 - 2024,Avis UK,AVIS RENT-A-CAR ON 20 MAR BDC, 56.75 , 9.46 , 47.29 ,
21/03/2024,12. Feb'24 to Apr'24,Q2 - 2024,BA INFLIGHT,BA INFLIGHT SALES IRELAND ON 20 MAR BDC, 4.99 ,, 4.99 ,
04/03/2024,12. Feb'24 to Apr'24,Q2 - 2024,Bank Charges,CHARGES*234995* INVOICE435 * TFR, 15.00 ,, 15.00 ,
06/03/2024,12. Feb'24 to Apr'24,Q2 - 2024,Bank Charges,CHARGES*161056* INVOICE440 * TFR, 15.00 ,, 15.00 ,
18/03/2024,12. Feb'24 to Apr'24,Q2 - 2024,Bank Charges,CHARGES*103846* invoice4204 * TFR, 21.00 ,, 21.00 ,
25/03/2024,12. Feb'24 to Apr'24,Q2 - 2024,Bank Charges,CHARGES*223697* invoice4209 * TFR, 15.00 ,, 15.00 ,
05/02/2024,12. Feb'24 to Apr'24,Q2 - 2024,Bank Charges,CHARGES COMMISSION FOR PERIOD 13DEC/14JAN **********************, 8.50 ,, 8.50 ,
06/03/2024,12. Feb'24 to Apr'24,Q2 - 2024,Bank Charges,CHARGES COMMISSION FOR PERIOD 15JAN/12FEB **********************, 8.50 ,, 8.50 ,
07/03/2024,12. Feb'24 to Apr'24,Q2 - 2024,Bank Charges,CHARGES*214747* INVOICE445 * TFR, 15.00 ,, 15.00 ,
08/04/2024,12. Feb'24 to Apr'24,Q2 - 2024,Bank Charges,CHARGES COMMISSION FOR PERIOD 13FEB/12MAR **********************, 8.50 ,, 8.50 ,
30/03/2024,12. Feb'24 to Apr'24,Q2 - 2024,Bank Charges,CHECKCARDETAILS.CO ON 29 MAR BDC, 9.99 ,, 9.99 ,
21/03/2024,12. Feb'24 to Apr'24,Q2 - 2024,BCARD COMMERCIAL,BCARD COMMERCIAL XXXXXXXXXXXX1788 DDR, 124.47 ,, 124.47 ,
12/02/2024,12. Feb'24 to Apr'24,Q2 - 2024,BLUE BIRD HOUSING LTD,BLUE BIRD HOUSING TX243 STO," 1,458.33 ",," 1,458.33 ",
12/03/2024,12. Feb'24 to Apr'24,Q2 - 2024,BLUE BIRD HOUSING LTD,BLUE BIRD HOUSING TX243 STO," 1,458.33 ",," 1,458.33 ",
12/04/2024,12. Feb'24 to Apr'24,Q2 - 2024,BLUE BIRD HOUSING LTD,BLUE BIRD HOUSING 79 HOE STREET E17 STO," 1,458.33 ",," 1,458.33 ",
09/02/2024,12. Feb'24 to Apr'24,Q2 - 2024,Boma WILCOX,Sent Boma Wilcox, 65.40 ,, 65.40 ,
04/03/2024,12. Feb'24 to Apr'24,Q2 - 2024,BOOKING.COM LIMITED,BKG*HOTEL AT BOOKI AMOUNT IN AED 807.34 ON 01 MAR VISA 4.630401 FINAL GBP AMOUNT INCLUDES NON-STERLING TRANS FEE £4.79 BDC, 179.15 ,, 179.15 ,
04/03/2024,12. Feb'24 to Apr'24,Q2 - 2024,BOOKING.COM LIMITED,BKG*BOOKING.COM FL ON 02 MAR BDC, 812.36 ,, 812.36 ,
04/03/2024,12. Feb'24 to Apr'24,Q2 - 2024,BOOKING.COM LIMITED,Flights on Booking ON 03 MAR BDC, 926.09 ,, 926.09 ,
23/02/2024,12. Feb'24 to Apr'24,Q2 - 2024,BOOTS UK LIMITED,NOW X2165 Boost ON 22 FEB BDC, 6.00 ,, 6.00 ,
12/02/2024,12. Feb'24 to Apr'24,Q2 - 2024,BOOTS UK LIMITED,"BOOTS/0917, ON 10 FEB CLP", 122.40 ,, 122.40 ,
07/03/2024,12. Feb'24 to Apr'24,Q2 - 2024,BOOTS UK LIMITED,BOOTS U.A.EMIRATES AMOUNT IN AED 13.00 ON 06 MAR VISA 4.652072 FINAL GBP AMOUNT INCLUDES NON-STERLING TRANS FEE £0.08, 2.87 ,, 2.87 ,
07/03/2024,12. Feb'24 to Apr'24,Q2 - 2024,BOOTS UK LIMITED,BOOTS U.A.EMIRATES AMOUNT IN AED 166.50 ON 06 MAR VISA 4.652072 FINAL GBP AMOUNT INCLUDES NON-STERLING TRANS FEE £0.98, 36.77 ,, 36.77 ,
08/03/2024,12. Feb'24 to Apr'24,Q2 - 2024,BOOTS UK LIMITED,BOOTS - CC 3967 U.A.EMIRATES AMOUNT IN AED 146.75 ON 07 MAR VISA 4.659051 FINAL GBP AMOUNT INCLUDES NON-STERLING TRANS FEE £0.87, 32.37 ,, 32.37 ,
11/03/2024,12. Feb'24 to Apr'24,Q2 - 2024,BOOTS UK LIMITED,BOOTS U.A.EMIRATES AMOUNT IN AED 99.00 ON 08 MAR VISA 4.671042 FINAL GBP AMOUNT INCLUDES NON-STERLING TRANS FEE £0.58, 21.77 ,, 21.77 ,
21/03/2024,12. Feb'24 to Apr'24,Q2 - 2024,BOOTS UK LIMITED,BOOTS/0675 ON 20 MAR CLP, 1.65 ,, 1.65 ,
02/04/2024,12. Feb'24 to Apr'24,Q2 - 2024,BOOTS UK LIMITED,BOOTS 6497 ON 01 APR CLP, 6.69 ,, 6.69 ,
01/02/2024,12. Feb'24 to Apr'24,Q2 - 2024,BP,BP FLYING RED HORS ON 30 JAN CLP, 134.77 ,, 134.77 ,
10/02/2024,12. Feb'24 to Apr'24,Q2 - 2024,Brian Smith,Sent Brian Smith, 213.19 ,, 213.19 ,
05/03/2024,12. Feb'24 to Apr'24,Q2 - 2024,Brian Smith,Sent Brian Smith, 228.17 ,, 228.17 ,
21/03/2024,12. Feb'24 to Apr'24,Q2 - 2024,British Assessment Bureau,BRITISH A 12521803 ON 20 MAR BDC, 549.02 , 91.50 , 457.52 ,
21/03/2024,12. Feb'24 to Apr'24,Q2 - 2024,British Assessment Bureau,BRITISH A 12521803 ON 20 MAR BDC, 550.98 , 91.83 , 459.15 ,
12/02/2024,12. Feb'24 to Apr'24,Q2 - 2024,Burger King,BURGER KING ON 10 FEB CLP, 6.29 ,, 6.29 ,
06/03/2024,12. Feb'24 to Apr'24,Q2 - 2024,Burger King,BURGERFUEL ME DMCC U.A.EMIRATES AMOUNT IN AED 152.00 ON 05 MAR VISA 4.643258 FINAL GBP AMOUNT INCLUDES NON-STERLING TRANS FEE £0.90, 33.64 ,, 33.64 ,
09/02/2024,12. Feb'24 to Apr'24,Q2 - 2024,Burhan Ud Din Uppal,Sent Burhan Ud Din Uppal, 750.24 ,, 750.24 ,
10/02/2024,12. Feb'24 to Apr'24,Q2 - 2024,Callum Worthington,Sent Callum Worthington," 1,596.48 ",," 1,596.48 ",
02/04/2024,12. Feb'24 to Apr'24,Q2 - 2024,Canva,CANVA* I04104-3755 USA ON 28 MAR CPM, 12.98 , 2.16 , 10.82 ,
06/03/2024,12. Feb'24 to Apr'24,Q2 - 2024,CAR TAXI SERVICES,CARS TAXI SERVICES U.A.EMIRATES AMOUNT IN AED 68.50 ON 05 MAR VISA 4.643258 FINAL GBP AMOUNT INCLUDES NON-STERLING TRANS FEE £0.41, 15.16 ,, 15.16 ,
07/03/2024,12. Feb'24 to Apr'24,Q2 - 2024,CDER GROUP LIMITED,CDER GROUP LIMITED ON 06 MAR BDC, 426.50 , 71.08 , 355.42 ,
04/03/2024,12. Feb'24 to Apr'24,Q2 - 2024,CFS Formations,WWW.CFSFORMATIONS. ON 01 MAR BDC," 1,434.00 ", 239.00 ," 1,195.00 ",
04/03/2024,12. Feb'24 to Apr'24,Q2 - 2024,CFS Formations,WWW.CFSFORMATIONS. ON 01 MAR BDC, 30.00 , 5.00 , 25.00 ,
27/03/2024,12. Feb'24 to Apr'24,Q2 - 2024,ChatGPT,CHATGPT SUBSCRIPTI USA AMOUNT IN USD 24.00 ON 26 MAR VISA 1.258701 FINAL GBP AMOUNT INCLUDES NON-STERLING TRANS FEE £0.52, 19.59 ,, 19.59 ,
09/02/2024,12. Feb'24 to Apr'24,Q2 - 2024,Chinedu Ekuma,Sent Chinedu Ekuma, 131.45 ,, 131.45 ,
09/02/2024,12. Feb'24 to Apr'24,Q2 - 2024,Chisom Njideka Ezeaku,Sent Chisom Njideka Ezeaku, 562.68 ,, 562.68 ,
11/03/2024,12. Feb'24 to Apr'24,Q2 - 2024,Chisom Njideka Ezeaku,Sent Chisom Njideka Ezeaku, 521.00 ,, 521.00 ,
08/04/2024,12. Feb'24 to Apr'24,Q2 - 2024,Chisom Njideka Ezeaku,Sent Chisom Njideka Ezeaku, 521.00 ,, 521.00 ,
27/03/2024,12. Feb'24 to Apr'24,Q2 - 2024,ClearCheck,CLEARCHECK.CO.UK ON 26 MAR BDC, 45.00 , 7.50 , 37.50 ,
27/03/2024,12. Feb'24 to Apr'24,Q2 - 2024,ClearCheck,CLEARCHECK.CO.UK ON 26 MAR BDC, 90.00 , 15.00 , 75.00 ,
07/04/2024,12. Feb'24 to Apr'24,Q2 - 2024,CLOUDWAYSLTD,Cloudway Talent, 118.36 , 19.73 , 98.63 ,
09/02/2024,12. Feb'24 to Apr'24,Q2 - 2024,CLOUDWAYSLTD,Cloudways, 118.46 ,, 118.46 ,
07/03/2024,12. Feb'24 to Apr'24,Q2 - 2024,CLOUDWAYSLTD,Cloudways, 117.40 , 19.57 , 97.83 ,
31/03/2024,12. Feb'24 to Apr'24,Q2 - 2024,corner food,CORNER FOOD CENTRE ON 30 MAR CLP, 117.32 ,, 117.32 ,
18/03/2024,12. Feb'24 to Apr'24,Q2 - 2024,Costcutter,COSTCUTTER ON 17 MAR CLP, 25.44 ,, 25.44 ,
16/02/2024,12. Feb'24 to Apr'24,Q2 - 2024,coursera,COURSRA*43JXOK2MDH NETHERLANDS ON 15 FEB BDC, 38.00 , 6.33 , 31.67 ,
18/03/2024,12. Feb'24 to Apr'24,Q2 - 2024,coursera,COURSRA*43JXOK2MDH NETHERLANDS ON 15 MAR BDC, 38.00 ,, 38.00 ,
16/04/2024,12. Feb'24 to Apr'24,Q2 - 2024,coursera,COURSRA*43JXOK2MDH NETHERLANDS ON 15 APR BDC, 38.00 , 6.33 , 31.67 ,
09/02/2024,12. Feb'24 to Apr'24,Q2 - 2024,Damilare Adetunji,Sent Damilare Adetunji, 130.80 ,, 130.80 ,
08/02/2024,12. Feb'24 to Apr'24,Q2 - 2024,David Lloyd,DAVID LLOYD ON 07 FEB CLP, 2.92 , 0.49 , 2.43 ,
12/02/2024,12. Feb'24 to Apr'24,Q2 - 2024,David Lloyd,DAVID LLOYD ON 09 FEB CLP, 2.92 , 0.49 , 2.43 ,
26/02/2024,12. Feb'24 to Apr'24,Q2 - 2024,David Lloyd,DAVID LLOYD ON 23 FEB CLP, 3.69 ,, 3.69 ,
04/03/2024,12. Feb'24 to Apr'24,Q2 - 2024,David Lloyd,DAVID LLOYD ON 03 MAR CLP, 4.59 ,, 4.59 ,
09/02/2024,12. Feb'24 to Apr'24,Q2 - 2024,Dawood Ahmed,Sent Dawood Ahmed, 125.04 ,, 125.04 ,
26/02/2024,12. Feb'24 to Apr'24,Q2 - 2024,DESIGNHILL.COM USA,DESIGNHILL.COM USA AMOUNT IN USD 299.00 ON 24 FEB VISA 1.2646 FINAL GBP AMOUNT INCLUDES NON-STERLING TRANS FEE £6.50, 242.94 ,, 242.94 ,
28/02/2024,12. Feb'24 to Apr'24,Q2 - 2024,DESIGNHILL.COM USA,DESIGNHILL.COM USA AMOUNT IN USD 249.00 ON 27 FEB VISA 1.2654 FINAL GBP AMOUNT INCLUDES NON-STERLING TRANS FEE £5.41, 202.19 ,, 202.19 ,
06/02/2024,12. Feb'24 to Apr'24,Q2 - 2024,Dexters,DEXTERS ON 05 FEB BDC, 750.00 ,, 750.00 ,
14/02/2024,12. Feb'24 to Apr'24,Q2 - 2024,Dropbox,Dropbox IRELAND ON 13 FEB CPM, 9.98 , 1.66 , 8.32 ,
14/03/2024,12. Feb'24 to Apr'24,Q2 - 2024,Dropbox,Dropbox IRELAND ON 13 MAR CPM, 9.99 ,, 9.99 ,
07/03/2024,12. Feb'24 to Apr'24,Q2 - 2024,Du Apple Dxb,DU Apple Pay U.A.EMIRATES AMOUNT IN AED 50.00 ON 06 MAR VISA 4.652072 FINAL GBP AMOUNT INCLUDES NON-STERLING TRANS FEE £0.30, 11.05 ,, 11.05 ,
31/03/2024,12. Feb'24 to Apr'24,Q2 - 2024,Dunelm Soft,Dunelm Soft Furnis ON 30 MAR CLP, 213.40 , 35.57 , 177.83 ,
01/02/2024,12. Feb'24 to Apr'24,Q2 - 2024,DVLA VECHICLE TAX,DVLA-VX71XUF XXXXXXXXXXXX494130 DDR, 49.87 ,, 49.87 ,
01/03/2024,12. Feb'24 to Apr'24,Q2 - 2024,DVLA VECHICLE TAX,DVLA-VX71XUF XXXXXXXXXXXX494130 DDR, 49.87 ,, 49.87 ,
30/03/2024,12. Feb'24 to Apr'24,Q2 - 2024,DVLA VECHICLE TAX,DVLA VEHICLE TAX ON 29 MAR BDC, 180.00 ,, 180.00 ,
02/04/2024,12. Feb'24 to Apr'24,Q2 - 2024,DVLA VECHICLE TAX,DVLA-VX71XUF XXXXXXXXXXXX494130 DDR, 49.87 ,, 49.87 ,
14/02/2024,12. Feb'24 to Apr'24,Q2 - 2024,DXB Marina,DUBAI TAXI U.A.EMIRATES AMOUNT IN AED 32.50 ON 13 FEB VISA 4.62783 FINAL GBP AMOUNT INCLUDES NON-STERLING TRANS FEE £0.19, 7.21 ,, 7.21 ,
11/03/2024,12. Feb'24 to Apr'24,Q2 - 2024,dxb trip,GOLDEN SANDS Palm U.A.EMIRATES AMOUNT IN AED 554.00 ON 10 MAR VISA 4.69969 FINAL GBP AMOUNT INCLUDES NON-STERLING TRANS FEE £3.24, 121.12 ,, 121.12 ,
11/03/2024,12. Feb'24 to Apr'24,Q2 - 2024,dxb trip,NIKAHCONT* N #4058 SWITZERLAND AMOUNT IN AED 200.00 ON 10 MAR VISA 4.69969 FINAL GBP AMOUNT INCLUDES NON-STERLING TRANS FEE £1.17, 43.73 ,, 43.73 ,
11/03/2024,12. Feb'24 to Apr'24,Q2 - 2024,dxb trip,SHOOTDAY U.A.EMIRATES AMOUNT IN AED 800.00 ON 08 MAR VISA 4.671042 FINAL GBP AMOUNT INCLUDES NON-STERLING TRANS FEE £4.71, 175.98 ,, 175.98 ,
11/03/2024,12. Feb'24 to Apr'24,Q2 - 2024,dxb trip,Zbooni DMCC U.A.EMIRATES AMOUNT IN AED 525.00 ON 08 MAR VISA 4.671042 FINAL GBP AMOUNT INCLUDES NON-STERLING TRANS FEE £3.09, 115.48 ,, 115.48 ,
11/03/2024,12. Feb'24 to Apr'24,Q2 - 2024,dxb trip,IBN SINA 45 PHARMA U.A.EMIRATES AMOUNT IN AED 800.00 ON 08 MAR VISA 4.671042 FINAL GBP AMOUNT INCLUDES NON-STERLING TRANS FEE £4.71, 175.98 ,, 175.98 ,
11/03/2024,12. Feb'24 to Apr'24,Q2 - 2024,dxb trip,FOREVER 21 NAKHEEL U.A.EMIRATES AMOUNT IN AED 14.25 ON 09 MAR VISA 4.69969 FINAL GBP AMOUNT INCLUDES NON-STERLING TRANS FEE £0.08, 3.11 ,, 3.11 ,
11/03/2024,12. Feb'24 to Apr'24,Q2 - 2024,dxb trip,CLOUD TOBACCO TRAD U.A.EMIRATES AMOUNT IN AED 150.00 ON 08 MAR VISA 4.671042 FINAL GBP AMOUNT INCLUDES NON-STERLING TRANS FEE £0.88, 32.99 ,, 32.99 ,
11/03/2024,12. Feb'24 to Apr'24,Q2 - 2024,dxb trip,Five F B U.A.EMIRATES AMOUNT IN AED 143.00 ON 08 MAR VISA 4.671042 FINAL GBP AMOUNT INCLUDES NON-STERLING TRANS FEE £0.84, 31.45 ,, 31.45 ,
11/03/2024,12. Feb'24 to Apr'24,Q2 - 2024,dxb trip,Five F B U.A.EMIRATES AMOUNT IN AED 158.00 ON 10 MAR VISA 4.69969 FINAL GBP AMOUNT INCLUDES NON-STERLING TRANS FEE £0.92, 34.54 ,, 34.54 ,
12/03/2024,12. Feb'24 to Apr'24,Q2 - 2024,dxb trip,JUMBO ELECTRONICS U.A.EMIRATES AMOUNT IN AED 2299.00 ON 11 MAR VISA 4.69969 FINAL GBP AMOUNT INCLUDES NON-STERLING TRANS FEE £13.45, 502.63 ,, 502.63 ,
12/03/2024,12. Feb'24 to Apr'24,Q2 - 2024,dxb trip,PRAIA RESTAURANT F U.A.EMIRATES AMOUNT IN AED 615.00 ON 12 MAR VISA 4.697372 FINAL GBP AMOUNT INCLUDES NON-STERLING TRANS FEE £3.60, 134.52 ,, 134.52 ,
12/03/2024,12. Feb'24 to Apr'24,Q2 - 2024,dxb trip,EMIRATES.CO 237117 ON 10 MAR BDC, 997.00 ,, 997.00 ,
13/03/2024,12. Feb'24 to Apr'24,Q2 - 2024,dxb trip,CHUNO U.A.EMIRATES AMOUNT IN AED 16.00 ON 12 MAR VISA 4.697372 FINAL GBP AMOUNT INCLUDES NON-STERLING TRANS FEE £0.09, 3.50 ,, 3.50 ,
13/03/2024,12. Feb'24 to Apr'24,Q2 - 2024,dxb trip,Five F B U.A.EMIRATES AMOUNT IN AED 425.00 ON 12 MAR VISA 4.697372 FINAL GBP AMOUNT INCLUDES NON-STERLING TRANS FEE £2.49, 92.97 ,, 92.97 ,
14/03/2024,12. Feb'24 to Apr'24,Q2 - 2024,dxb trip,OCEAN AIR TRAVEL A U.A.EMIRATES AMOUNT IN AED 600.00 ON 13 MAR VISA 4.67961 FINAL GBP AMOUNT INCLUDES NON-STERLING TRANS FEE £3.53, 131.75 ,, 131.75 ,
14/03/2024,12. Feb'24 to Apr'24,Q2 - 2024,dxb trip,AL REMAL AL MUTAHR U.A.EMIRATES AMOUNT IN AED 600.00 ON 13 MAR VISA 4.67961 FINAL GBP AMOUNT INCLUDES NON-STERLING TRANS FEE £3.53, 131.75 ,, 131.75 ,
14/03/2024,12. Feb'24 to Apr'24,Q2 - 2024,dxb trip,DESERT FUN OFF ROA U.A.EMIRATES AMOUNT IN AED 130.00 ON 13 MAR VISA 4.67961 FINAL GBP AMOUNT INCLUDES NON-STERLING TRANS FEE £0.76, 28.54 ,, 28.54 ,
14/03/2024,12. Feb'24 to Apr'24,Q2 - 2024,dxb trip,Booking.com4048864 U.A.EMIRATES AMOUNT IN AED 1250.45 ON 13 MAR VISA 4.689772 FINAL GBP AMOUNT INCLUDES NON-STERLING TRANS FEE £7.33, 273.96 ,, 273.96 ,
15/03/2024,12. Feb'24 to Apr'24,Q2 - 2024,dxb trip,MARINA PHARM ATLAN U.A.EMIRATES AMOUNT IN AED 196.50 ON 14 MAR VISA 4.689772 FINAL GBP AMOUNT INCLUDES NON-STERLING TRANS FEE £1.15, 43.05 ,, 43.05 ,
15/03/2024,12. Feb'24 to Apr'24,Q2 - 2024,dxb trip,Five F B U.A.EMIRATES AMOUNT IN AED 301.00 ON 14 MAR VISA 4.689772 FINAL GBP AMOUNT INCLUDES NON-STERLING TRANS FEE £1.76, 65.94 ,, 65.94 ,
18/03/2024,12. Feb'24 to Apr'24,Q2 - 2024,dxb trip,DUBAI DUTY FREE U.A.EMIRATES AMOUNT IN AED 1330.36 ON 15 MAR VISA 4.673247 FINAL GBP AMOUNT INCLUDES NON-STERLING TRANS FEE £7.83, 292.51 ,, 292.51 ,
19/03/2024,12. Feb'24 to Apr'24,Q2 - 2024,dxb trip,BKG*BOOKING.COM FL ON 17 MAR BDC, 307.83 ,, 307.83 ,
22/03/2024,12. Feb'24 to Apr'24,Q2 - 2024,dxb trip,BKG*BOOKING.COM FL ON 21 MAR BDC, 266.19 ,, 266.19 ,
22/03/2024,12. Feb'24 to Apr'24,Q2 - 2024,dxb trip,BKG*BOOKING.COM FL ON 21 MAR BDC, 153.52 ,, 153.52 ,
22/03/2024,12. Feb'24 to Apr'24,Q2 - 2024,dxb trip,BKG*BOOKING.COM FL ON 21 MAR BDC, (153.52),, (153.52),
27/03/2024,12. Feb'24 to Apr'24,Q2 - 2024,ecomwebsite,ECOMWEBSITES USA AMOUNT IN USD 20.00 ON 26 MAR VISA 1.2619 FINAL GBP AMOUNT INCLUDES NON-STERLING TRANS FEE £0.44, 16.29 ,, 16.29 ,
09/02/2024,12. Feb'24 to Apr'24,Q2 - 2024,Edison Ohonba,Sent Edison Ohonba, 672.09 ,, 672.09 ,
26/02/2024,12. Feb'24 to Apr'24,Q2 - 2024,EE LIMITED,EE LIMITED QXXXXXXXXXXXX72565 DDR, 109.74 , 18.29 , 91.45 ,
25/03/2024,12. Feb'24 to Apr'24,Q2 - 2024,EE LIMITED,EE LIMITED QXXXXXXXXXXXX61031 DDR, 115.06 , 19.18 , 95.88 ,
24/04/2024,12. Feb'24 to Apr'24,Q2 - 2024,EE LIMITED,EE LIMITED QXXXXXXXXXXXX86291 DDR, 103.42 , 17.24 , 86.18 ,
05/03/2024,12. Feb'24 to Apr'24,Q2 - 2024,EE LIMITED,NOW 5153B Ents ON 04 MAR BDC, 10.00 , 1.67 , 8.33 ,
09/02/2024,12. Feb'24 to Apr'24,Q2 - 2024,Ehtisham Sharif,Sent Ehtisham Sharif, 750.24 ,, 750.24 ,
09/02/2024,12. Feb'24 to Apr'24,Q2 - 2024,EMAC LTD,EMAC LTD SPLAN 122M90 DDR, 21.34 , 3.56 , 17.78 ,
11/03/2024,12. Feb'24 to Apr'24,Q2 - 2024,EMAC LTD,EMAC LTD SPLAN 122M90 DDR, 21.34 , 3.56 , 17.78 ,
09/04/2024,12. Feb'24 to Apr'24,Q2 - 2024,EMAC LTD,EMAC LTD SPLAN 122M90 DDR, 21.34 , 3.56 , 17.78 ,
15/02/2024,12. Feb'24 to Apr'24,Q2 - 2024,Emirates,UPSCALE RESTAURANT U.A.EMIRATES AMOUNT IN AED 138.00 ON 14 FEB VISA 4.615953 FINAL GBP AMOUNT INCLUDES NON-STERLING TRANS FEE £0.82, 30.72 ,, 30.72 ,
24/04/2024,12. Feb'24 to Apr'24,Q2 - 2024,Emirates,EMIRATES.CO 237293 ON 21 APR BDC," 2,671.93 ",," 2,671.93 ",
26/04/2024,12. Feb'24 to Apr'24,Q2 - 2024,Emirates,EMIRATES.CO 237303 ON 24 APR BDC, 724.57 ,, 724.57 ,
27/02/2024,12. Feb'24 to Apr'24,Q2 - 2024,FAB4 SECURITY LTD,FAB4 SECURITY LTD AS INVOICED BBP," 6,665.78 "," 1,110.96 "," 5,554.82 ",
27/03/2024,12. Feb'24 to Apr'24,Q2 - 2024,FAB4 SECURITY LTD,FAB4 SECURITY LTD AS INVOICED BBP," 5,515.20 ", 919.20 ," 4,596.00 ",
25/04/2024,12. Feb'24 to Apr'24,Q2 - 2024,FAB4 SECURITY LTD,FAB4 SECURITY LTD AS INVOICED BBP," 4,635.01 ", 772.50 ," 3,862.51 ",
09/02/2024,12. Feb'24 to Apr'24,Q2 - 2024,Faris Chera polikkal,Sent Faris Chera polikkal (Monzo Ni Payment), 86.76 ,, 86.76 ,
10/02/2024,12. Feb'24 to Apr'24,Q2 - 2024,Farrukh Ahmad,Sent Farrukh Ahmad," 1,155.14 ",," 1,155.14 ",
09/02/2024,12. Feb'24 to Apr'24,Q2 - 2024,FATIMA AHMAD,Sent FATIMA AHMAD, 125.04 ,, 125.04 ,
10/02/2024,12. Feb'24 to Apr'24,Q2 - 2024,FATIMA FARAZ,Sent FATIMA FARAZ," 1,089.85 ",," 1,089.85 ",
09/02/2024,12. Feb'24 to Apr'24,Q2 - 2024,Fawad Ahmad Khan,Sent Fawad Ahmad Khan, 729.40 ,, 729.40 ,
14/02/2024,12. Feb'24 to Apr'24,Q2 - 2024,FIRST PULSE MED,FIRST PULSE MED ME U.A.EMIRATES AMOUNT IN AED 2700.00 ON 13 FEB VISA 4.62783 FINAL GBP AMOUNT INCLUDES NON-STERLING TRANS FEE £16.04, 599.47 ,, 599.47 ,
05/02/2024,12. Feb'24 to Apr'24,Q2 - 2024,First4Freelancers Ltd,FIRST4FREELANCERS GUARDIANFM BBP," 50,000.00 "," 8,333.33 "," 41,666.67 ",
12/02/2024,12. Feb'24 to Apr'24,Q2 - 2024,First4Freelancers Ltd,FIRST4FREELANCERS GUARDIANFM BBP," 30,000.00 "," 5,000.00 "," 25,000.00 ",
14/02/2024,12. Feb'24 to Apr'24,Q2 - 2024,First4Freelancers Ltd,FIRST4FREELANCERS AS INVOICED FT," 20,000.00 "," 3,333.33 "," 16,666.67 ",
16/02/2024,12. Feb'24 to Apr'24,Q2 - 2024,First4Freelancers Ltd,FIRST4FREELANCERS AS INVOICED FT," 20,000.00 "," 3,333.33 "," 16,666.67 ",
21/02/2024,12. Feb'24 to Apr'24,Q2 - 2024,First4Freelancers Ltd,FIRST4FREELANCERS GUARDIANFM FT," 25,414.00 "," 4,235.67 "," 21,178.33 ",
08/03/2024,12. Feb'24 to Apr'24,Q2 - 2024,First4Freelancers Ltd,FIRST4FREELANCERS GUARDIANFM BBP," 50,000.00 "," 8,333.33 "," 41,666.67 ",
09/04/2024,12. Feb'24 to Apr'24,Q2 - 2024,First4Freelancers Ltd,FIRST4FREELANCERS GUARDIANFM BBP," 50,000.00 "," 8,333.33 "," 41,666.67 ",
09/04/2024,12. Feb'24 to Apr'24,Q2 - 2024,First4Freelancers Ltd,FIRST4FREELANCERS GUARDIANFM BBP," 50,000.00 "," 8,333.33 "," 41,666.67 ",
19/02/2024,12. Feb'24 to Apr'24,Q2 - 2024,five hotel DXB,Five Hotel Fze 3C U.A.EMIRATES ON 15 FEB CPM," 1,148.80 ",," 1,148.80 ",
06/03/2024,12. Feb'24 to Apr'24,Q2 - 2024,five hotel DXB,FIVE HOTEL FZE U.A.EMIRATES AMOUNT IN AED 2000.00 ON 05 MAR VISA 4.643258 FINAL GBP AMOUNT INCLUDES NON-STERLING TRANS FEE £11.85, 442.58 ,, 442.58 ,
07/03/2024,12. Feb'24 to Apr'24,Q2 - 2024,five hotel DXB,Five F B U.A.EMIRATES AMOUNT IN AED 255.00 ON 06 MAR VISA 4.652072 FINAL GBP AMOUNT INCLUDES NON-STERLING TRANS FEE £1.51, 56.32 ,, 56.32 ,
11/03/2024,12. Feb'24 to Apr'24,Q2 - 2024,five hotel DXB,FIVE HOTEL FZE U.A.EMIRATES AMOUNT IN AED 6483.54 ON 10 MAR VISA 4.69969 FINAL GBP AMOUNT INCLUDES NON-STERLING TRANS FEE £37.94," 1,417.51 ",," 1,417.51 ",
12/03/2024,12. Feb'24 to Apr'24,Q2 - 2024,five hotel DXB,Five F B U.A.EMIRATES AMOUNT IN AED 398.00 ON 11 MAR VISA 4.69969 FINAL GBP AMOUNT INCLUDES NON-STERLING TRANS FEE £2.33, 87.02 ,, 87.02 ,
09/02/2024,12. Feb'24 to Apr'24,Q2 - 2024,Funmilola Bodunde,Sent Funmilola Bodunde, 566.80 ,, 566.80 ,
09/02/2024,12. Feb'24 to Apr'24,Q2 - 2024,Gagandeep kaur,Sent Gagandeep kaur, 729.40 ,, 729.40 ,
23/02/2024,12. Feb'24 to Apr'24,Q2 - 2024,GETADDRESS.IO,GETADDRESS.IO ON 22 FEB BDC, 30.00 , 5.00 , 25.00 ,
25/03/2024,12. Feb'24 to Apr'24,Q2 - 2024,GETADDRESS.IO,GETADDRESS.IO ON 22 MAR BDC, 30.00 ,, 30.00 ,
23/04/2024,12. Feb'24 to Apr'24,Q2 - 2024,GETADDRESS.IO,GETADDRESS.IO ON 22 APR BDC, 30.00 , 5.00 , 25.00 ,
26/02/2024,12. Feb'24 to Apr'24,Q2 - 2024,GetYourguide Uk,GetYourGuide UK Lt ON 24 FEB BDC," 1,116.80 ", 186.13 , 930.67 ,
12/03/2024,12. Feb'24 to Apr'24,Q2 - 2024,GetYourguide Uk,GetYourGuide UK Lt ON 11 MAR BDC, 256.68 , 42.78 , 213.90 ,
13/03/2024,12. Feb'24 to Apr'24,Q2 - 2024,GetYourguide Uk,GetYourGuide UK Lt ON 12 MAR BDC, 11.48 , 1.91 , 9.57 ,
14/03/2024,12. Feb'24 to Apr'24,Q2 - 2024,GetYourguide Uk,GetYourGuide UK Lt ON 13 MAR BDC, 204.30 , 34.05 , 170.25 ,
04/03/2024,12. Feb'24 to Apr'24,Q2 - 2024,GOOGLE,PAYPAL *GOOGLE YOU ON 01 MAR BDC, 12.99 ,, 12.99 ,
05/03/2024,12. Feb'24 to Apr'24,Q2 - 2024,GOOGLE,Wise Payments Fee for 6.22 GBP Google Ads, 0.04 ,, 0.04 ,
02/02/2024,12. Feb'24 to Apr'24,Q2 - 2024,GOOGLE,PAYPAL *GOOGLE YOU ON 01 FEB BDC, 12.99 ,, 12.99 ,
05/03/2024,12. Feb'24 to Apr'24,Q2 - 2024,GOOGLE,Google Ads, 6.22 ,, 6.22 ,
08/02/2024,12. Feb'24 to Apr'24,Q2 - 2024,Govt. Taxes,WWW.GOV.UK/PAY-DAR ON 07 FEB BDC, 7.50 ,, 7.50 ,
10/02/2024,12. Feb'24 to Apr'24,Q2 - 2024,haji R Mahomed,Sent Mr HAJI R MAHOMED," 1,000.32 ",," 1,000.32 ",
10/02/2024,12. Feb'24 to Apr'24,Q2 - 2024,Hameed Ullah,Sent Hameed Ullah, 808.50 ,, 808.50 ,
10/02/2024,12. Feb'24 to Apr'24,Q2 - 2024,Hamza Tariq,Sent Hamza Tariq, 50.00 ,, 50.00 ,
26/02/2024,12. Feb'24 to Apr'24,Q2 - 2024,Havering Islamic Centre Romford,Havering Islamic C ON 23 FEB CLP, 100.00 ,, 100.00 ,
09/04/2024,12. Feb'24 to Apr'24,Q2 - 2024,HM PASSPORT OFFICE,HM PASSPORT OFFICE ON 08 APR BDC, 98.50 ,, 98.50 ,
09/04/2024,12. Feb'24 to Apr'24,Q2 - 2024,HM PASSPORT OFFICE,HM PASSPORT OFFICE ON 08 APR BDC, 126.00 ,, 126.00 ,
20/02/2024,12. Feb'24 to Apr'24,Q2 - 2024,HUGGINFACE USA,HUGGINGFACE USA AMOUNT IN USD 9.00 ON 19 FEB VISA 1.2548 FINAL GBP AMOUNT INCLUDES NON-STERLING TRANS FEE £0.20, 7.37 ,, 7.37 ,
18/03/2024,12. Feb'24 to Apr'24,Q2 - 2024,HUGGINFACE USA,HUGGINGFACE USA AMOUNT IN USD 9.00 ON 17 MAR VISA 1.271999 FINAL GBP AMOUNT INCLUDES NON-STERLING TRANS FEE £0.19, 7.27 ,, 7.27 ,
18/04/2024,12. Feb'24 to Apr'24,Q2 - 2024,HUGGINFACE USA,HUGGINGFACE USA AMOUNT IN USD 9.00 ON 18 APR VISA 1.2412 FINAL GBP AMOUNT INCLUDES NON-STERLING TRANS FEE £0.20, 7.45 ,, 7.45 ,
10/04/2024,12. Feb'24 to Apr'24,Q2 - 2024,Hutchison 3G,HUTCHISON 3G UK LT ON 09 APR CLP, 99.98 , 16.66 , 83.32 ,
12/02/2024,12. Feb'24 to Apr'24,Q2 - 2024,Huzaifa Arshad,Sent Huzaifa Arshad, 165.00 ,, 165.00 ,
05/03/2024,12. Feb'24 to Apr'24,Q2 - 2024,ICSM PAY,ICM Pay CYPRUS AMOUNT IN USD 10000.00 ON 04 MAR VISA 1.2597 FINAL GBP AMOUNT INCLUDES NON-STERLING TRANS FEE £218.31," 8,156.71 "," 1,359.45 "," 6,797.26 ",
09/02/2024,12. Feb'24 to Apr'24,Q2 - 2024,Ihtisham ul haq,Sent Ihtisham ul haq, 333.44 ,, 333.44 ,
10/02/2024,12. Feb'24 to Apr'24,Q2 - 2024,IHTISHAM VIRK,Sent IHTISHAM VIRK, 960.75 ,, 960.75 ,
20/02/2024,12. Feb'24 to Apr'24,Q2 - 2024,ILLY CUP RESTAURANT,ILLY CUP RESTAURAN U.A.EMIRATES AMOUNT IN AED 2.00 ON 19 FEB VISA 4.607891 FINAL GBP AMOUNT INCLUDES NON-STERLING TRANS FEE £0.01, 0.44 ,, 0.44 ,
02/02/2024,12. Feb'24 to Apr'24,Q2 - 2024,INDEED TEL IRELAND,ADMINISTRATIONLIST ON 01 FEB BDC, 185.00 , 30.83 , 154.17 ,
05/02/2024,12. Feb'24 to Apr'24,Q2 - 2024,INDEED TEL IRELAND,NOW 1F5EB Ents ON 04 FEB BDC, 9.99 ,, 9.99 ,
05/04/2024,12. Feb'24 to Apr'24,Q2 - 2024,INDEED TEL IRELAND,NOW 4AD28 Ents ON 04 APR BDC, 9.99 ,, 9.99 ,
02/02/2024,12. Feb'24 to Apr'24,Q2 - 2024,INTUIT LIMITED,INTUIT LIMITED 00017NGNU0O4Q-00RT DDR, 68.40 , 11.40 , 57.00 ,
04/03/2024,12. Feb'24 to Apr'24,Q2 - 2024,INTUIT LIMITED,INTUIT LIMITED 00017NGNU0O4Q-00RT DDR, 68.40 , 11.40 , 57.00 ,
04/04/2024,12. Feb'24 to Apr'24,Q2 - 2024,INTUIT LIMITED,INTUIT LIMITED 00017NGNU0O4Q-00RT DDR, 94.81 , 15.80 , 79.01 ,
25/03/2024,12. Feb'24 to Apr'24,Q2 - 2024,IPO,IPO ON 22 MAR BDC, 175.00 , 29.17 , 145.83 ,
08/03/2024,12. Feb'24 to Apr'24,Q2 - 2024,IPO,IPO ON 06 MAR BDC, 225.00 ,, 225.00 ,
09/02/2024,12. Feb'24 to Apr'24,Q2 - 2024,Jasvir Kaur,Sent Jasvir Kaur, 430.20 ,, 430.20 ,
18/03/2024,12. Feb'24 to Apr'24,Q2 - 2024,JohnLEWIS,JOHN LEWIS ON 17 MAR CLP, 558.23 ,, 558.23 ,
18/03/2024,12. Feb'24 to Apr'24,Q2 - 2024,JohnLEWIS,JOHN LEWIS ON 17 MAR CLP, 9.95 ,, 9.95 ,
10/02/2024,12. Feb'24 to Apr'24,Q2 - 2024,Joshua Holdcroft,Sent Joshua Holdcroft," 1,956.02 ",," 1,956.02 ",
20/03/2024,12. Feb'24 to Apr'24,Q2 - 2024,Journeys,MIDJOURNEY INC. USA AMOUNT IN USD 12.00 ON 19 MAR VISA 1.2716 FINAL GBP AMOUNT INCLUDES NON-STERLING TRANS FEE £0.26, 9.70 ,, 9.70 ,
22/04/2024,12. Feb'24 to Apr'24,Q2 - 2024,Journeys,MIDJOURNEY INC. USA AMOUNT IN USD 12.00 ON 19 APR VISA 1.243 FINAL GBP AMOUNT INCLUDES NON-STERLING TRANS FEE £0.27, 9.92 ,, 9.92 ,
10/02/2024,12. Feb'24 to Apr'24,Q2 - 2024,Kadir Sunny,Sent Kadir Sunny," 1,000.32 ",," 1,000.32 ",
09/02/2024,12. Feb'24 to Apr'24,Q2 - 2024,KALEEM AHTESHAM,Sent KALEEM AHTESHAM, 125.04 ,, 125.04 ,
22/02/2024,12. Feb'24 to Apr'24,Q2 - 2024,Kamal Hussain,KAMAL HUSSAIN PAY BBP," 1,843.40 ",," 1,843.40 ",
22/03/2024,12. Feb'24 to Apr'24,Q2 - 2024,Kamal Hussain,KAMAL HUSSAIN PAY FT," 1,843.40 ",," 1,843.40 ",
09/02/2024,12. Feb'24 to Apr'24,Q2 - 2024,Kelzang Tenzin,Sent Kelzang Tenzin, 337.90 ,, 337.90 ,
09/02/2024,12. Feb'24 to Apr'24,Q2 - 2024,Khizer Sarwar Sharif,Sent Khizer Sarwar Sharif, 750.24 ,, 750.24 ,
05/02/2024,12. Feb'24 to Apr'24,Q2 - 2024,Khyber Grill London Ilford,Khyber Grill Londo ON 03 FEB CLP, 168.00 ,, 168.00 ,
28/02/2024,12. Feb'24 to Apr'24,Q2 - 2024,Khyber Grill London Ilford,Khyber Grill Londo ON 27 FEB CLP, 129.50 , 21.58 , 107.92 ,
30/03/2024,12. Feb'24 to Apr'24,Q2 - 2024,Khyber Grill London Ilford,Khyber Grill Londo ON 29 MAR CLP, 338.00 ,, 338.00 ,
10/04/2024,12. Feb'24 to Apr'24,Q2 - 2024,Khyber Grill London Ilford,Khyber Grill Londo ON 09 APR CLP, 104.50 ,, 104.50 ,
06/03/2024,12. Feb'24 to Apr'24,Q2 - 2024,LINCODE USA,LINODE . AKAMAI USA AMOUNT IN USD 6.00 ON 05 MAR VISA 1.266799 FINAL GBP AMOUNT INCLUDES NON-STERLING TRANS FEE £0.13, 4.87 ,, 4.87 ,
02/04/2024,12. Feb'24 to Apr'24,Q2 - 2024,LINCODE USA,LINODE . AKAMAI USA AMOUNT IN USD 6.00 ON 02 APR VISA 1.253599 FINAL GBP AMOUNT INCLUDES NON-STERLING TRANS FEE £0.13, 4.92 ,, 4.92 ,
05/02/2024,12. Feb'24 to Apr'24,Q2 - 2024,Logan Bee,LOGAN BEE ON 04 FEB CLP, 50.00 ,, 50.00 ,
09/02/2024,12. Feb'24 to Apr'24,Q2 - 2024,Loretta Yeboah,Sent Loretta Yeboah, 109.00 ,, 109.00 ,
12/02/2024,12. Feb'24 to Apr'24,Q2 - 2024,LUKMAN AFOSHO,Sent LUKMAN AFOSHO," 1,626.00 ",," 1,626.00 ",
04/03/2024,12. Feb'24 to Apr'24,Q2 - 2024,Luna,SQ *LUNA BLU ON 02 MAR CLP, 20.49 ,, 20.49 ,
26/02/2024,12. Feb'24 to Apr'24,Q2 - 2024,madesimplelegroup,WWW.MADESIMPLEGROU ON 24 FEB BDC, 26.76 , 4.46 , 22.30 ,
25/02/2024,12. Feb'24 to Apr'24,Q2 - 2024,madesimplelegroup,Www.madesimplegroup.co, 19.58 ,, 19.58 ,
20/03/2024,12. Feb'24 to Apr'24,Q2 - 2024,Magnit Global,Sent Magnit Global GRI Limited, 713.80 , 118.97 , 594.83 ,
20/03/2024,12. Feb'24 to Apr'24,Q2 - 2024,Magnit Global,Sent Magnit Global GRI Limited, 5.00 , 0.83 , 4.17 ,
09/02/2024,12. Feb'24 to Apr'24,Q2 - 2024,Mamta parmar,Sent Mamta parmar, 260.50 ,, 260.50 ,
09/02/2024,12. Feb'24 to Apr'24,Q2 - 2024,Mandeep Kaur,Sent Mandeep Kaur, 374.00 ,, 374.00 ,
09/02/2024,12. Feb'24 to Apr'24,Q2 - 2024,Mawra Malik,Sent Mawra Malik, 395.96 ,, 395.96 ,
16/02/2024,12. Feb'24 to Apr'24,Q2 - 2024,MAYFAIR SECURITY LIMITED,APOLLO BUSINESS FI MAYFAIR SECURITY G FT," 17,899.50 "," 2,983.25 "," 14,916.25 ",
19/02/2024,12. Feb'24 to Apr'24,Q2 - 2024,MAYFAIR SECURITY LIMITED,APOLLO BUSINESS FI MAYFAIR SECURITY G FT," 17,909.54 "," 2,984.92 "," 14,924.62 ",
29/02/2024,12. Feb'24 to Apr'24,Q2 - 2024,MAYFAIR SECURITY LIMITED,THE MAYFAIR SECURI AS PER INVOICE BBP," 8,505.60 "," 1,417.60 "," 7,088.00 ",
26/03/2024,12. Feb'24 to Apr'24,Q2 - 2024,MAYFAIR SECURITY LIMITED,THE MAYFAIR SECURI AS PER INVOICE BBP," 15,752.40 "," 2,625.40 "," 13,127.00 ",
10/04/2024,12. Feb'24 to Apr'24,Q2 - 2024,MAYFAIR SECURITY LIMITED,APOLLO BUSINESS FI MAYFAIR SECURITY G BBP," 14,760.00 "," 2,460.00 "," 12,300.00 ",
18/04/2024,12. Feb'24 to Apr'24,Q2 - 2024,MAYFAIR SECURITY LIMITED,APOLLO BUSINESS FI MAYFAIR SECURITY G FT," 9,872.80 "," 1,645.47 "," 8,227.33 ",
09/02/2024,12. Feb'24 to Apr'24,Q2 - 2024,MD JOBAYER BHUIYAN,Sent Md J A Bhuiyan, 666.88 ,, 666.88 ,
12/04/2024,12. Feb'24 to Apr'24,Q2 - 2024,Met Parking,WWW.METPARKING.COM ON 11 APR BDC, 100.00 ,, 100.00 ,
09/02/2024,12. Feb'24 to Apr'24,Q2 - 2024,MIAN SADIQ AHMAD,Sent MIAN SADIQ AHMAD, 479.32 ,, 479.32 ,
09/02/2024,12. Feb'24 to Apr'24,Q2 - 2024,Michele cumlin,Sent Michele cumlin, 87.20 ,, 87.20 ,
05/02/2024,12. Feb'24 to Apr'24,Q2 - 2024,MICROSOFT LIMITED,MSFT * E0400QO8TP ON 05 FEB BDC, 87.12 , 14.52 , 72.60 ,
05/02/2024,12. Feb'24 to Apr'24,Q2 - 2024,MICROSOFT LIMITED,MSFT * E0400QO8TO ON 05 FEB BDC, 68.06 , 11.34 , 56.72 ,
06/02/2024,12. Feb'24 to Apr'24,Q2 - 2024,MICROSOFT LIMITED,MSFT *<E0400QO4MA> ON 05 FEB BDC, 24.72 , 4.12 , 20.60 ,
05/03/2024,12. Feb'24 to Apr'24,Q2 - 2024,MICROSOFT LIMITED,MSFT * E0400R2M04 ON 05 MAR BDC, 63.72 , 10.62 , 53.10 ,
05/03/2024,12. Feb'24 to Apr'24,Q2 - 2024,MICROSOFT LIMITED,MSFT * E0400R2M05 ON 05 MAR BDC, 98.61 ,, 98.61 ,
06/03/2024,12. Feb'24 to Apr'24,Q2 - 2024,MICROSOFT LIMITED,MSFT *<E0400R2BPU> ON 05 MAR BDC, 45.46 , 7.58 , 37.88 ,
05/04/2024,12. Feb'24 to Apr'24,Q2 - 2024,MICROSOFT LIMITED,MSFT * E0400RFXF2 ON 05 APR BDC, 95.04 ,, 95.04 ,
05/04/2024,12. Feb'24 to Apr'24,Q2 - 2024,MICROSOFT LIMITED,MSFT * E0400RFXYD ON 05 APR BDC, 54.98 ,, 54.98 ,
05/04/2024,12. Feb'24 to Apr'24,Q2 - 2024,MICROSOFT LIMITED,MSFT * E0400RFSIT ON 05 APR BDC, 63.72 ,, 63.72 ,
18/04/2024,12. Feb'24 to Apr'24,Q2 - 2024,MICROSOFT LIMITED,Microsoft*Store ON 17 APR BDC, 79.99 , 13.33 , 66.66 ,
09/02/2024,12. Feb'24 to Apr'24,Q2 - 2024,Miss A Macdonald,Sent Miss A Macdonald, 425.10 ,, 425.10 ,
11/03/2024,12. Feb'24 to Apr'24,Q2 - 2024,Miss A Macdonald,Sent Miss A Macdonald, 88.00 ,, 88.00 ,
08/04/2024,12. Feb'24 to Apr'24,Q2 - 2024,Miss A Macdonald,Sent Miss A Macdonald, 152.60 ,, 152.60 ,
03/04/2024,12. Feb'24 to Apr'24,Q2 - 2024,MMBA ACCOUNTANTS LIMITED,GOCARDLESS HRMPRO-3DXBARQ7JZE DDR, 50.00 , 8.33 , 41.67 ,
01/02/2024,12. Feb'24 to Apr'24,Q2 - 2024,MMBA ACCOUNTANTS LIMITED,GOCARDLESS MMBALONDONLI-8KBTZ DDR, 480.00 , 80.00 , 400.00 ,
01/03/2024,12. Feb'24 to Apr'24,Q2 - 2024,MMBA ACCOUNTANTS LIMITED,GOCARDLESS MMBALONDONLI-8KBTZ DDR, 480.00 , 80.00 , 400.00 ,
02/04/2024,12. Feb'24 to Apr'24,Q2 - 2024,MMBA ACCOUNTANTS LIMITED,GOCARDLESS MMBALONDONLI-8KBTZ DDR, 480.00 , 80.00 , 400.00 ,
10/02/2024,12. Feb'24 to Apr'24,Q2 - 2024,MOHAMMED ARBAAZ LAKDAWALA,Sent MOHAMMED ARBAAZ LAKDAWALA, 802.34 ,, 802.34 ,
09/02/2024,12. Feb'24 to Apr'24,Q2 - 2024,Mohd Saif M Mithawala,Sent Mohd Saif M Mithawala, 711.17 ,, 711.17 ,
10/02/2024,12. Feb'24 to Apr'24,Q2 - 2024,MR A A KHAN,Sent MR A A KHAN, 750.24 ,, 750.24 ,
09/02/2024,12. Feb'24 to Apr'24,Q2 - 2024,Mrs Ebony Schrils,Sent Mrs Ebony Schrils, 15.00 ,, 15.00 ,
09/02/2024,12. Feb'24 to Apr'24,Q2 - 2024,Ms nidhi brahmbhatt,Sent Ms nidhi brahmbhatt, 304.50 ,, 304.50 ,
10/02/2024,12. Feb'24 to Apr'24,Q2 - 2024,MUHAMMAD ABDULLAH,Sent Muhammad Abdullah," 1,042.00 ",," 1,042.00 ",
10/02/2024,12. Feb'24 to Apr'24,Q2 - 2024,MUHAMMAD ADNAN,Sent Mr Muhammad Adnan, 781.50 ,, 781.50 ,
26/02/2024,12. Feb'24 to Apr'24,Q2 - 2024,MUHAMMAD ADNAN,Sent Mr Muhammad Adnan, 500.00 ,, 500.00 ,
17/02/2024,12. Feb'24 to Apr'24,Q2 - 2024,muhammad affaq,Sent Muhammad Affaq, 190.00 ,, 190.00 ,
09/02/2024,12. Feb'24 to Apr'24,Q2 - 2024,Muhammad Ammar Goraya,Sent Muhammad Ammar Goraya, 521.00 ,, 521.00 ,
10/02/2024,12. Feb'24 to Apr'24,Q2 - 2024,MUHAMMAD BABAR,Sent MUHAMMAD BABAR," 1,159.83 ",," 1,159.83 ",
09/02/2024,12. Feb'24 to Apr'24,Q2 - 2024,Muhammad Ehtisham Ali,Sent Muhammad Ehtisham Ali, 375.12 ,, 375.12 ,
09/02/2024,12. Feb'24 to Apr'24,Q2 - 2024,Muhammad fahad nawaz tahir,Sent Muhammad fahad nawaz tahir, 250.08 ,, 250.08 ,
02/03/2024,12. Feb'24 to Apr'24,Q2 - 2024,muhammad faraz ikram,Sent Muhammad Faraz Ikram, 600.00 ,, 600.00 ,
30/03/2024,12. Feb'24 to Apr'24,Q2 - 2024,muhammad faraz ikram,Sent Muhammad Faraz Ikram, 48.00 ,, 48.00 ,
10/02/2024,12. Feb'24 to Apr'24,Q2 - 2024,Muhammad Muaz,Sent Muhammad Muaz, 15.00 ,, 15.00 ,
09/02/2024,12. Feb'24 to Apr'24,Q2 - 2024,MUHAMMAD USMAN,Sent Muhammad Usman, 521.00 ,, 521.00 ,
09/02/2024,12. Feb'24 to Apr'24,Q2 - 2024,Muhammad Virk,Sent Muhammad Virk, 734.61 ,, 734.61 ,
09/02/2024,12. Feb'24 to Apr'24,Q2 - 2024,MUHAMMAD ZEESHAN,Sent Muhammad Zeeshan," 1,510.94 ",," 1,510.94 ",
10/02/2024,12. Feb'24 to Apr'24,Q2 - 2024,MUHAMMAD ZEESHAN,Sent Muhammad Zeeshan," 1,831.50 ",," 1,831.50 ",
05/03/2024,12. Feb'24 to Apr'24,Q2 - 2024,MUHAMMAD ZEESHAN,Sent Muhammad Zeeshan, 480.00 ,, 480.00 ,
09/02/2024,12. Feb'24 to Apr'24,Q2 - 2024,Muhammad Zeeshan Toqeer,Sent Muhammad Zeeshan Toqeer, 750.24 ,, 750.24 ,
09/02/2024,12. Feb'24 to Apr'24,Q2 - 2024,Munaf Ahmed Syed,Sent MUNAF AHMED SYED, 375.12 ,, 375.12 ,
10/02/2024,12. Feb'24 to Apr'24,Q2 - 2024,MUSA ISSA,Sent MUSA ISSA, 833.60 ,, 833.60 ,
18/03/2024,12. Feb'24 to Apr'24,Q2 - 2024,national parking,NATIONAL PARKING C ON 17 MAR BDC, 60.00 ,, 60.00 ,
10/02/2024,12. Feb'24 to Apr'24,Q2 - 2024,Noman Riaz,Sent Noman Riaz, 833.60 ,, 833.60 ,
09/02/2024,12. Feb'24 to Apr'24,Q2 - 2024,Noor ul huda,Sent Noor ul huda, 521.00 ,, 521.00 ,
09/02/2024,12. Feb'24 to Apr'24,Q2 - 2024,NOORYALAI JABARKHAIL,Sent Nooryalai Jabarkhail, 692.93 ,, 692.93 ,
08/03/2024,12. Feb'24 to Apr'24,Q2 - 2024,NOORYALAI JABARKHAIL,Sent Nooryalai Jabarkhail, 781.50 ,, 781.50 ,
25/03/2024,12. Feb'24 to Apr'24,Q2 - 2024,Now A Ents,NOW 9E27E Boost ON 22 MAR BDC, 6.00 , 1.00 , 5.00 ,
23/02/2024,12. Feb'24 to Apr'24,Q2 - 2024,OKLUMI STORE,OKLUMI STORE ON 22 FEB BDC, 34.94 , 5.82 , 29.12 ,
09/02/2024,12. Feb'24 to Apr'24,Q2 - 2024,Olatunde Ilori,Sent mr Olatunde ilori, 283.40 ,, 283.40 ,
11/03/2024,12. Feb'24 to Apr'24,Q2 - 2024,Olatunde Ilori,Sent mr Olatunde ilori, 261.60 ,, 261.60 ,
08/04/2024,12. Feb'24 to Apr'24,Q2 - 2024,Olatunde Ilori,Sent mr Olatunde ilori, 261.60 ,, 261.60 ,
25/03/2024,12. Feb'24 to Apr'24,Q2 - 2024,ONE CALL INSURANCE,ONE CALL INSURANCE OCAS04595 DDR, 35.41 ,, 35.41 ,
23/04/2024,12. Feb'24 to Apr'24,Q2 - 2024,ONE CALL INSURANCE,ONE CALL INSURANCE OCAS04595 DDR, 35.41 ,, 35.41 ,
20/03/2024,12. Feb'24 to Apr'24,Q2 - 2024,one punch,ONE PUNCH BOXING USA ON 19 MAR CPM, 39.90 ,, 39.90 ,
12/02/2024,12. Feb'24 to Apr'24,Q2 - 2024,One.com,One.com SWEDEN ON 11 FEB CPM, 35.51 ,, 35.51 ,
02/04/2024,12. Feb'24 to Apr'24,Q2 - 2024,One.com,One.com SWEDEN ON 28 MAR CPM, 103.89 ,, 103.89 ,
17/04/2024,12. Feb'24 to Apr'24,Q2 - 2024,One.com,One.com SWEDEN ON 16 APR CPM, 23.99 , 4.00 , 19.99 ,
08/02/2024,12. Feb'24 to Apr'24,Q2 - 2024,Openai USA,OPENAI USA AMOUNT IN USD 2.19 ON 08 FEB VISA 1.258701 FINAL GBP AMOUNT INCLUDES NON-STERLING TRANS FEE £0.05, 1.79 ,, 1.79 ,
15/04/2024,12. Feb'24 to Apr'24,Q2 - 2024,organic herbal,ORGANIC HERBAL REM ON 12 APR BDC, 42.85 ,, 42.85 ,
07/02/2024,12. Feb'24 to Apr'24,Q2 - 2024,Origin Security Limited  ,ORIGINSECURITY LIM AS PER INVOICE BBP," 22,539.00 "," 3,756.50 "," 18,782.50 ",
12/03/2024,12. Feb'24 to Apr'24,Q2 - 2024,Origin Security Limited  ,ORIGINSECURITY LIM AS PER INVOICE FT," 17,521.30 "," 2,920.22 "," 14,601.08 ",
15/03/2024,12. Feb'24 to Apr'24,Q2 - 2024,Origin Security Limited  ,Sent Originsecurity Limited, 780.00 , 130.00 , 650.00 ,
27/03/2024,12. Feb'24 to Apr'24,Q2 - 2024,Origin Security Limited  ,ORIGINSECURITY LIM AS PER INVOICE BBP," 1,000.00 ", 166.67 , 833.33 ,
03/04/2024,12. Feb'24 to Apr'24,Q2 - 2024,Origin Security Limited  ,Sent Originsecurity Limited," 3,325.00 ", 554.17 ," 2,770.83 ",
05/04/2024,12. Feb'24 to Apr'24,Q2 - 2024,Origin Security Limited  ,ORIGINSECURITY LIM AS PER INVOICE FT," 1,000.00 ", 166.67 , 833.33 ,
10/04/2024,12. Feb'24 to Apr'24,Q2 - 2024,Origin Security Limited  ,ORIGINSECURITY LIM AS PER INVOICE BBP," 10,000.00 "," 1,666.67 "," 8,333.33 ",
11/04/2024,12. Feb'24 to Apr'24,Q2 - 2024,Origin Security Limited  ,ORIGINSECURITY LIM AS PER INVOICE FT," 16,938.32 "," 2,823.05 "," 14,115.27 ",
09/02/2024,12. Feb'24 to Apr'24,Q2 - 2024,Pavangopal kattekota,Sent Pavangopal kattekota, 312.60 ,, 312.60 ,
21/02/2024,12. Feb'24 to Apr'24,Q2 - 2024,pipedriveUK,PipedriveUK ON 20 FEB BDC, 71.88 , 11.98 , 59.90 ,
21/03/2024,12. Feb'24 to Apr'24,Q2 - 2024,pipedriveUK,PipedriveUK ON 20 MAR BDC, 71.88 , 11.98 , 59.90 ,
22/04/2024,12. Feb'24 to Apr'24,Q2 - 2024,pipedriveUK,PipedriveUK ON 20 APR BDC, 71.88 , 11.98 , 59.90 ,
19/02/2024,12. Feb'24 to Apr'24,Q2 - 2024,PRAIA RESTURANT,PRAIA RESTAURANT F U.A.EMIRATES AMOUNT IN AED 289.00 ON 16 FEB VISA 4.604582 FINAL GBP AMOUNT INCLUDES NON-STERLING TRANS FEE £1.73, 64.49 ,, 64.49 ,
19/02/2024,12. Feb'24 to Apr'24,Q2 - 2024,PRAIA RESTURANT,PRAIA RESTAURANT F U.A.EMIRATES AMOUNT IN AED 915.00 ON 18 FEB VISA 4.607891 FINAL GBP AMOUNT INCLUDES NON-STERLING TRANS FEE £5.46, 204.03 ,, 204.03 ,
20/02/2024,12. Feb'24 to Apr'24,Q2 - 2024,PRAIA RESTURANT,PRAIA RESTAURANT F U.A.EMIRATES AMOUNT IN AED 609.00 ON 20 FEB VISA 4.607891 FINAL GBP AMOUNT INCLUDES NON-STERLING TRANS FEE £3.63, 135.79 ,, 135.79 ,
06/03/2024,12. Feb'24 to Apr'24,Q2 - 2024,PRAIA RESTURANT,PRAIA RESTAURANT F U.A.EMIRATES AMOUNT IN AED 325.00 ON 05 MAR VISA 4.643258 FINAL GBP AMOUNT INCLUDES NON-STERLING TRANS FEE £1.92, 71.91 ,, 71.91 ,
08/03/2024,12. Feb'24 to Apr'24,Q2 - 2024,PRAIA RESTURANT,PRAIA RESTAURANT F U.A.EMIRATES AMOUNT IN AED 834.00 ON 07 MAR VISA 4.659051 FINAL GBP AMOUNT INCLUDES NON-STERLING TRANS FEE £4.92, 183.93 ,, 183.93 ,
05/02/2024,12. Feb'24 to Apr'24,Q2 - 2024,PROPERTYDATA,PROPERTYDATA ON 03 FEB BDC, 60.00 , 10.00 , 50.00 ,
04/03/2024,12. Feb'24 to Apr'24,Q2 - 2024,PROPERTYDATA,PROPERTYDATA ON 03 MAR BDC, 60.00 , 10.00 , 50.00 ,
04/04/2024,12. Feb'24 to Apr'24,Q2 - 2024,PROPERTYDATA,PROPERTYDATA ON 03 APR BDC, 60.00 , 10.00 , 50.00 ,
23/04/2024,12. Feb'24 to Apr'24,Q2 - 2024,PSI Services Intl,PSI SERVICES ON 21 APR BDC, 50.00 ,, 50.00 ,
04/03/2024,12. Feb'24 to Apr'24,Q2 - 2024,PSI Services Intl,PSI SERVICES INT'L ON 01 MAR BDC, 50.00 ,, 50.00 ,
19/03/2024,12. Feb'24 to Apr'24,Q2 - 2024,PSI Services Intl,PSI SERVICES INT'L ON 17 MAR BDC, 50.00 , 8.33 , 41.67 ,
10/02/2024,12. Feb'24 to Apr'24,Q2 - 2024,Rab Nawaz khan,Sent Rab Nawaz khan, 766.50 ,, 766.50 ,
27/02/2024,12. Feb'24 to Apr'24,Q2 - 2024,Radleigh Security & FM Limited,RADLEIGH SECURITY AS INVOICED BBP," 2,474.00 ", 412.33 ," 2,061.67 ",
05/03/2024,12. Feb'24 to Apr'24,Q2 - 2024,Radleigh Security & FM Limited,RADLEIGH SECURITY AS INVOICED BBP," 2,474.00 ", 412.33 ," 2,061.67 ",
27/03/2024,12. Feb'24 to Apr'24,Q2 - 2024,Radleigh Security & FM Limited,RADLEIGH SECURITY AS INVOICED BBP," 4,069.68 ", 678.28 ," 3,391.40 ",
25/04/2024,12. Feb'24 to Apr'24,Q2 - 2024,Radleigh Security & FM Limited,RADLEIGH SECURITY AS INVOICED BBP," 9,112.50 "," 1,518.75 "," 7,593.75 ",
14/03/2024,12. Feb'24 to Apr'24,Q2 - 2024,Rans Intl,RANS INTL 1 LIMITE AS INVOICED BBP," 10,000.00 "," 1,666.67 "," 8,333.33 ",
09/02/2024,12. Feb'24 to Apr'24,Q2 - 2024,Ravinder Singh,Sent Ravinder Singh, 156.30 ,, 156.30 ,
16/02/2024,12. Feb'24 to Apr'24,Q2 - 2024,Refine Security Services Ltd,REFINE SECURITY SE AS PER INVOICE FT," 15,303.50 "," 2,550.58 "," 12,752.92 ",
19/02/2024,12. Feb'24 to Apr'24,Q2 - 2024,Refine Security Services Ltd,REFINE SECURITY SE AS PER INVOICE FT," 15,303.50 "," 2,550.58 "," 12,752.92 ",
18/03/2024,12. Feb'24 to Apr'24,Q2 - 2024,Refine Security Services Ltd,REFINE SECURITY SE AS PER INVOICE FT," 22,635.00 "," 3,772.50 "," 18,862.50 ",
10/04/2024,12. Feb'24 to Apr'24,Q2 - 2024,Refine Security Services Ltd,REFINE SECURITY SE AS PER INVOICE BBP," 24,605.00 "," 4,100.83 "," 20,504.17 ",
25/03/2024,12. Feb'24 to Apr'24,Q2 - 2024,ReMITLY,REMITLY ON 23 MAR BDC," 1,140.00 ",," 1,140.00 ",
27/02/2024,12. Feb'24 to Apr'24,Q2 - 2024,RKFM Ltd,RK FM LTD INVOICE BBP, 496.80 , 82.80 , 414.00 ,
05/03/2024,12. Feb'24 to Apr'24,Q2 - 2024,RKFM Ltd,RK FM LTD INVOICE BBP, 496.80 , 82.80 , 414.00 ,
27/03/2024,12. Feb'24 to Apr'24,Q2 - 2024,RKFM Ltd,RK FM LTD INVOICE BBP, 327.76 , 54.63 , 273.13 ,
18/03/2024,12. Feb'24 to Apr'24,Q2 - 2024,rocketsearch,RocketReach 833212 USA ON 17 MAR BDC, 42.00 ,, 42.00 ,
07/03/2024,12. Feb'24 to Apr'24,Q2 - 2024,royal smart,ROYAL SMART LIMOUS U.A.EMIRATES AMOUNT IN AED 50.00 ON 06 MAR VISA 4.652072 FINAL GBP AMOUNT INCLUDES NON-STERLING TRANS FEE £0.30, 11.05 ,, 11.05 ,
10/02/2024,12. Feb'24 to Apr'24,Q2 - 2024,RYAN A CRAIG,Sent MR RYAN A CRAIG," 1,311.43 ",," 1,311.43 ",
29/04/2024,12. Feb'24 to Apr'24,Q2 - 2024,Screenomatic,Screencast-O-Matic USA AMOUNT IN USD 36.00 ON 27 APR VISA 1.2446 FINAL GBP AMOUNT INCLUDES NON-STERLING TRANS FEE £0.80, 29.72 , 4.95 , 24.77 ,
28/03/2024,12. Feb'24 to Apr'24,Q2 - 2024,SECURITY INDUSTRY,SECURITY INDUSTRY ON 27 MAR BDC, 184.00 , 30.67 , 153.33 ,
31/03/2024,12. Feb'24 to Apr'24,Q2 - 2024,SECURITY INDUSTRY,SECURITY INDUSTRY ON 30 MAR BDC, 92.00 , 15.33 , 76.67 ,
22/04/2024,12. Feb'24 to Apr'24,Q2 - 2024,SECURITY ZONE MIDLANDS LIMITED,SECURITY SAFE ZONE INVOICED FT," 5,000.00 ", 833.33 ," 4,166.67 ",
09/02/2024,12. Feb'24 to Apr'24,Q2 - 2024,SHAH KHAN,Sent SHAH KHAN," 2,107.30 ",," 2,107.30 ",
10/02/2024,12. Feb'24 to Apr'24,Q2 - 2024,Shakoor Jabar khil,Sent Shakoor Jabar khil, 833.60 ,, 833.60 ,
21/03/2024,12. Feb'24 to Apr'24,Q2 - 2024,SHELL,SHELL PROPELLER ON 20 MAR CLP, 19.27 ,, 19.27 ,
05/02/2024,12. Feb'24 to Apr'24,Q2 - 2024,shish Meze,SHISH MEZE ON 03 FEB CLP, 79.20 , 13.20 , 66.00 ,
08/02/2024,12. Feb'24 to Apr'24,Q2 - 2024,shish Meze,SHISH MEZE ON 07 FEB CLP, 34.10 , 5.68 , 28.42 ,
08/02/2024,12. Feb'24 to Apr'24,Q2 - 2024,shish Meze,SHISH MEZE ON 07 FEB CLP, 141.90 , 23.65 , 118.25 ,
12/02/2024,12. Feb'24 to Apr'24,Q2 - 2024,shish Meze,SHISH MEZE ON 10 FEB CLP, 177.85 , 29.64 , 148.21 ,
26/02/2024,12. Feb'24 to Apr'24,Q2 - 2024,shish Meze,SHISH MEZE ON 23 FEB CLP, 73.87 , 12.31 , 61.56 ,
27/02/2024,12. Feb'24 to Apr'24,Q2 - 2024,shish Meze,SHISH MEZE ON 26 FEB CLP, 168.85 , 28.14 , 140.71 ,
01/04/2024,12. Feb'24 to Apr'24,Q2 - 2024,SHOPIFY,SHOPIFY* 223949363 IRELAND ON 31 MAR CPM, 1.00 ,, 1.00 ,
11/04/2024,12. Feb'24 to Apr'24,Q2 - 2024,SHOPIFY,SHOPIFY* 225431166 IRELAND ON 11 APR CPM, 219.87 ,, 219.87 ,
11/04/2024,12. Feb'24 to Apr'24,Q2 - 2024,SHOPIFY,SHOPIFY* 225431352 IRELAND ON 11 APR CPM, 7.21 ,, 7.21 ,
12/02/2024,12. Feb'24 to Apr'24,Q2 - 2024,SHOWERDOC,SHOWERDOC.COM ON 09 FEB BDC, 262.78 , 43.80 , 218.98 ,
28/02/2024,12. Feb'24 to Apr'24,Q2 - 2024,SILVER LINE GRAPHICS LIMITED,Sent Silverline Graphics Ltd, 87.60 ,, 87.60 ,
22/02/2024,12. Feb'24 to Apr'24,Q2 - 2024,simtek 2012 Ltd,Sent Simtek 2012 Ltd, 240.00 ,, 240.00 ,
08/03/2024,12. Feb'24 to Apr'24,Q2 - 2024,sky dive,SKY DIVE DUBAI - M U.A.EMIRATES AMOUNT IN AED 120.00 ON 07 MAR VISA 4.659051 FINAL GBP AMOUNT INCLUDES NON-STERLING TRANS FEE £0.71, 26.47 ,, 26.47 ,
08/03/2024,12. Feb'24 to Apr'24,Q2 - 2024,sky dive,SKY DIVE DUBAI - M U.A.EMIRATES AMOUNT IN AED 215.00 ON 07 MAR VISA 4.659051 FINAL GBP AMOUNT INCLUDES NON-STERLING TRANS FEE £1.27, 47.42 ,, 47.42 ,
08/03/2024,12. Feb'24 to Apr'24,Q2 - 2024,sky dive,SKY DIVE DUBAI LLC U.A.EMIRATES AMOUNT IN AED 300.00 ON 07 MAR VISA 4.659051 FINAL GBP AMOUNT INCLUDES NON-STERLING TRANS FEE £1.77, 66.16 ,, 66.16 ,
16/02/2024,12. Feb'24 to Apr'24,Q2 - 2024,SMARTBUY,SMARTBUY MINI MART U.A.EMIRATES AMOUNT IN AED 27.00 ON 15 FEB VISA 4.601996 FINAL GBP AMOUNT INCLUDES NON-STERLING TRANS FEE £0.16, 6.02 , 1.00 , 5.02 ,
05/02/2024,12. Feb'24 to Apr'24,Q2 - 2024,smiggle,SMIGGLE ON 04 FEB CLP, 22.00 ,, 22.00 ,
05/02/2024,12. Feb'24 to Apr'24,Q2 - 2024,SP NOTED Aromas,SP NOTED AROMAS 17 ON 04 FEB BDC, 39.98 ,, 39.98 ,
05/02/2024,12. Feb'24 to Apr'24,Q2 - 2024,SP NOTED Aromas,SP NOTED AROMAS 17 ON 04 FEB BDC, 59.98 ,, 59.98 ,
12/04/2024,12. Feb'24 to Apr'24,Q2 - 2024,sp nuvique,SP NUVIQUE SWITZERLAND ON 11 APR CPM, 109.95 ,, 109.95 ,
12/04/2024,12. Feb'24 to Apr'24,Q2 - 2024,SP Pmplsbgone,SP PMPLSBGONE CANADA ON 11 APR CPM, 30.00 ,, 30.00 ,
09/02/2024,12. Feb'24 to Apr'24,Q2 - 2024,Srilatha dhamgari,Sent Srilatha dhamgari, 741.20 ,, 741.20 ,
16/04/2024,12. Feb'24 to Apr'24,Q2 - 2024,SSAIB,WWW.SSAIB.ORG ON 15 APR BDC," 1,164.00 ", 194.00 , 970.00 ,
09/02/2024,12. Feb'24 to Apr'24,Q2 - 2024,Sulaimon Jimoh,Sent Sulaimon Jimoh, 145.88 ,, 145.88 ,
09/02/2024,12. Feb'24 to Apr'24,Q2 - 2024,SYED ALI,SYED MS ALI PAY BBP," 2,264.60 ",," 2,264.60 ",
18/03/2024,12. Feb'24 to Apr'24,Q2 - 2024,SYED ALI,SYED MS ALI PAY BBP," 2,264.60 ",," 2,264.60 ",
10/04/2024,12. Feb'24 to Apr'24,Q2 - 2024,SYED ALI,SYED MS ALI PAY BBP," 2,264.80 ",," 2,264.80 ",
18/03/2024,12. Feb'24 to Apr'24,Q2 - 2024,Syeda Saman,SYEDA SAMAN ALI NA PAY BBP," 1,842.80 ",," 1,842.80 ",
21/02/2024,12. Feb'24 to Apr'24,Q2 - 2024,syeda Wasif,SYEDA WASIF PAY FT," 1,830.80 ",," 1,830.80 ",
18/03/2024,12. Feb'24 to Apr'24,Q2 - 2024,syeda Wasif,SYEDA WASIF PAY BBP," 1,830.80 ",," 1,830.80 ",
09/02/2024,12. Feb'24 to Apr'24,Q2 - 2024,TAHIR HUSSAIN,Sent TAHIR HUSSAIN, 750.24 ,, 750.24 ,
26/04/2024,12. Feb'24 to Apr'24,Q2 - 2024,TESCO,TESCO PAY AT PUMP ON 25 APR BDC, 120.00 , 20.00 , 100.00 ,
07/03/2024,12. Feb'24 to Apr'24,Q2 - 2024,TFL LONDON,TFL ROAD CHG-PENAL ON 05 MAR BDC, 90.00 , 15.00 , 75.00 ,
02/04/2024,12. Feb'24 to Apr'24,Q2 - 2024,the brewary,THE BREWARY CAR PA ON 01 APR BDC, 3.00 ,, 3.00 ,
11/04/2024,12. Feb'24 to Apr'24,Q2 - 2024,the brewary,THE BREWARY CAR PA ON 10 APR BDC, 3.50 ,, 3.50 ,
11/04/2024,12. Feb'24 to Apr'24,Q2 - 2024,the brewary,THE BREWARY CAR PA ON 10 APR BDC, 3.00 ,, 3.00 ,
12/02/2024,12. Feb'24 to Apr'24,Q2 - 2024,TK MAX,T K MAXX ON 10 FEB CLP, 245.90 , 40.98 , 204.92 ,
29/04/2024,12. Feb'24 to Apr'24,Q2 - 2024,TK MAX,T K MAXX ON 27 APR CLP, 290.86 , 48.48 , 242.38 ,
29/04/2024,12. Feb'24 to Apr'24,Q2 - 2024,TK MAX,T K MAXX ON 28 APR CLP, 310.10 , 51.68 , 258.42 ,
22/03/2024,12. Feb'24 to Apr'24,Q2 - 2024,Tome App,TOME.APP USA AMOUNT IN USD 10.00 ON 21 MAR VISA 1.268101 FINAL GBP AMOUNT INCLUDES NON-STERLING TRANS FEE £0.22, 8.11 ,, 8.11 ,
22/04/2024,12. Feb'24 to Apr'24,Q2 - 2024,Tome App,TOME.APP USA AMOUNT IN USD 10.00 ON 21 APR VISA 1.2363 FINAL GBP AMOUNT INCLUDES NON-STERLING TRANS FEE £0.22, 8.31 ,, 8.31 ,
18/03/2024,12. Feb'24 to Apr'24,Q2 - 2024,Travel Expense,Saudi Commission f SAUDI ARABIA AMOUNT IN SAR 488.51 ON 17 MAR VISA 4.769627 FINAL GBP AMOUNT INCLUDES NON-STERLING TRANS FEE £2.82, 105.24 ,, 105.24 ,
18/03/2024,12. Feb'24 to Apr'24,Q2 - 2024,Travel Expense,Saudi Commission f SAUDI ARABIA AMOUNT IN SAR 488.51 ON 17 MAR VISA 4.769627 FINAL GBP AMOUNT INCLUDES NON-STERLING TRANS FEE £2.82, 105.24 ,, 105.24 ,
31/03/2024,12. Feb'24 to Apr'24,Q2 - 2024,Travel Expense,AIR ASTANA KAZAKHSTAN AMOUNT IN KZT 13000.00 ON 30 MAR VISA 562.081952 FINAL GBP AMOUNT INCLUDES NON-STERLING TRANS FEE £0.64, 23.77 ,, 23.77 ,
31/03/2024,12. Feb'24 to Apr'24,Q2 - 2024,Travel Expense,Ferns N Petals U.A.EMIRATES AMOUNT IN AED 457.00 ON 30 MAR VISA 4.627937 FINAL GBP AMOUNT INCLUDES NON-STERLING TRANS FEE £2.72, 101.47 ,, 101.47 ,
03/04/2024,12. Feb'24 to Apr'24,Q2 - 2024,Travel Expense,BKG*HOTEL AT BOOKI AMOUNT IN SAR 8433.18 ON 02 APR VISA 4.701259 FINAL GBP AMOUNT INCLUDES NON-STERLING TRANS FEE £49.33 BDC," 1,843.14 ",," 1,843.14 ",
04/04/2024,12. Feb'24 to Apr'24,Q2 - 2024,Travel Expense,MILYAR CAFE SAUDI ARABIA AMOUNT IN SAR 94.00 ON 03 APR VISA 4.710005 FINAL GBP AMOUNT INCLUDES NON-STERLING TRANS FEE £0.55, 20.51 ,, 20.51 ,
04/04/2024,12. Feb'24 to Apr'24,Q2 - 2024,Travel Expense,SAUDI AIR 06542142 SAUDI ARABIA AMOUNT IN USD 93.10 ON 02 APR VISA 1.253599 FINAL GBP AMOUNT INCLUDES NON-STERLING TRANS FEE £2.04, 76.31 ,, 76.31 ,
04/04/2024,12. Feb'24 to Apr'24,Q2 - 2024,Travel Expense,SP J. JUNAID JAMSH ON 03 APR BDC, 59.49 ,, 59.49 ,
04/04/2024,12. Feb'24 to Apr'24,Q2 - 2024,Travel Expense,SAUDI AIR 06542144 ON 02 APR BDC, 971.70 ,, 971.70 ,
04/04/2024,12. Feb'24 to Apr'24,Q2 - 2024,Travel Expense,Health House Phara SAUDI ARABIA AMOUNT IN SAR 276.00 ON 03 APR VISA 4.710005 FINAL GBP AMOUNT INCLUDES NON-STERLING TRANS FEE £1.61, 60.21 ,, 60.21 ,
04/04/2024,12. Feb'24 to Apr'24,Q2 - 2024,Travel Expense,Makarim Umm Alqura SAUDI ARABIA AMOUNT IN SAR 270.00 ON 03 APR VISA 4.701391 FINAL GBP AMOUNT INCLUDES NON-STERLING TRANS FEE £1.58, 59.01 ,, 59.01 ,
08/04/2024,12. Feb'24 to Apr'24,Q2 - 2024,Travel Expense,Al Nahdi Pharmacy SAUDI ARABIA AMOUNT IN SAR 1213.00 ON 07 APR VISA 4.714624 FINAL GBP AMOUNT INCLUDES NON-STERLING TRANS FEE £7.08, 264.36 ,, 264.36 ,
08/04/2024,12. Feb'24 to Apr'24,Q2 - 2024,Travel Expense,Al-Haramain Speed SAUDI ARABIA AMOUNT IN SAR 646.30 ON 06 APR VISA 4.714624 FINAL GBP AMOUNT INCLUDES NON-STERLING TRANS FEE £3.77, 140.85 ,, 140.85 ,
08/04/2024,12. Feb'24 to Apr'24,Q2 - 2024,Travel Expense,BKG*HOTEL AT BOOKI AMOUNT IN SAR 1237.69 ON 06 APR VISA 4.714624 FINAL GBP AMOUNT INCLUDES NON-STERLING TRANS FEE £7.22 BDC, 269.74 ,, 269.74 ,
08/04/2024,12. Feb'24 to Apr'24,Q2 - 2024,Travel Expense,BKG*HOTEL AT BOOKI AMOUNT IN SAR 3621.65 ON 07 APR VISA 4.714624 FINAL GBP AMOUNT INCLUDES NON-STERLING TRANS FEE £21.12 BDC, 789.29 ,, 789.29 ,
08/04/2024,12. Feb'24 to Apr'24,Q2 - 2024,Travel Expense,Mokarmal Restauran SAUDI ARABIA AMOUNT IN SAR 1000.00 ON 04 APR VISA 4.710005 FINAL GBP AMOUNT INCLUDES NON-STERLING TRANS FEE £5.84, 218.15 ,, 218.15 ,
08/04/2024,12. Feb'24 to Apr'24,Q2 - 2024,Travel Expense,PLAZA PREMIUM GROU HONG KONG AMOUNT IN SAR 477.90 ON 08 APR VISA 4.714624 FINAL GBP AMOUNT INCLUDES NON-STERLING TRANS FEE £2.79, 104.16 ,, 104.16 ,
09/04/2024,12. Feb'24 to Apr'24,Q2 - 2024,Travel Expense,MAID AL JUHANI TRA SAUDI ARABIA AMOUNT IN SAR 72.00 ON 08 APR VISA 4.72925 FINAL GBP AMOUNT INCLUDES NON-STERLING TRANS FEE £0.42, 15.64 ,, 15.64 ,
09/04/2024,12. Feb'24 to Apr'24,Q2 - 2024,Travel Expense,surfshark.com ON 08 APR BDC, 56.74 ,, 56.74 ,
10/04/2024,12. Feb'24 to Apr'24,Q2 - 2024,Travel Expense,SAUDI AIR 06542144 CANADA AMOUNT IN CAD 232.50 ON 07 APR VISA 1.716055 FINAL GBP AMOUNT INCLUDES NON-STERLING TRANS FEE £3.73, 139.22 ,, 139.22 ,
10/04/2024,12. Feb'24 to Apr'24,Q2 - 2024,Travel Expense,SAUDI AIR 06542144 CANADA AMOUNT IN CAD 35.70 ON 07 APR VISA 1.716055 FINAL GBP AMOUNT INCLUDES NON-STERLING TRANS FEE £0.57, 21.37 ,, 21.37 ,
17/04/2024,12. Feb'24 to Apr'24,Q2 - 2024,Travel Expense,RocketReach 833212 USA ON 17 APR CPM, 42.00 ,, 42.00 ,
17/04/2024,12. Feb'24 to Apr'24,Q2 - 2024,Travel Expense,STP*V*asknebula CYPRUS AMOUNT IN USD 19.98 ON 15 APR VISA 1.242299 FINAL GBP AMOUNT INCLUDES NON-STERLING TRANS FEE £0.44, 16.52 ,, 16.52 ,
17/04/2024,12. Feb'24 to Apr'24,Q2 - 2024,Travel Expense,STP*V*asknebula CYPRUS AMOUNT IN USD 19.98 ON 15 APR VISA 1.242299 FINAL GBP AMOUNT INCLUDES NON-STERLING TRANS FEE £0.44, 16.52 ,, 16.52 ,
17/04/2024,12. Feb'24 to Apr'24,Q2 - 2024,Travel Expense,STP*V*asknebula CYPRUS AMOUNT IN USD 19.98 ON 15 APR VISA 1.242299 FINAL GBP AMOUNT INCLUDES NON-STERLING TRANS FEE £0.44, 16.52 ,, 16.52 ,
17/04/2024,12. Feb'24 to Apr'24,Q2 - 2024,Travel Expense,STP*V*asknebula CYPRUS AMOUNT IN USD 19.98 ON 15 APR VISA 1.242299 FINAL GBP AMOUNT INCLUDES NON-STERLING TRANS FEE £0.44, 16.52 ,, 16.52 ,
17/04/2024,12. Feb'24 to Apr'24,Q2 - 2024,Travel Expense,STP*V*asknebula CYPRUS AMOUNT IN USD 19.98 ON 15 APR VISA 1.242299 FINAL GBP AMOUNT INCLUDES NON-STERLING TRANS FEE £0.44, 16.52 ,, 16.52 ,
17/04/2024,12. Feb'24 to Apr'24,Q2 - 2024,Travel Expense,STP*V*asknebula CYPRUS AMOUNT IN USD 19.98 ON 15 APR VISA 1.242299 FINAL GBP AMOUNT INCLUDES NON-STERLING TRANS FEE £0.44, 16.52 ,, 16.52 ,
17/04/2024,12. Feb'24 to Apr'24,Q2 - 2024,Travel Expense,STP*V*asknebula CYPRUS AMOUNT IN USD 19.98 ON 15 APR VISA 1.242299 FINAL GBP AMOUNT INCLUDES NON-STERLING TRANS FEE £0.44, 16.52 ,, 16.52 ,
17/04/2024,12. Feb'24 to Apr'24,Q2 - 2024,Travel Expense,STP*V*asknebula CYPRUS AMOUNT IN USD 19.98 ON 15 APR VISA 1.242299 FINAL GBP AMOUNT INCLUDES NON-STERLING TRANS FEE £0.44, 16.52 ,, 16.52 ,
17/04/2024,12. Feb'24 to Apr'24,Q2 - 2024,Travel Expense,STP*V*asknebula CYPRUS AMOUNT IN USD 19.98 ON 15 APR VISA 1.242299 FINAL GBP AMOUNT INCLUDES NON-STERLING TRANS FEE £0.44, 16.52 ,, 16.52 ,
17/04/2024,12. Feb'24 to Apr'24,Q2 - 2024,Travel Expense,STP*V*asknebula CYPRUS AMOUNT IN USD 19.98 ON 15 APR VISA 1.242299 FINAL GBP AMOUNT INCLUDES NON-STERLING TRANS FEE £0.44, 16.52 ,, 16.52 ,
17/04/2024,12. Feb'24 to Apr'24,Q2 - 2024,Travel Expense,STP*V*asknebula CYPRUS AMOUNT IN USD 19.98 ON 15 APR VISA 1.242299 FINAL GBP AMOUNT INCLUDES NON-STERLING TRANS FEE £0.44, 16.52 ,, 16.52 ,
17/04/2024,12. Feb'24 to Apr'24,Q2 - 2024,Travel Expense,STP*V*asknebula CYPRUS AMOUNT IN USD 19.98 ON 15 APR VISA 1.242299 FINAL GBP AMOUNT INCLUDES NON-STERLING TRANS FEE £0.44, 16.52 ,, 16.52 ,
17/04/2024,12. Feb'24 to Apr'24,Q2 - 2024,Travel Expense,STP*V*asknebula CYPRUS AMOUNT IN USD 19.98 ON 15 APR VISA 1.242299 FINAL GBP AMOUNT INCLUDES NON-STERLING TRANS FEE £0.44, 16.52 ,, 16.52 ,
17/04/2024,12. Feb'24 to Apr'24,Q2 - 2024,Travel Expense,STP*V*asknebula CYPRUS AMOUNT IN USD 19.99 ON 15 APR VISA 1.242299 FINAL GBP AMOUNT INCLUDES NON-STERLING TRANS FEE £0.44, 16.53 ,, 16.53 ,
17/04/2024,12. Feb'24 to Apr'24,Q2 - 2024,Travel Expense,STP*V*asknebula CYPRUS AMOUNT IN USD 2.99 ON 15 APR VISA 1.242299 FINAL GBP AMOUNT INCLUDES NON-STERLING TRANS FEE £0.07, 2.48 ,, 2.48 ,
17/04/2024,12. Feb'24 to Apr'24,Q2 - 2024,Travel Expense,STP*V*asknebula CYPRUS AMOUNT IN USD 9.99 ON 15 APR VISA 1.242299 FINAL GBP AMOUNT INCLUDES NON-STERLING TRANS FEE £0.22, 8.26 ,, 8.26 ,
17/04/2024,12. Feb'24 to Apr'24,Q2 - 2024,Travel Expense,STP*V*asknebula CYPRUS AMOUNT IN USD 99.99 ON 15 APR VISA 1.242299 FINAL GBP AMOUNT INCLUDES NON-STERLING TRANS FEE £2.21, 82.70 ,, 82.70 ,
17/04/2024,12. Feb'24 to Apr'24,Q2 - 2024,Travel Expense,STP*V*asknebula CYPRUS AMOUNT IN USD 99.99 ON 16 APR VISA 1.242299 FINAL GBP AMOUNT INCLUDES NON-STERLING TRANS FEE £2.21, 82.70 ,, 82.70 ,
19/04/2024,12. Feb'24 to Apr'24,Q2 - 2024,Travel Expense,STP*V*asknebula CYPRUS AMOUNT IN USD 24.99 ON 17 APR VISA 1.2412 FINAL GBP AMOUNT INCLUDES NON-STERLING TRANS FEE £0.55, 20.68 ,, 20.68 ,
25/04/2024,12. Feb'24 to Apr'24,Q2 - 2024,Travel Expense,PAYPAL *ENGORGIO ON 23 APR BDC, 41.49 ,, 41.49 ,
25/04/2024,12. Feb'24 to Apr'24,Q2 - 2024,Travel Expense,STP*V*asknebula CYPRUS AMOUNT IN USD 19.98 ON 23 APR VISA 1.2329 FINAL GBP AMOUNT INCLUDES NON-STERLING TRANS FEE £0.45, 16.66 ,, 16.66 ,
25/04/2024,12. Feb'24 to Apr'24,Q2 - 2024,Travel Expense,STP*V*asknebula CYPRUS AMOUNT IN USD 19.98 ON 23 APR VISA 1.2329 FINAL GBP AMOUNT INCLUDES NON-STERLING TRANS FEE £0.45, 16.66 ,, 16.66 ,
25/04/2024,12. Feb'24 to Apr'24,Q2 - 2024,Travel Expense,STP*V*asknebula CYPRUS AMOUNT IN USD 19.98 ON 23 APR VISA 1.2329 FINAL GBP AMOUNT INCLUDES NON-STERLING TRANS FEE £0.45, 16.66 ,, 16.66 ,
25/04/2024,12. Feb'24 to Apr'24,Q2 - 2024,Travel Expense,STP*V*asknebula CYPRUS AMOUNT IN USD 19.98 ON 23 APR VISA 1.2329 FINAL GBP AMOUNT INCLUDES NON-STERLING TRANS FEE £0.45, 16.66 ,, 16.66 ,
25/04/2024,12. Feb'24 to Apr'24,Q2 - 2024,Travel Expense,STP*V*asknebula CYPRUS AMOUNT IN USD 19.98 ON 23 APR VISA 1.2329 FINAL GBP AMOUNT INCLUDES NON-STERLING TRANS FEE £0.45, 16.66 ,, 16.66 ,
25/04/2024,12. Feb'24 to Apr'24,Q2 - 2024,Travel Expense,STP*V*asknebula CYPRUS AMOUNT IN USD 9.99 ON 23 APR VISA 1.229599 FINAL GBP AMOUNT INCLUDES NON-STERLING TRANS FEE £0.22, 8.34 ,, 8.34 ,
25/04/2024,12. Feb'24 to Apr'24,Q2 - 2024,Travel Expense,STP*V*asknebula CYPRUS AMOUNT IN USD 9.99 ON 23 APR VISA 1.2329 FINAL GBP AMOUNT INCLUDES NON-STERLING TRANS FEE £0.22, 8.32 ,, 8.32 ,
29/04/2024,12. Feb'24 to Apr'24,Q2 - 2024,Travel Expense,SP CE7C3C-4 USA ON 28 APR CPM, 25.00 ,, 25.00 ,
29/04/2024,12. Feb'24 to Apr'24,Q2 - 2024,Travel Expense,SQ *NAKED CHIPS FE ON 26 APR CLP, 24.75 ,, 24.75 ,
21/03/2024,12. Feb'24 to Apr'24,Q2 - 2024,TRG Holdings,TRG HOLDINGS LIMIT ON 20 MAR BDC, 29.50 ,, 29.50 ,
27/03/2024,12. Feb'24 to Apr'24,Q2 - 2024,Twilio,TWILIO.COM IRELAND ON 25 MAR BDC, 200.00 ,, 200.00 ,
21/03/2024,12. Feb'24 to Apr'24,Q2 - 2024,Uber,UBR* PENDING.UBER. ON 20 MAR BDC, 102.24 ,, 102.24 ,
16/04/2024,12. Feb'24 to Apr'24,Q2 - 2024,UK Loft Rooms,UK LOFT ROOMS 219 MAIN RD FT," 3,440.00 ", 573.33 ," 2,866.67 ",
11/02/2024,12. Feb'24 to Apr'24,Q2 - 2024,Ultramsg.com,Ultramsg, 30.88 ,, 30.88 ,
09/02/2024,12. Feb'24 to Apr'24,Q2 - 2024,Umar Akram,Sent Umar Akram, 375.12 ,, 375.12 ,
11/03/2024,12. Feb'24 to Apr'24,Q2 - 2024,Urvashi Urvashi,Sent Urvashi Urvashi, 686.70 ,, 686.70 ,
08/04/2024,12. Feb'24 to Apr'24,Q2 - 2024,Urvashi Urvashi,Sent Urvashi Urvashi, 686.70 ,, 686.70 ,
10/02/2024,12. Feb'24 to Apr'24,Q2 - 2024,UZAIR AHMAD,Sent UZAIR AHMAD, 20.00 ,, 20.00 ,
09/02/2024,12. Feb'24 to Apr'24,Q2 - 2024,venkata prudhvi raj narra,Sent VENKATA PRUDHVI RAJ NARRA, 750.24 ,, 750.24 ,
02/04/2024,12. Feb'24 to Apr'24,Q2 - 2024,verification services,VERIFICATION SERVI ON 28 MAR BDC, 158.00 ,, 158.00 ,
01/02/2024,12. Feb'24 to Apr'24,Q2 - 2024,VERISURE SERVICES,VERISURE SERVICES G874BM9-207803 DDR, 65.80 , 10.97 , 54.83 ,
01/02/2024,12. Feb'24 to Apr'24,Q2 - 2024,VERISURE SERVICES,VERISURE SERVICES VJRWBKY-445502 DDR, 32.80 , 5.47 , 27.33 ,
01/02/2024,12. Feb'24 to Apr'24,Q2 - 2024,VERISURE SERVICES,VERISURE SERVICES JEV8XQD-387726 DDR, 58.36 , 9.73 , 48.63 ,
01/03/2024,12. Feb'24 to Apr'24,Q2 - 2024,VERISURE SERVICES,VERISURE SERVICES VJRWBKY-445502 DDR, 32.80 , 5.47 , 27.33 ,
01/03/2024,12. Feb'24 to Apr'24,Q2 - 2024,VERISURE SERVICES,VERISURE SERVICES G874BM9-207803 DDR, 65.80 , 10.97 , 54.83 ,
01/03/2024,12. Feb'24 to Apr'24,Q2 - 2024,VERISURE SERVICES,VERISURE SERVICES JEV8XQD-387726 DDR, 58.36 , 9.73 , 48.63 ,
02/04/2024,12. Feb'24 to Apr'24,Q2 - 2024,VERISURE SERVICES,VERISURE SERVICES G874BM9-207803 DDR, 69.01 , 11.50 , 57.51 ,
02/04/2024,12. Feb'24 to Apr'24,Q2 - 2024,VERISURE SERVICES,VERISURE SERVICES JEV8XQD-387726 DDR, 58.36 , 9.73 , 48.63 ,
02/04/2024,12. Feb'24 to Apr'24,Q2 - 2024,VERISURE SERVICES,VERISURE SERVICES VJRWBKY-445502 DDR, 34.80 , 5.80 , 29.00 ,
04/03/2024,12. Feb'24 to Apr'24,Q2 - 2024,VFS VISA FEE,L2E881900155U UKVI ON 01 MAR BDC," 1,476.00 ",," 1,476.00 ",
11/04/2024,12. Feb'24 to Apr'24,Q2 - 2024,VFS VISA FEE,C2E886700463V UKVI ON 10 APR BDC," 1,331.00 ",," 1,331.00 ",
20/02/2024,12. Feb'24 to Apr'24,Q2 - 2024,virgin Pure,VIRGIN PURE N8XE4KC DDR, 16.62 , 2.77 , 13.85 ,
21/03/2024,12. Feb'24 to Apr'24,Q2 - 2024,virgin Pure,VIRGIN PURE N8XE4KC DDR, 33.24 , 5.54 , 27.70 ,
02/04/2024,12. Feb'24 to Apr'24,Q2 - 2024,virgin Pure,VIRGIN PURE TZ6E56D DDR, 33.24 , 5.54 , 27.70 ,
22/04/2024,12. Feb'24 to Apr'24,Q2 - 2024,virgin Pure,VIRGIN PURE N8XE4KC DDR, 33.24 , 5.54 , 27.70 ,
27/02/2024,12. Feb'24 to Apr'24,Q2 - 2024,VITAL GUARDING FM ,VITAL GUARDING FM AS PER INVOICE BBP," 2,026.20 ", 337.70 ," 1,688.50 ",
05/03/2024,12. Feb'24 to Apr'24,Q2 - 2024,VITAL GUARDING FM ,VITAL GUARDING FM AS PER INVOICE BBP," 2,026.20 ", 337.70 ," 1,688.50 ",
27/03/2024,12. Feb'24 to Apr'24,Q2 - 2024,VITAL GUARDING FM ,VITAL GUARDING FM AS PER INVOICE BBP," 2,902.02 ", 483.67 ," 2,418.35 ",
25/04/2024,12. Feb'24 to Apr'24,Q2 - 2024,VITAL GUARDING FM ,VITAL GUARDING FM AS PER INVOICE BBP," 5,537.40 ", 922.90 ," 4,614.50 ",
26/02/2024,12. Feb'24 to Apr'24,Q2 - 2024,VOLKSWAGEN FINANCIAL Services,VWFS UK LIMITED XXXXXXXXXXXX2015 DDR, 22.49 , 3.75 , 18.74 ,
26/03/2024,12. Feb'24 to Apr'24,Q2 - 2024,VOLKSWAGEN FINANCIAL Services,VWFS UK LIMITED XXXXXXXXXXXX2015 DDR, 22.49 , 3.75 , 18.74 ,
26/04/2024,12. Feb'24 to Apr'24,Q2 - 2024,VOLKSWAGEN FINANCIAL Services,VWFS UK LIMITED XXXXXXXXXXXX2015 DDR, 22.49 , 3.75 , 18.74 ,
09/02/2024,12. Feb'24 to Apr'24,Q2 - 2024,Volodymyr Tsveklinskyi,Sent Volodymyr Tsveklinskyi, 261.60 ,, 261.60 ,
09/02/2024,12. Feb'24 to Apr'24,Q2 - 2024,Wages,Sent NAQASH KHAN, 750.24 ,, 750.24 ,
09/02/2024,12. Feb'24 to Apr'24,Q2 - 2024,Wages,Sent Ranjana Ranjana, 337.90 ,, 337.90 ,
09/02/2024,12. Feb'24 to Apr'24,Q2 - 2024,Wages,Sent Urvashi Urvashi, 719.40 ,, 719.40 ,
03/03/2024,12. Feb'24 to Apr'24,Q2 - 2024,Wages,Sent Callum Worthington, 500.00 ,, 500.00 ,
12/03/2024,12. Feb'24 to Apr'24,Q2 - 2024,Wages,Sent Ryan L Potter, 751.68 ,, 751.68 ,
14/03/2024,12. Feb'24 to Apr'24,Q2 - 2024,Wages,Sent Hafiz JUNAID, 328.23 ,, 328.23 ,
18/03/2024,12. Feb'24 to Apr'24,Q2 - 2024,Wages,NIMRA ASHRAF PAY BBP," 1,842.80 ",," 1,842.80 ",
25/03/2024,12. Feb'24 to Apr'24,Q2 - 2024,Wages,Sent Muhammad Nasir, 90.00 ,, 90.00 ,
07/03/2024,12. Feb'24 to Apr'24,Q2 - 2024,waitrose,WAITROSE NAKHEEL U.A.EMIRATES AMOUNT IN AED 52.25 ON 06 MAR VISA 4.652072 FINAL GBP AMOUNT INCLUDES NON-STERLING TRANS FEE £0.31, 11.54 ,, 11.54 ,
11/03/2024,12. Feb'24 to Apr'24,Q2 - 2024,waitrose,Waitrose Nakheel U.A.EMIRATES ON 08 MAR CPM, 40.05 ,, 40.05 ,
09/02/2024,12. Feb'24 to Apr'24,Q2 - 2024,WAJAHAT ALI,Sent WAJAHAT ALI, 750.24 ,, 750.24 ,
09/02/2024,12. Feb'24 to Apr'24,Q2 - 2024,WAYNE E ROYCE,Sent MR WAYNE E ROYCE, 797.13 ,, 797.13 ,
04/03/2024,12. Feb'24 to Apr'24,Q2 - 2024,welcome Break,WELCOME BREAK-SOUT ON 03 MAR CLP, 17.90 , 2.98 , 14.92 ,
04/03/2024,12. Feb'24 to Apr'24,Q2 - 2024,welcome Break,WELCOME BREAK-SOUT ON 03 MAR CLP, 2.50 , 0.42 , 2.08 ,
22/03/2024,12. Feb'24 to Apr'24,Q2 - 2024,WELL DUNN LIMITED,CLOSE-WELL DUNN 82210977 DDR, 380.48 ,, 380.48 ,
22/04/2024,12. Feb'24 to Apr'24,Q2 - 2024,WELL DUNN LIMITED,CLOSE-WELL DUNN 82210977 DDR, 380.48 ,, 380.48 ,
27/02/2024,12. Feb'24 to Apr'24,Q2 - 2024,WG Associates,WG ASSOCIATES ONE AS PER INVOICE BBP," 2,937.00 ", 489.50 ," 2,447.50 ",
05/03/2024,12. Feb'24 to Apr'24,Q2 - 2024,WHSmith,WH Smith Stansted ON 04 MAR CLP, 2.79 ,, 2.79 ,
25/04/2024,12. Feb'24 to Apr'24,Q2 - 2024,WHSmith,WH Smith Stansted ON 24 APR CLP, 29.99 , 5.00 , 24.99 ,
09/02/2024,12. Feb'24 to Apr'24,Q2 - 2024,Wise Fees,Wise Payments Fee for 118.46 GBP Cloudways, 0.52 ,, 0.52 ,
11/02/2024,12. Feb'24 to Apr'24,Q2 - 2024,Wise Fees,Wise Payments Fee for 30.88 GBP Ultramsg, 0.13 ,, 0.13 ,
07/03/2024,12. Feb'24 to Apr'24,Q2 - 2024,Wise Fees,Wise Payments Fee for 117.40 GBP Cloudways, 0.51 ,, 0.51 ,
11/03/2024,12. Feb'24 to Apr'24,Q2 - 2024,Wise Fees,Wise Payments Fee for 30.34 GBP Ultramsg, 0.13 ,, 0.13 ,
07/04/2024,12. Feb'24 to Apr'24,Q2 - 2024,Wise Fees,Wise Payments Fee for 118.36 GBP Cloudway Talent, 0.52 ,, 0.52 ,
11/04/2024,12. Feb'24 to Apr'24,Q2 - 2024,Wise Fees,Wise Payments Fee for 31.09 GBP Ultramsg, 0.13 ,, 0.13 ,
27/02/2024,12. Feb'24 to Apr'24,Q2 - 2024,xtensible Logistics,XTENSIBLE LOGIX LT AS PER INVOICE BBP," 4,283.40 ", 713.90 ," 3,569.50 ",
27/03/2024,12. Feb'24 to Apr'24,Q2 - 2024,xtensible Logistics,XTENSIBLE LOGIX LT AS PER INVOICE BBP," 5,491.20 ", 915.20 ," 4,576.00 ",
25/04/2024,12. Feb'24 to Apr'24,Q2 - 2024,xtensible Logistics,XTENSIBLE LOGIX LT AS PER INVOICE BBP," 2,197.80 ", 366.30 ," 1,831.50 ",
20/02/2024,12. Feb'24 to Apr'24,Q2 - 2024,ZAIN ABIDIN,Sent MR ZAIN ABIDIN, 682.00 ,, 682.00 ,
29/04/2024,12. Feb'24 to Apr'24,Q2 - 2024,ZARA LAKESIDE,ZARA LAKESIDE 1249 ON 27 APR CLP, 150.05 ,, 150.05 ,
12/04/2024,12. Feb'24 to Apr'24,Q2 - 2024,zendrop usa,ZENDROP USA AMOUNT IN USD 21.14 ON 11 APR VISA 1.251701 FINAL GBP AMOUNT INCLUDES NON-STERLING TRANS FEE £0.46, 17.35 ,, 17.35 ,
11/04/2024,12. Feb'24 to Apr'24,Q2 - 2024,zendrop usa,ZENDROP USA AMOUNT IN USD 39.00 ON 11 APR VISA 1.251701 FINAL GBP AMOUNT INCLUDES NON-STERLING TRANS FEE £0.86, 32.02 , 5.34 , 26.68 ,
09/02/2024,12. Feb'24 to Apr'24,Q2 - 2024,Zulfiqar Ahmad,Sent ZULFIQAR AHMAD, 750.24 ,, 750.24 ,
02/02/2024,12. Feb'24 to Apr'24,Q2 - 2024,,Wise AMOUNT IN EUR 2046.85 ON 01 FEB VISA 1.16819 FINAL GBP AMOUNT INCLUDES NON-STERLING TRANS FEE £48.19 BDC," 1,800.34 ",," 1,800.34 ",
11/03/2024,12. Feb'24 to Apr'24,Q2 - 2024,,EMIRATES.CO 237096 ON 07 MAR BDC, 105.00 ,, 105.00 ,
03/08/2021,2. Aug'21 to Oct'21,Q4 - 2021,ALLDAYPA Communication,WWW.ALLDAYPA.COM      ON 02 AUG          BDC, 150.86 , 25.14 , 125.72 ,
06/08/2021,2. Aug'21 to Oct'21,Q4 - 2021,ALLDAYPA Communication,WWW.ALLDAYPA.COM      ON 05 AUG          BDC, 129.23 , 21.54 , 107.69 ,
10/08/2021,2. Aug'21 to Oct'21,Q4 - 2021,ALLDAYPA Communication,WWW.ALLDAYPA.COM      ON 09 AUG          BDC, 134.77 , 22.46 , 112.31 ,
11/08/2021,2. Aug'21 to Oct'21,Q4 - 2021,ALLDAYPA Communication,WWW.ALLDAYPA.COM      ON 10 AUG          BDC, 57.05 , 9.51 , 47.54 ,
12/08/2021,2. Aug'21 to Oct'21,Q4 - 2021,ALLDAYPA Communication,WWW.ALLDAYPA.COM      ON 11 AUG          BDC, 67.58 , 11.26 , 56.32 ,
13/08/2021,2. Aug'21 to Oct'21,Q4 - 2021,ALLDAYPA Communication,WWW.ALLDAYPA.COM      ON 12 AUG          BDC, 53.27 , 8.88 , 44.39 ,
17/08/2021,2. Aug'21 to Oct'21,Q4 - 2021,ALLDAYPA Communication,WWW.ALLDAYPA.COM      ON 16 AUG          BDC, 71.69 , 11.95 , 59.74 ,
23/08/2021,2. Aug'21 to Oct'21,Q4 - 2021,ALLDAYPA Communication,WWW.ALLDAYPA.COM      ON 20 AUG          BDC, 57.12 , 9.52 , 47.60 ,
24/08/2021,2. Aug'21 to Oct'21,Q4 - 2021,ALLDAYPA Communication,WWW.ALLDAYPA.COM      ON 23 AUG          BDC, 63.52 , 10.59 , 52.93 ,
31/08/2021,2. Aug'21 to Oct'21,Q4 - 2021,ALLDAYPA Communication,WWW.ALLDAYPA.COM      ON 27 AUG          BDC, 144.17 , 24.03 , 120.14 ,
07/09/2021,2. Aug'21 to Oct'21,Q4 - 2021,ALLDAYPA Communication,WWW.ALLDAYPA.COM      ON 06 SEP          BDC, 52.54 , 8.76 , 43.78 ,
14/09/2021,2. Aug'21 to Oct'21,Q4 - 2021,ALLDAYPA Communication,WWW.ALLDAYPA.COM      ON 13 SEP          BDC, 175.00 , 29.17 , 145.83 ,
16/09/2021,2. Aug'21 to Oct'21,Q4 - 2021,ALLDAYPA Communication,WWW.ALLDAYPA.COM      ON 15 SEP          BDC, 155.76 , 25.96 , 129.80 ,
20/09/2021,2. Aug'21 to Oct'21,Q4 - 2021,ALLDAYPA Communication,WWW.ALLDAYPA.COM      ON 17 SEP          BDC, 70.40 , 11.73 , 58.67 ,
22/09/2021,2. Aug'21 to Oct'21,Q4 - 2021,ALLDAYPA Communication,WWW.ALLDAYPA.COM      ON 21 SEP          BDC, 52.98 , 8.83 , 44.15 ,
27/09/2021,2. Aug'21 to Oct'21,Q4 - 2021,ALLDAYPA Communication,WWW.ALLDAYPA.COM      ON 24 SEP          BDC, 56.14 , 9.36 , 46.78 ,
28/09/2021,2. Aug'21 to Oct'21,Q4 - 2021,ALLDAYPA Communication,WWW.ALLDAYPA.COM      ON 27 SEP          BDC, 139.74 , 23.29 , 116.45 ,
05/10/2021,2. Aug'21 to Oct'21,Q4 - 2021,ALLDAYPA Communication,WWW.ALLDAYPA.COM      ON 04 OCT          BDC, 89.18 , 14.86 , 74.32 ,
06/10/2021,2. Aug'21 to Oct'21,Q4 - 2021,ALLDAYPA Communication,WWW.ALLDAYPA.COM      ON 05 OCT          BDC, 75.49 , 12.58 , 62.91 ,
08/10/2021,2. Aug'21 to Oct'21,Q4 - 2021,ALLDAYPA Communication,WWW.ALLDAYPA.COM      ON 07 OCT          BDC, 58.14 , 9.69 , 48.45 ,
12/10/2021,2. Aug'21 to Oct'21,Q4 - 2021,ALLDAYPA Communication,WWW.ALLDAYPA.COM      ON 11 OCT          BDC, 60.82 , 10.14 , 50.68 ,
15/10/2021,2. Aug'21 to Oct'21,Q4 - 2021,ALLDAYPA Communication,WWW.ALLDAYPA.COM      ON 14 OCT          BDC, 57.32 , 9.55 , 47.77 ,
19/10/2021,2. Aug'21 to Oct'21,Q4 - 2021,ALLDAYPA Communication,WWW.ALLDAYPA.COM      ON 18 OCT          BDC, 113.74 , 18.96 , 94.78 ,
22/10/2021,2. Aug'21 to Oct'21,Q4 - 2021,ALLDAYPA Communication,WWW.ALLDAYPA.COM      ON 21 OCT          BDC, 59.93 , 9.99 , 49.94 ,
26/10/2021,2. Aug'21 to Oct'21,Q4 - 2021,ALLDAYPA Communication,WWW.ALLDAYPA.COM      ON 25 OCT          BDC, 70.37 , 11.73 , 58.64 ,
28/10/2021,2. Aug'21 to Oct'21,Q4 - 2021,ALLDAYPA Communication,WWW.ALLDAYPA.COM      ON 27 OCT          BDC, 140.38 , 23.40 , 116.98 ,
04/10/2021,2. Aug'21 to Oct'21,Q4 - 2021,AVIVA INSURANCE LIMITED,AVIVA INSURANCE       ON 30 SEP          BDC," 2,478.00 ",," 2,478.00 ",
23/08/2021,2. Aug'21 to Oct'21,Q4 - 2021,BIFFA WASTE SERVICES LIMITED,BIFFA WASTE SERVIC    B41299             DDR, 71.57 , 11.93 , 59.64 ,
20/09/2021,2. Aug'21 to Oct'21,Q4 - 2021,BIFFA WASTE SERVICES LIMITED,BIFFA WASTE SERVIC    B41299             DDR, 89.46 , 14.91 , 74.55 ,
25/10/2021,2. Aug'21 to Oct'21,Q4 - 2021,BIFFA WASTE SERVICES LIMITED,BIFFA WASTE SERVIC    B41299             DDR, 71.57 , 11.93 , 59.64 ,
07/09/2021,2. Aug'21 to Oct'21,Q4 - 2021,COPART UK LIMITED,WWW.COPART.CO.UK      ON 06 SEP          BDC," 14,074.00 ",," 14,074.00 ",
20/08/2021,2. Aug'21 to Oct'21,Q4 - 2021,FIRST INSURANCE,FIRST INSURANCE SO    GUARDIANFM         FT ," 2,896.48 ", 482.75 ," 2,413.73 ",
05/08/2021,2. Aug'21 to Oct'21,Q4 - 2021,O2 (UK) LIMITED T/A Telefónica UK Limited,O2                    05331910/001       DDR, 47.88 , 7.98 , 39.90 ,
11/08/2021,2. Aug'21 to Oct'21,Q4 - 2021,O2 (UK) LIMITED T/A Telefónica UK Limited,O2                    GED37460874        DDR, 31.09 , 5.18 , 25.91 ,
07/09/2021,2. Aug'21 to Oct'21,Q4 - 2021,O2 (UK) LIMITED T/A Telefónica UK Limited,O2                    05331910/001       DDR, 47.88 , 7.98 , 39.90 ,
13/09/2021,2. Aug'21 to Oct'21,Q4 - 2021,O2 (UK) LIMITED T/A Telefónica UK Limited,O2                    GED37460874        DDR, 65.86 , 10.98 , 54.88 ,
06/10/2021,2. Aug'21 to Oct'21,Q4 - 2021,O2 (UK) LIMITED T/A Telefónica UK Limited,O2                    05331910/001       DDR, 47.88 , 7.98 , 39.90 ,
12/10/2021,2. Aug'21 to Oct'21,Q4 - 2021,O2 (UK) LIMITED T/A Telefónica UK Limited,O2                    GED37460874        DDR, 111.86 , 18.64 , 93.22 ,
09/08/2021,2. Aug'21 to Oct'21,Q4 - 2021,Wave Tel Ltd,WAVE TEL LTD          1001054            DDR, 86.38 , 14.40 , 71.98 ,
07/09/2021,2. Aug'21 to Oct'21,Q4 - 2021,Wave Tel Ltd,WAVE TEL LTD          1001054            DDR, 81.92 , 13.65 , 68.27 ,
07/10/2021,2. Aug'21 to Oct'21,Q4 - 2021,Wave Tel Ltd,WAVE TEL LTD          1001054            DDR, 119.12 , 19.85 , 99.27 ,
09/08/2021,2. Aug'21 to Oct'21,Q4 - 2021,1Password,1PASSWORD             CANADA                , 3.70 , 0.62 , 3.08 ,
09/09/2021,2. Aug'21 to Oct'21,Q4 - 2021,1Password,1PASSWORD             CANADA                , 3.74 , 0.62 , 3.12 ,
11/10/2021,2. Aug'21 to Oct'21,Q4 - 2021,1Password,1PASSWORD             CANADA                , 3.77 , 0.63 , 3.14 ,
23/09/2021,2. Aug'21 to Oct'21,Q4 - 2021,AAAS SECURITY COMPANY LTD,AAAS SECURITY COMP    INVOICE            BBP," 5,000.00 ", 833.33 ," 4,166.67 ",
27/09/2021,2. Aug'21 to Oct'21,Q4 - 2021,AAAS SECURITY COMPANY LTD,AAAS SECURITY COMP    INVOICE            FT ," 7,186.00 "," 1,197.67 "," 5,988.33 ",
19/10/2021,2. Aug'21 to Oct'21,Q4 - 2021,AAAS SECURITY COMPANY LTD,AAAS SECURITY COMP    INVOICE            FT ," 7,186.00 "," 1,197.67 "," 5,988.33 ",
20/10/2021,2. Aug'21 to Oct'21,Q4 - 2021,AAAS SECURITY COMPANY LTD,AAAS SECURITY COMP    INVOICE            FT ," 8,856.00 "," 1,476.00 "," 7,380.00 ",
27/09/2021,2. Aug'21 to Oct'21,Q4 - 2021,ACHILLES,ACHILLES              PF20-001130        BBP, 360.00 ,, 360.00 ,
11/08/2021,2. Aug'21 to Oct'21,Q4 - 2021,ADOBE ACROBAT,ADOBE ACROPRO SUBS    IRELAND               , 15.17 ,, 15.17 ,
13/09/2021,2. Aug'21 to Oct'21,Q4 - 2021,ADOBE ACROBAT,ADOBE ACROPRO SUBS    IRELAND               , 15.17 ,, 15.17 ,
11/10/2021,2. Aug'21 to Oct'21,Q4 - 2021,ADOBE ACROBAT,ADOBE ACROPRO SUBS    IRELAND               , 15.17 ,, 15.17 ,
16/08/2021,2. Aug'21 to Oct'21,Q4 - 2021,Autoserve Ltd,AUTOSERVE LTD         AS8020845          DDR, 46.64 , 7.77 , 38.87 ,
15/09/2021,2. Aug'21 to Oct'21,Q4 - 2021,Autoserve Ltd,AUTOSERVE LTD         AS8020845          DDR, 46.64 , 7.77 , 38.87 ,
15/10/2021,2. Aug'21 to Oct'21,Q4 - 2021,Autoserve Ltd,AUTOSERVE LTD         AS8020845          DDR, 46.64 , 7.77 , 38.87 ,
04/08/2021,2. Aug'21 to Oct'21,Q4 - 2021,Bank Charges,********************** COMMISSION FOR       , 6.50 ,, 6.50 ,
07/09/2021,2. Aug'21 to Oct'21,Q4 - 2021,Bank Charges,********************** COMMISSION FOR       , 6.50 ,, 6.50 ,
04/10/2021,2. Aug'21 to Oct'21,Q4 - 2021,Bank Charges,********************** COMMISSION FOR       , 8.50 ,, 8.50 ,
25/08/2021,2. Aug'21 to Oct'21,Q4 - 2021,BiP Solutions,WWW.BIPSOLUTIONS.C    ON 24 AUG          BDC, 306.00 ,, 306.00 ,
27/10/2021,2. Aug'21 to Oct'21,Q4 - 2021,British Assessment Bureau,BRITISH A 12521258    ON 26 OCT          BDC, 135.06 , 22.51 , 112.55 ,
05/10/2021,2. Aug'21 to Oct'21,Q4 - 2021,CAPITAL VALUE,CAPITAL VALUE SURV    INV 6429           FT ," 3,000.00 ",," 3,000.00 ",
10/09/2021,2. Aug'21 to Oct'21,Q4 - 2021,CAW CONSULTANCY LIMITED,CRAIG A WILLETTS      CAW GFM 11         FT , 350.00 ,, 350.00 ,
27/09/2021,2. Aug'21 to Oct'21,Q4 - 2021,CAW CONSULTANCY LIMITED,CRAIG A WILLETTS      CAW EFM 01         FT , 700.00 ,, 700.00 ,
10/08/2021,2. Aug'21 to Oct'21,Q4 - 2021,CLOUDWAYSLTD,CloudwaysLTD          MALTA                 , 77.51 ,, 77.51 ,
13/09/2021,2. Aug'21 to Oct'21,Q4 - 2021,CLOUDWAYSLTD,CloudwaysLTD          MALTA                 , 83.84 ,, 83.84 ,
11/10/2021,2. Aug'21 to Oct'21,Q4 - 2021,CLOUDWAYSLTD,CloudwaysLTD          MALTA                 , 94.42 ,, 94.42 ,
25/10/2021,2. Aug'21 to Oct'21,Q4 - 2021,COUNTY COACHES UK,COUNTY COACHES UK     17119              BBP," 7,600.00 "," 1,266.67 "," 6,333.33 ",
26/10/2021,2. Aug'21 to Oct'21,Q4 - 2021,COUNTY COACHES UK,COUNTY COACHES UK     17119              FT ," 1,200.00 ", 200.00 ," 1,000.00 ",
31/10/2021,2. Aug'21 to Oct'21,Q4 - 2021,Credit Invoice-Supplier,," 60,000.00 "," 10,000.00 "," 50,000.00 ",
04/08/2021,2. Aug'21 to Oct'21,Q4 - 2021,Delta Force Group Ltd ,DELTA FACILITIES M    INVOICE            BBP," 2,450.50 ", 408.42 ," 2,042.08 ",
04/08/2021,2. Aug'21 to Oct'21,Q4 - 2021,Delta Force Group Ltd ,DELTA FACILITIES M    INVOICE            FT ," 8,520.80 "," 1,420.13 "," 7,100.67 ",
11/08/2021,2. Aug'21 to Oct'21,Q4 - 2021,Delta Force Group Ltd ,DELTA FACILITIES M    INVOICE            FT ," 12,500.00 "," 2,083.33 "," 10,416.67 ",
27/10/2021,2. Aug'21 to Oct'21,Q4 - 2021,ECONOMYCARRENTALS,ECONOMYCARRENTALS     SWITZERLAND           , 28.00 ,, 28.00 ,
24/08/2021,2. Aug'21 to Oct'21,Q4 - 2021,EE LIMITED,EE LIMITED            Q75528830249642261 DDR, 44.54 , 7.42 , 37.12 ,
24/09/2021,2. Aug'21 to Oct'21,Q4 - 2021,EE LIMITED,EE LIMITED            Q75528830257811361 DDR, 27.32 , 4.55 , 22.77 ,
25/10/2021,2. Aug'21 to Oct'21,Q4 - 2021,EE LIMITED,EE LIMITED            Q75528830266298204 DDR, 29.15 , 4.86 , 24.29 ,
03/08/2021,2. Aug'21 to Oct'21,Q4 - 2021,FACEBOOK,FACEBK *MZD5P6KRY2    IRELAND               , 22.74 ,, 22.74 ,
09/08/2021,2. Aug'21 to Oct'21,Q4 - 2021,FACEBOOK,FACEBK *HQG8V57RY2    IRELAND               , 34.08 ,, 34.08 ,
17/08/2021,2. Aug'21 to Oct'21,Q4 - 2021,FACEBOOK,FACEBK *KE6BG7PRY2    IRELAND               , 56.66 ,, 56.66 ,
25/08/2021,2. Aug'21 to Oct'21,Q4 - 2021,FACEBOOK,FACEBK *CU34T7TQY2    IRELAND               , 56.92 ,, 56.92 ,
31/08/2021,2. Aug'21 to Oct'21,Q4 - 2021,FACEBOOK,FACEBK *938837XQY2    IRELAND               , 28.50 ,, 28.50 ,
13/09/2021,2. Aug'21 to Oct'21,Q4 - 2021,FACEBOOK,FACEBK MRTPA8TQY2     IRELAND               , 88.54 ,, 88.54 ,
30/09/2021,2. Aug'21 to Oct'21,Q4 - 2021,FACEBOOK,FACEBK Z9K7X7XQY2     IRELAND               , 117.06 ,, 117.06 ,
10/08/2021,2. Aug'21 to Oct'21,Q4 - 2021,First4Freelancers Ltd,FIRST4FREELANCERS     GUARDIANFM         FT ," 15,000.00 "," 2,500.00 "," 12,500.00 ",
11/08/2021,2. Aug'21 to Oct'21,Q4 - 2021,First4Freelancers Ltd,FIRST4FREELANCERS     GUARDIANFM         FT ," 10,000.00 "," 1,666.67 "," 8,333.33 ",
17/08/2021,2. Aug'21 to Oct'21,Q4 - 2021,First4Freelancers Ltd,FIRST4FREELANCERS     GUARDIANFM         FT ," 20,000.00 "," 3,333.33 "," 16,666.67 ",
23/08/2021,2. Aug'21 to Oct'21,Q4 - 2021,First4Freelancers Ltd,FIRST4FREELANCERS     7759               FT ," 10,000.00 "," 1,666.67 "," 8,333.33 ",
01/09/2021,2. Aug'21 to Oct'21,Q4 - 2021,First4Freelancers Ltd,FIRST4FREELANCERS     GUARDIANFM         FT ," 8,534.13 "," 1,422.36 "," 7,111.78 ",
02/09/2021,2. Aug'21 to Oct'21,Q4 - 2021,First4Freelancers Ltd,FIRST4FREELANCERS     GUARDIANFM         FT ," 20,000.00 "," 3,333.33 "," 16,666.67 ",
10/09/2021,2. Aug'21 to Oct'21,Q4 - 2021,First4Freelancers Ltd,FIRST4FREELANCERS     GUARDIANFM         BBP," 12,000.00 "," 2,000.00 "," 10,000.00 ",
13/09/2021,2. Aug'21 to Oct'21,Q4 - 2021,First4Freelancers Ltd,FIRST4FREELANCERS     GUARDIANFM         BBP," 50,000.00 "," 8,333.33 "," 41,666.67 ",
15/09/2021,2. Aug'21 to Oct'21,Q4 - 2021,First4Freelancers Ltd,FIRST4FREELANCERS     GUARDIANFM         FT ," 22,000.00 "," 3,666.67 "," 18,333.33 ",
06/10/2021,2. Aug'21 to Oct'21,Q4 - 2021,First4Freelancers Ltd,FIRST4FREELANCERS     GUARDIANFM         FT ," 40,000.00 "," 6,666.67 "," 33,333.33 ",
11/10/2021,2. Aug'21 to Oct'21,Q4 - 2021,First4Freelancers Ltd,FIRST4FREELANCERS     GUARDIANFM         FT ," 25,000.00 "," 4,166.67 "," 20,833.33 ",
11/10/2021,2. Aug'21 to Oct'21,Q4 - 2021,First4Freelancers Ltd,FIRST4FREELANCERS     GUARDIANFM         FT ," 25,000.00 "," 4,166.67 "," 20,833.33 ",
02/08/2021,2. Aug'21 to Oct'21,Q4 - 2021,FORMATIONSCOMPANY,FORMATIONSCOMPANY     ON 30 JUL          BDC, 17.99 ,, 17.99 ,
31/08/2021,2. Aug'21 to Oct'21,Q4 - 2021,FORMATIONSCOMPANY,FORMATIONSCOMPANY     ON 30 AUG          BDC, 17.99 ,, 17.99 ,
01/10/2021,2. Aug'21 to Oct'21,Q4 - 2021,FORMATIONSCOMPANY,FORMATIONSCOMPANY     ON 30 SEP          BDC, 17.99 ,, 17.99 ,
01/10/2021,2. Aug'21 to Oct'21,Q4 - 2021,FORUM,FORUM EVENTS + MED    GUARDIA2           FT ," 2,400.00 ", 400.00 ," 2,000.00 ",
09/08/2021,2. Aug'21 to Oct'21,Q4 - 2021,Fund Transfer,GUARDIANFM LTD        TOPUP ANNA WK8AWI  FT ," 5,000.00 ", 833.33 ," 4,166.67 ",
10/08/2021,2. Aug'21 to Oct'21,Q4 - 2021,Fund Transfer,GUARDIANFM LTD        TOPUP ANNA ACY4J7  FT ," 5,000.00 ", 833.33 ," 4,166.67 ",
16/08/2021,2. Aug'21 to Oct'21,Q4 - 2021,Fund Transfer,GUARDIANFM LTD        TOPUP ANNA 2E070J  FT ," 5,000.00 ", 833.33 ," 4,166.67 ",
16/08/2021,2. Aug'21 to Oct'21,Q4 - 2021,Fund Transfer,GUARDIANFM LTD        TOPUP ANNA TO35ML  FT ," 2,000.00 ", 333.33 ," 1,666.67 ",
03/09/2021,2. Aug'21 to Oct'21,Q4 - 2021,Fund Transfer,GUARDIANFM LTD        TOPUP ANNA 0FXN6L  FT , 500.00 , 83.33 , 416.67 ,
06/09/2021,2. Aug'21 to Oct'21,Q4 - 2021,Fund Transfer,GUARDIANFM LTD        TOPUP ANNA FMEKQG  FT ," 1,000.00 ", 166.67 , 833.33 ,
13/09/2021,2. Aug'21 to Oct'21,Q4 - 2021,Fund Transfer,GUARDIANFM LTD        TOPUP ANNA I85H99  FT ," 5,000.00 ", 833.33 ," 4,166.67 ",
21/09/2021,2. Aug'21 to Oct'21,Q4 - 2021,Fund Transfer,GUARDIANFM LTD        TOPUP ANNA FC22CE  FT ," 2,000.00 ", 333.33 ," 1,666.67 ",
05/10/2021,2. Aug'21 to Oct'21,Q4 - 2021,Fund Transfer,GUARDIANFM LTD        TOPUP ANNA Q3UE38  FT ," 2,500.00 ", 416.67 ," 2,083.33 ",
08/10/2021,2. Aug'21 to Oct'21,Q4 - 2021,Fund Transfer,GUARDIANFM LTD        TOPUP ANNA 1PZNCI  FT ," 3,500.00 ", 583.33 ," 2,916.67 ",
08/10/2021,2. Aug'21 to Oct'21,Q4 - 2021,Fund Transfer,GUARDIANFM LTD        TOPUP ANNA MZ02IO  FT ," 3,500.00 ", 583.33 ," 2,916.67 ",
11/10/2021,2. Aug'21 to Oct'21,Q4 - 2021,Fund Transfer,GUARDIANFM LTD        TOPUP ANNA NPJ5QL  FT ," 4,200.00 ", 700.00 ," 3,500.00 ",
15/10/2021,2. Aug'21 to Oct'21,Q4 - 2021,Fund Transfer,GUARDIANFM LTD        TOPUP ANNA 9R9XAE  FT ," 3,500.00 ", 583.33 ," 2,916.67 ",
15/10/2021,2. Aug'21 to Oct'21,Q4 - 2021,Fund Transfer,GUARDIANFM LTD        TOPUP ANNA JHSE1Q  FT ," 2,500.00 ", 416.67 ," 2,083.33 ",
18/10/2021,2. Aug'21 to Oct'21,Q4 - 2021,Fund Transfer,GUARDIANFM LTD        TOPUP ANNA XC0PDY  FT ," 2,000.00 ", 333.33 ," 1,666.67 ",
23/08/2021,2. Aug'21 to Oct'21,Q4 - 2021,GETADDRESS.IO,GETADDRESS.IO         ON 22 AUG          BDC, 14.40 , 2.40 , 12.00 ,
23/09/2021,2. Aug'21 to Oct'21,Q4 - 2021,GETADDRESS.IO,GETADDRESS.IO         ON 22 SEP          BDC, 14.40 , 2.40 , 12.00 ,
25/10/2021,2. Aug'21 to Oct'21,Q4 - 2021,GETADDRESS.IO,GETADDRESS.IO         ON 22 OCT          BDC, 14.40 , 2.40 , 12.00 ,
31/08/2021,2. Aug'21 to Oct'21,Q4 - 2021,GOOGLE,GOOGLE *Google Sto    ON 28 AUG          BDC, 1.59 ,, 1.59 ,
29/09/2021,2. Aug'21 to Oct'21,Q4 - 2021,GOOGLE,GOOGLE *Google Sto    ON 28 SEP          BDC, 1.59 ,, 1.59 ,
29/10/2021,2. Aug'21 to Oct'21,Q4 - 2021,GOOGLE,GOOGLE *Google Sto    ON 28 OCT          BDC, 1.59 ,, 1.59 ,
03/08/2021,2. Aug'21 to Oct'21,Q4 - 2021,INTUIT LIMITED,INTUIT LIMITED        00017NGNU0O4Q-00RT DDR, 7.20 , 1.20 , 6.00 ,
03/09/2021,2. Aug'21 to Oct'21,Q4 - 2021,INTUIT LIMITED,INTUIT LIMITED        00017NGNU0O4Q-00RT DDR, 7.20 , 1.20 , 6.00 ,
04/10/2021,2. Aug'21 to Oct'21,Q4 - 2021,INTUIT LIMITED,INTUIT LIMITED        00017NGNU0O4Q-00RT DDR, 7.20 , 1.20 , 6.00 ,
10/08/2021,2. Aug'21 to Oct'21,Q4 - 2021,IONOS CLOUD LIMITED,1 AND 1 IONOS LTD     ON 08 AUG          BDC, 1.20 , 0.20 , 1.00 ,
10/09/2021,2. Aug'21 to Oct'21,Q4 - 2021,IONOS CLOUD LIMITED,1 AND 1 IONOS LTD     ON 08 SEP          BDC, 1.20 , 0.20 , 1.00 ,
11/10/2021,2. Aug'21 to Oct'21,Q4 - 2021,IONOS CLOUD LIMITED,1 AND 1 IONOS LTD     ON 08 OCT          BDC, 1.20 , 0.20 , 1.00 ,
05/10/2021,2. Aug'21 to Oct'21,Q4 - 2021,KSEYE ADMIN LTD,KSEYE ADMIN LTD       SAI1001            FT , 600.00 , 100.00 , 500.00 ,
23/08/2021,2. Aug'21 to Oct'21,Q4 - 2021,LEARNDASH.COM,LEARNDASH.COM         USA                   , 142.79 ,, 142.79 ,
02/08/2021,2. Aug'21 to Oct'21,Q4 - 2021,LEX AUTOLEASE LIMITED,LEX AUTOLEASE         817200V00365155    DDR, 954.54 , 159.09 , 795.45 ,
01/09/2021,2. Aug'21 to Oct'21,Q4 - 2021,LEX AUTOLEASE LIMITED,LEX AUTOLEASE         817200V00365155    DDR, 954.54 , 159.09 , 795.45 ,
01/10/2021,2. Aug'21 to Oct'21,Q4 - 2021,LEX AUTOLEASE LIMITED,LEX AUTOLEASE         817200V00365155    DDR, 954.54 , 159.09 , 795.45 ,
06/08/2021,2. Aug'21 to Oct'21,Q4 - 2021,LINKEDIN LTD,LINKEDIN-669*01256    IRELAND               , 69.98 ,, 69.98 ,
06/09/2021,2. Aug'21 to Oct'21,Q4 - 2021,LINKEDIN LTD,LinkedIn 678595367    IRELAND               , 69.98 ,, 69.98 ,
06/10/2021,2. Aug'21 to Oct'21,Q4 - 2021,LINKEDIN LTD,LINKEDIN-688*32744    IRELAND               , 69.98 ,, 69.98 ,
16/08/2021,2. Aug'21 to Oct'21,Q4 - 2021,LYCAMOBILE,LYCAMOBILE UK LTD     ON 12 AUG          BDC, 10.00 , 1.67 , 8.33 ,
27/08/2021,2. Aug'21 to Oct'21,Q4 - 2021,LYCAMOBILE,LYCAMOBILE            ON 26 AUG          BDC, 10.00 , 1.67 , 8.33 ,
31/08/2021,2. Aug'21 to Oct'21,Q4 - 2021,LYCAMOBILE,LYCAMOBILE UK LTD     ON 28 AUG          BDC, 15.00 , 2.50 , 12.50 ,
13/09/2021,2. Aug'21 to Oct'21,Q4 - 2021,LYCAMOBILE,LYCAMOBILE UK LTD     ON 11 SEP          BDC, 10.00 , 1.67 , 8.33 ,
27/09/2021,2. Aug'21 to Oct'21,Q4 - 2021,LYCAMOBILE,LYCAMOBILE            ON 25 SEP          BDC, 10.00 , 1.67 , 8.33 ,
29/09/2021,2. Aug'21 to Oct'21,Q4 - 2021,LYCAMOBILE,LYCAMOBILE UK LTD     ON 27 SEP          BDC, 15.00 , 2.50 , 12.50 ,
12/10/2021,2. Aug'21 to Oct'21,Q4 - 2021,LYCAMOBILE,LYCAMOBILE            ON 11 OCT          BDC, 10.00 , 1.67 , 8.33 ,
26/10/2021,2. Aug'21 to Oct'21,Q4 - 2021,LYCAMOBILE,LYCAMOBILE            ON 25 OCT          BDC, 10.00 , 1.67 , 8.33 ,
29/10/2021,2. Aug'21 to Oct'21,Q4 - 2021,LYCAMOBILE,LYCAMOBILE UK LTD     ON 27 OCT          BDC, 15.00 , 2.50 , 12.50 ,
08/10/2021,2. Aug'21 to Oct'21,Q4 - 2021,MAXIM SOLICITORS,MAXIM SOLICITORS L    SA INVESTMENTS     BBP," 2,500.00 ",," 2,500.00 ",
16/08/2021,2. Aug'21 to Oct'21,Q4 - 2021,MICROSOFT LIMITED,MSFT * E0300FIOKK     IRELAND               , 11.28 ,, 11.28 ,
16/09/2021,2. Aug'21 to Oct'21,Q4 - 2021,MICROSOFT LIMITED,MSFT * E0300FUSS2     IRELAND               , 11.28 ,, 11.28 ,
18/10/2021,2. Aug'21 to Oct'21,Q4 - 2021,MICROSOFT LIMITED,MSFT * E0300G72EG     ON 16 OCT          BDC, 11.28 ,, 11.28 ,
05/08/2021,2. Aug'21 to Oct'21,Q4 - 2021,MMBA ACCOUNTANTS LIMITED,GOCARDLESS            TZACO-X8QDNZZVJHKS DDR, 400.00 ,, 400.00 ,
06/09/2021,2. Aug'21 to Oct'21,Q4 - 2021,MMBA ACCOUNTANTS LIMITED,GOCARDLESS            TZACO-X8QDNZZVJHKS DDR, 400.00 ,, 400.00 ,
05/10/2021,2. Aug'21 to Oct'21,Q4 - 2021,MMBA ACCOUNTANTS LIMITED,GOCARDLESS            TZACO-X8QDNZZVJHKS DDR, 400.00 ,, 400.00 ,
14/10/2021,2. Aug'21 to Oct'21,Q4 - 2021,MMBA ACCOUNTANTS LIMITED,MMBA ACCOUNTANTS L    SIN 0000759        FT ," 1,680.00 ",," 1,680.00 ",
12/08/2021,2. Aug'21 to Oct'21,Q4 - 2021,MOUNTPACE LTD,MOUNT PACE            79 HOE STREET      STO," 1,458.33 ",," 1,458.33 ",
13/09/2021,2. Aug'21 to Oct'21,Q4 - 2021,MOUNTPACE LTD,MOUNT PACE            79 HOE STREET      STO," 1,458.33 ",," 1,458.33 ",
12/10/2021,2. Aug'21 to Oct'21,Q4 - 2021,MOUNTPACE LTD,MOUNT PACE            79 HOE STREET      STO," 1,458.33 ",," 1,458.33 ",
20/08/2021,2. Aug'21 to Oct'21,Q4 - 2021,One.com,One.com               DENMARK               , 11.99 ,, 11.99 ,
28/09/2021,2. Aug'21 to Oct'21,Q4 - 2021,One.com,One.com               DENMARK               , 20.39 ,, 20.39 ,
06/10/2021,2. Aug'21 to Oct'21,Q4 - 2021,One.com,One.com               SWEDEN                , 236.24 ,, 236.24 ,
15/10/2021,2. Aug'21 to Oct'21,Q4 - 2021,One.com,One.com               SWEDEN                , 20.39 ,, 20.39 ,
27/10/2021,2. Aug'21 to Oct'21,Q4 - 2021,One.com,One.com               SWEDEN                , 20.39 ,, 20.39 ,
09/08/2021,2. Aug'21 to Oct'21,Q4 - 2021,OPUS ENERGY LTD,OPUS ENERGY GAS SU    0890504            DDR, 75.38 , 12.56 , 62.82 ,
31/08/2021,2. Aug'21 to Oct'21,Q4 - 2021,OPUS ENERGY LTD,OPUS ENERGY LTD       0890104            DDR, 74.28 , 12.38 , 61.90 ,
09/09/2021,2. Aug'21 to Oct'21,Q4 - 2021,OPUS ENERGY LTD,OPUS ENERGY GAS SU    0890504            DDR, 77.65 , 12.94 , 64.71 ,
29/09/2021,2. Aug'21 to Oct'21,Q4 - 2021,OPUS ENERGY LTD,OPUS ENERGY LTD       0890104            DDR, 86.70 , 14.45 , 72.25 ,
11/10/2021,2. Aug'21 to Oct'21,Q4 - 2021,OPUS ENERGY LTD,OPUS ENERGY GAS SU    0890504            DDR, 48.58 , 8.10 , 40.48 ,
29/10/2021,2. Aug'21 to Oct'21,Q4 - 2021,OPUS ENERGY LTD,OPUS ENERGY LTD       0890104            DDR, 77.83 , 12.97 , 64.86 ,
04/08/2021,2. Aug'21 to Oct'21,Q4 - 2021,PROPERTYDATA,PROPERTYDATA          ON 03 AUG          BDC, 52.80 ,, 52.80 ,
06/09/2021,2. Aug'21 to Oct'21,Q4 - 2021,PROPERTYDATA,PROPERTYDATA          ON 03 SEP          BDC, 52.80 ,, 52.80 ,
04/10/2021,2. Aug'21 to Oct'21,Q4 - 2021,PROPERTYDATA,PROPERTYDATA          ON 03 OCT          BDC, 52.80 ,, 52.80 ,
04/08/2021,2. Aug'21 to Oct'21,Q4 - 2021,Red Apple Branding and Marketing Consultancy Ltd,RED APPLE BRANDING    PAYMENT            FT ," 29,508.65 "," 4,918.11 "," 24,590.54 ",
05/08/2021,2. Aug'21 to Oct'21,Q4 - 2021,Red Apple Branding and Marketing Consultancy Ltd,RED APPLE BRANDING    PAYMENT            FT ," 29,508.80 "," 4,918.13 "," 24,590.67 ",
09/08/2021,2. Aug'21 to Oct'21,Q4 - 2021,Red Apple Branding and Marketing Consultancy Ltd,RED APPLE BRANDING    PAYMENT            BBP," 30,545.50 "," 5,090.92 "," 25,454.58 ",
09/08/2021,2. Aug'21 to Oct'21,Q4 - 2021,Red Apple Branding and Marketing Consultancy Ltd,RED APPLE BRANDING    PAYMENT            BBP," 45,450.56 "," 7,575.09 "," 37,875.47 ",
10/08/2021,2. Aug'21 to Oct'21,Q4 - 2021,Red Apple Branding and Marketing Consultancy Ltd,RED APPLE BRANDING    PAYMENT            BBP," 25,467.56 "," 4,244.59 "," 21,222.97 ",
10/08/2021,2. Aug'21 to Oct'21,Q4 - 2021,Red Apple Branding and Marketing Consultancy Ltd,RED APPLE BRANDING    PAYMENT            BBP," 45,252.35 "," 7,542.06 "," 37,710.29 ",
10/08/2021,2. Aug'21 to Oct'21,Q4 - 2021,Red Apple Branding and Marketing Consultancy Ltd,RED APPLE BRANDING    PAYMENT            BBP," 25,520.35 "," 4,253.39 "," 21,266.96 ",
11/08/2021,2. Aug'21 to Oct'21,Q4 - 2021,Red Apple Branding and Marketing Consultancy Ltd,RED APPLE BRANDING    PAYMENT            BBP," 38,542.56 "," 6,423.76 "," 32,118.80 ",
11/08/2021,2. Aug'21 to Oct'21,Q4 - 2021,Red Apple Branding and Marketing Consultancy Ltd,RED APPLE BRANDING    PAYMENT            BBP," 35,452.56 "," 5,908.76 "," 29,543.80 ",
13/08/2021,2. Aug'21 to Oct'21,Q4 - 2021,Red Apple Branding and Marketing Consultancy Ltd,RED APPLE BRANDING    PAYMENT            BBP," 35,252.50 "," 5,875.42 "," 29,377.08 ",
17/08/2021,2. Aug'21 to Oct'21,Q4 - 2021,Red Apple Branding and Marketing Consultancy Ltd,RED APPLE BRANDING    PAYMENT            BBP," 16,000.00 "," 2,666.67 "," 13,333.33 ",
17/08/2021,2. Aug'21 to Oct'21,Q4 - 2021,Red Apple Branding and Marketing Consultancy Ltd,RED APPLE BRANDING    PAYMENT            BBP," 47,500.00 "," 7,916.67 "," 39,583.33 ",
20/08/2021,2. Aug'21 to Oct'21,Q4 - 2021,Red Apple Branding and Marketing Consultancy Ltd,RED APPLE BRANDING    PAYMENT            BBP," 45,450.56 "," 7,575.09 "," 37,875.47 ",
25/08/2021,2. Aug'21 to Oct'21,Q4 - 2021,Red Apple Branding and Marketing Consultancy Ltd,RED APPLE BRANDING    PAYMENT            FT ," 19,000.58 "," 3,166.76 "," 15,833.82 ",
26/08/2021,2. Aug'21 to Oct'21,Q4 - 2021,Red Apple Branding and Marketing Consultancy Ltd,RED APPLE BRANDING    PAYMENT            FT ," 25,808.50 "," 4,301.42 "," 21,507.08 ",
31/08/2021,2. Aug'21 to Oct'21,Q4 - 2021,Red Apple Branding and Marketing Consultancy Ltd,RED APPLE BRANDING    PAYMENT            BBP," 25,430.80 "," 4,238.47 "," 21,192.33 ",
31/08/2021,2. Aug'21 to Oct'21,Q4 - 2021,Red Apple Branding and Marketing Consultancy Ltd,RED APPLE BRANDING    PAYMENT            BBP," 49,550.50 "," 8,258.42 "," 41,292.08 ",
06/09/2021,2. Aug'21 to Oct'21,Q4 - 2021,Red Apple Branding and Marketing Consultancy Ltd,RED APPLE BRANDING    PAYMENT            BBP," 49,567.40 "," 8,261.23 "," 41,306.17 ",
07/09/2021,2. Aug'21 to Oct'21,Q4 - 2021,Red Apple Branding and Marketing Consultancy Ltd,RED APPLE BRANDING    PAYMENT            FT ," 15,000.00 "," 2,500.00 "," 12,500.00 ",
09/09/2021,2. Aug'21 to Oct'21,Q4 - 2021,Red Apple Branding and Marketing Consultancy Ltd,RED APPLE BRANDING    PAYMENT            BBP," 45,689.45 "," 7,614.91 "," 38,074.54 ",
09/09/2021,2. Aug'21 to Oct'21,Q4 - 2021,Red Apple Branding and Marketing Consultancy Ltd,RED APPLE BRANDING    PAYMENT            FT ," 48,956.80 "," 8,159.47 "," 40,797.33 ",
10/09/2021,2. Aug'21 to Oct'21,Q4 - 2021,Red Apple Branding and Marketing Consultancy Ltd,RED APPLE BRANDING    PAYMENT            BBP," 47,562.32 "," 7,927.05 "," 39,635.27 ",
13/09/2021,2. Aug'21 to Oct'21,Q4 - 2021,Red Apple Branding and Marketing Consultancy Ltd,RED APPLE BRANDING    PAYMENT            BBP," 43,520.60 "," 7,253.43 "," 36,267.17 ",
13/09/2021,2. Aug'21 to Oct'21,Q4 - 2021,Red Apple Branding and Marketing Consultancy Ltd,RED APPLE BRANDING    PAYMENT            BBP," 48,520.50 "," 8,086.75 "," 40,433.75 ",
14/09/2021,2. Aug'21 to Oct'21,Q4 - 2021,Red Apple Branding and Marketing Consultancy Ltd,RED APPLE BRANDING    PAYMENT            BBP," 49,856.32 "," 8,309.39 "," 41,546.93 ",
15/09/2021,2. Aug'21 to Oct'21,Q4 - 2021,Red Apple Branding and Marketing Consultancy Ltd,RED APPLE BRANDING    PAYMENT            BBP," 48,956.32 "," 8,159.39 "," 40,796.93 ",
16/09/2021,2. Aug'21 to Oct'21,Q4 - 2021,Red Apple Branding and Marketing Consultancy Ltd,RED APPLE BRANDING    PAYMENT            BBP," 49,580.52 "," 8,263.42 "," 41,317.10 ",
17/09/2021,2. Aug'21 to Oct'21,Q4 - 2021,Red Apple Branding and Marketing Consultancy Ltd,RED APPLE BRANDING    PAYMENT            BBP," 20,150.05 "," 3,358.34 "," 16,791.71 ",
17/09/2021,2. Aug'21 to Oct'21,Q4 - 2021,Red Apple Branding and Marketing Consultancy Ltd,RED APPLE BRANDING    PAYMENT            BBP," 49,230.52 "," 8,205.09 "," 41,025.43 ",
20/09/2021,2. Aug'21 to Oct'21,Q4 - 2021,Red Apple Branding and Marketing Consultancy Ltd,RED APPLE BRANDING    PAYMENT            BBP," 47,658.20 "," 7,943.03 "," 39,715.17 ",
22/09/2021,2. Aug'21 to Oct'21,Q4 - 2021,Red Apple Branding and Marketing Consultancy Ltd,RED APPLE BRANDING    PAYMENT            BBP," 49,520.32 "," 8,253.39 "," 41,266.93 ",
23/09/2021,2. Aug'21 to Oct'21,Q4 - 2021,Red Apple Branding and Marketing Consultancy Ltd,RED APPLE BRANDING    PAYMENT            BBP," 35,252.32 "," 5,875.39 "," 29,376.93 ",
28/09/2021,2. Aug'21 to Oct'21,Q4 - 2021,Red Apple Branding and Marketing Consultancy Ltd,RED APPLE BRANDING    PAYMENT            BBP," 48,950.20 "," 8,158.37 "," 40,791.83 ",
28/09/2021,2. Aug'21 to Oct'21,Q4 - 2021,Red Apple Branding and Marketing Consultancy Ltd,RED APPLE BRANDING    PAYMENT            BBP," 39,879.90 "," 6,646.65 "," 33,233.25 ",
05/10/2021,2. Aug'21 to Oct'21,Q4 - 2021,Red Apple Branding and Marketing Consultancy Ltd,RED APPLE BRANDING    PAYMENT            BBP," 49,523.52 "," 8,253.92 "," 41,269.60 ",
08/10/2021,2. Aug'21 to Oct'21,Q4 - 2021,Red Apple Branding and Marketing Consultancy Ltd,RED APPLE BRANDING    PAYMENT            BBP," 49,850.25 "," 8,308.38 "," 41,541.88 ",
08/10/2021,2. Aug'21 to Oct'21,Q4 - 2021,Red Apple Branding and Marketing Consultancy Ltd,RED APPLE BRANDING    PAYMENT            FT ," 30,088.80 "," 5,014.80 "," 25,074.00 ",
11/10/2021,2. Aug'21 to Oct'21,Q4 - 2021,Red Apple Branding and Marketing Consultancy Ltd,RED APPLE BRANDING    PAYMENT            BBP," 49,768.90 "," 8,294.82 "," 41,474.08 ",
11/10/2021,2. Aug'21 to Oct'21,Q4 - 2021,Red Apple Branding and Marketing Consultancy Ltd,RED APPLE BRANDING    PAYMENT            BBP," 49,456.78 "," 8,242.80 "," 41,213.98 ",
11/10/2021,2. Aug'21 to Oct'21,Q4 - 2021,Red Apple Branding and Marketing Consultancy Ltd,RED APPLE BRANDING    PAYMENT            BBP," 47,895.20 "," 7,982.53 "," 39,912.67 ",
11/10/2021,2. Aug'21 to Oct'21,Q4 - 2021,Red Apple Branding and Marketing Consultancy Ltd,RED APPLE BRANDING    PAYMENT            BBP," 33,520.50 "," 5,586.75 "," 27,933.75 ",
11/10/2021,2. Aug'21 to Oct'21,Q4 - 2021,Red Apple Branding and Marketing Consultancy Ltd,RED APPLE BRANDING    PAYMENT            BBP," 25,450.55 "," 4,241.76 "," 21,208.79 ",
12/10/2021,2. Aug'21 to Oct'21,Q4 - 2021,Red Apple Branding and Marketing Consultancy Ltd,RED APPLE BRANDING    PAYMENT            BBP," 48,560.98 "," 8,093.50 "," 40,467.48 ",
12/10/2021,2. Aug'21 to Oct'21,Q4 - 2021,Red Apple Branding and Marketing Consultancy Ltd,RED APPLE BRANDING    PAYMENT            BBP," 40,520.32 "," 6,753.39 "," 33,766.93 ",
13/10/2021,2. Aug'21 to Oct'21,Q4 - 2021,Red Apple Branding and Marketing Consultancy Ltd,RED APPLE BRANDING    PAYMENT            BBP," 49,582.31 "," 8,263.72 "," 41,318.59 ",
14/10/2021,2. Aug'21 to Oct'21,Q4 - 2021,Red Apple Branding and Marketing Consultancy Ltd,RED APPLE BRANDING    PAYMENT            BBP," 39,585.32 "," 6,597.55 "," 32,987.77 ",
15/10/2021,2. Aug'21 to Oct'21,Q4 - 2021,Red Apple Branding and Marketing Consultancy Ltd,RED APPLE BRANDING    PAYMENT            BBP," 38,952.32 "," 6,492.05 "," 32,460.27 ",
19/10/2021,2. Aug'21 to Oct'21,Q4 - 2021,Red Apple Branding and Marketing Consultancy Ltd,RED APPLE BRANDING    PAYMENT            BBP," 49,789.34 "," 8,298.22 "," 41,491.12 ",
21/10/2021,2. Aug'21 to Oct'21,Q4 - 2021,Red Apple Branding and Marketing Consultancy Ltd,RED APPLE BRANDING    PAYMENT            BBP," 49,852.32 "," 8,308.72 "," 41,543.60 ",
21/10/2021,2. Aug'21 to Oct'21,Q4 - 2021,Red Apple Branding and Marketing Consultancy Ltd,RED APPLE BRANDING    PAYMENT            BBP," 48,769.32 "," 8,128.22 "," 40,641.10 ",
29/10/2021,2. Aug'21 to Oct'21,Q4 - 2021,Red Apple Branding and Marketing Consultancy Ltd,RED APPLE BRANDING    PAYMENT            BBP," 35,789.67 "," 5,964.95 "," 29,824.73 ",
09/08/2021,2. Aug'21 to Oct'21,Q4 - 2021,SDN Security Solutions Ltd ,SDN SECURITY SOLUT    INVOICE            BBP," 21,580.52 "," 3,596.75 "," 17,983.77 ",
09/08/2021,2. Aug'21 to Oct'21,Q4 - 2021,SDN Security Solutions Ltd ,SDN SECURITY SOLUT    INVOICE            FT ," 20,748.00 "," 3,458.00 "," 17,290.00 ",
13/10/2021,2. Aug'21 to Oct'21,Q4 - 2021,SDN Security Solutions Ltd ,SDN SECURITY SOLUT    INVOICE            BBP," 40,000.00 "," 6,666.67 "," 33,333.33 ",
14/10/2021,2. Aug'21 to Oct'21,Q4 - 2021,SDN Security Solutions Ltd ,SDN SECURITY SOLUT    INVOICE            FT ," 39,590.50 "," 6,598.42 "," 32,992.08 ",
19/10/2021,2. Aug'21 to Oct'21,Q4 - 2021,SDN Security Solutions Ltd ,SDN SECURITY SOLUT    INVOICE            FT ," 25,000.00 "," 4,166.67 "," 20,833.33 ",
19/08/2021,2. Aug'21 to Oct'21,Q4 - 2021,SHOPIFY,PAYPAL *SHOPIFY       IRELAND               , 106.85 ,, 106.85 ,
20/08/2021,2. Aug'21 to Oct'21,Q4 - 2021,SHOPIFY,SHOPIFY* 117595911    IRELAND               , 21.87 ,, 21.87 ,
31/08/2021,2. Aug'21 to Oct'21,Q4 - 2021,SHOPIFY,SHOPIFY* 118328869    IRELAND               , 26.92 ,, 26.92 ,
20/09/2021,2. Aug'21 to Oct'21,Q4 - 2021,SHOPIFY,PAYPAL *SHOPIFY       IRELAND               , 107.11 ,, 107.11 ,
20/09/2021,2. Aug'21 to Oct'21,Q4 - 2021,SHOPIFY,SHOPIFY* 120187198    IRELAND               , 21.71 ,, 21.71 ,
28/09/2021,2. Aug'21 to Oct'21,Q4 - 2021,SHOPIFY,SHOPIFY* 120977379    IRELAND               , 33.06 ,, 33.06 ,
18/10/2021,2. Aug'21 to Oct'21,Q4 - 2021,SHOPIFY,PAYPAL *SHOPIFY       IRELAND               , 107.86 ,, 107.86 ,
19/10/2021,2. Aug'21 to Oct'21,Q4 - 2021,SHOPIFY,SHOPIFY* 122807410    IRELAND               , 21.74 ,, 21.74 ,
28/10/2021,2. Aug'21 to Oct'21,Q4 - 2021,SHOPIFY,SHOPIFY* 123610544    IRELAND               , 32.94 ,, 32.94 ,
20/08/2021,2. Aug'21 to Oct'21,Q4 - 2021,SILICON MANAGEMENT CONSULTANTS LTD,SILCON MANAGEMNET     INVOICE            FT ," 12,500.80 "," 2,083.47 "," 10,417.33 ",
13/09/2021,2. Aug'21 to Oct'21,Q4 - 2021,SILICON MANAGEMENT CONSULTANTS LTD,SILCON MANAGEMNET     INVOICE            FT ," 10,506.80 "," 1,751.13 "," 8,755.67 ",
15/09/2021,2. Aug'21 to Oct'21,Q4 - 2021,SILICON MANAGEMENT CONSULTANTS LTD,SILCON MANAGEMNET     INVOICE            FT ," 2,000.00 ", 333.33 ," 1,666.67 ",
29/09/2021,2. Aug'21 to Oct'21,Q4 - 2021,SILICON MANAGEMENT CONSULTANTS LTD,SILCON MANAGEMNET     INVOICE            FT ," 2,500.00 ", 416.67 ," 2,083.33 ",
29/10/2021,2. Aug'21 to Oct'21,Q4 - 2021,TOWNSEND INSURANCE,TOWNSEND INSURANCE    ON 28 OCT          BDC, 921.71 ,, 921.71 ,
20/08/2021,2. Aug'21 to Oct'21,Q4 - 2021,UK Force Services Limited,UK FORCE SERVICES     PAY                FT ," 21,600.00 "," 3,600.00 "," 18,000.00 ",
17/09/2021,2. Aug'21 to Oct'21,Q4 - 2021,UK Force Services Limited,UK FORCE SERVICES     PAY                BBP," 22,800.00 "," 3,800.00 "," 19,000.00 ",
20/10/2021,2. Aug'21 to Oct'21,Q4 - 2021,UK Force Services Limited,UK FORCE SERVICES     PAY                BBP," 22,000.00 "," 3,666.67 "," 18,333.33 ",
12/10/2021,2. Aug'21 to Oct'21,Q4 - 2021,UKINSURANCENET,UKINSURANCENET INS    ON 11 OCT          BDC, 69.99 ,, 69.99 ,
02/08/2021,2. Aug'21 to Oct'21,Q4 - 2021,VERISURE SERVICES,VERISURE SERVICES     G874BM9-207803     DDR, 57.76 ,, 57.76 ,
01/09/2021,2. Aug'21 to Oct'21,Q4 - 2021,VERISURE SERVICES,VERISURE SERVICES     G874BM9-207803     DDR, 57.76 ,, 57.76 ,
01/10/2021,2. Aug'21 to Oct'21,Q4 - 2021,VERISURE SERVICES,VERISURE SERVICES     G874BM9-207803     DDR, 57.76 ,, 57.76 ,
06/08/2021,2. Aug'21 to Oct'21,Q4 - 2021,Wages,BRIAN SMITH           INVOICE 041        FT ," 2,701.03 ", 450.17 ," 2,250.86 ",
06/09/2021,2. Aug'21 to Oct'21,Q4 - 2021,Wages,BRIAN SMITH           INVOICE 044        FT ," 2,199.35 ", 366.56 ," 1,832.79 ",
05/10/2021,2. Aug'21 to Oct'21,Q4 - 2021,Wages,BRIAN SMITH           INVOICE 043        FT ," 2,457.00 ", 409.50 ," 2,047.50 ",
06/10/2021,2. Aug'21 to Oct'21,Q4 - 2021,Wages,BRIAN SMITH           INVOICE HOL        FT ," 2,000.00 ", 333.33 ," 1,666.67 ",
25/10/2021,2. Aug'21 to Oct'21,Q4 - 2021,Wages,LUKE WALKER           INVOICE            BBP, 598.00 ,, 598.00 ,
03/11/2021,3. Nov'21 to Jan'22,Q1 - 2022,ALLDAYPA Communication,WWW.ALLDAYPA.COM      ON 02 NOV          BDC, 51.49 , 8.58 , 42.91 ,
05/11/2021,3. Nov'21 to Jan'22,Q1 - 2022,ALLDAYPA Communication,WWW.ALLDAYPA.COM      ON 04 NOV          BDC, 54.62 , 9.10 , 45.52 ,
09/11/2021,3. Nov'21 to Jan'22,Q1 - 2022,ALLDAYPA Communication,WWW.ALLDAYPA.COM      ON 08 NOV          BDC, 57.50 , 9.58 , 47.92 ,
11/11/2021,3. Nov'21 to Jan'22,Q1 - 2022,ALLDAYPA Communication,WWW.ALLDAYPA.COM      ON 10 NOV          BDC, 61.75 , 10.29 , 51.46 ,
16/11/2021,3. Nov'21 to Jan'22,Q1 - 2022,ALLDAYPA Communication,WWW.ALLDAYPA.COM      ON 15 NOV          BDC, 108.89 , 18.15 , 90.74 ,
18/11/2021,3. Nov'21 to Jan'22,Q1 - 2022,ALLDAYPA Communication,WWW.ALLDAYPA.COM      ON 17 NOV          BDC, 83.87 , 13.98 , 69.89 ,
19/11/2021,3. Nov'21 to Jan'22,Q1 - 2022,ALLDAYPA Communication,WWW.ALLDAYPA.COM      ON 18 NOV          BDC, 89.18 , 14.86 , 74.32 ,
23/11/2021,3. Nov'21 to Jan'22,Q1 - 2022,ALLDAYPA Communication,WWW.ALLDAYPA.COM      ON 22 NOV          BDC, 146.03 , 24.34 , 121.69 ,
24/11/2021,3. Nov'21 to Jan'22,Q1 - 2022,ALLDAYPA Communication,WWW.ALLDAYPA.COM      ON 23 NOV          BDC, 170.76 , 28.46 , 142.30 ,
30/11/2021,3. Nov'21 to Jan'22,Q1 - 2022,ALLDAYPA Communication,WWW.ALLDAYPA.COM      ON 29 NOV          BDC, 139.81 , 23.30 , 116.51 ,
06/12/2021,3. Nov'21 to Jan'22,Q1 - 2022,ALLDAYPA Communication,WWW.ALLDAYPA.COM      ON 03 DEC          BDC, 84.86 , 14.14 , 70.72 ,
14/12/2021,3. Nov'21 to Jan'22,Q1 - 2022,ALLDAYPA Communication,WWW.ALLDAYPA.COM      ON 13 DEC          BDC, 83.48 , 13.91 , 69.57 ,
15/12/2021,3. Nov'21 to Jan'22,Q1 - 2022,ALLDAYPA Communication,WWW.ALLDAYPA.COM      ON 14 DEC          BDC, 60.95 , 10.16 , 50.79 ,
17/12/2021,3. Nov'21 to Jan'22,Q1 - 2022,ALLDAYPA Communication,WWW.ALLDAYPA.COM      ON 16 DEC          BDC, 92.77 , 15.46 , 77.31 ,
21/12/2021,3. Nov'21 to Jan'22,Q1 - 2022,ALLDAYPA Communication,WWW.ALLDAYPA.COM      ON 20 DEC          BDC, 69.60 , 11.60 , 58.00 ,
23/12/2021,3. Nov'21 to Jan'22,Q1 - 2022,ALLDAYPA Communication,WWW.ALLDAYPA.COM      ON 22 DEC          BDC, 77.80 , 12.97 , 64.83 ,
29/12/2021,3. Nov'21 to Jan'22,Q1 - 2022,ALLDAYPA Communication,WWW.ALLDAYPA.COM      ON 27 DEC          BDC, 215.90 , 35.98 , 179.92 ,
11/01/2022,3. Nov'21 to Jan'22,Q1 - 2022,ALLDAYPA Communication,WWW.ALLDAYPA.COM      ON 10 JAN          BDC, 56.45 , 9.41 , 47.04 ,
14/01/2022,3. Nov'21 to Jan'22,Q1 - 2022,ALLDAYPA Communication,WWW.ALLDAYPA.COM      ON 13 JAN          BDC, 54.77 , 9.13 , 45.64 ,
24/01/2022,3. Nov'21 to Jan'22,Q1 - 2022,ALLDAYPA Communication,WWW.ALLDAYPA.COM      ON 21 JAN          BDC, 51.82 , 8.64 , 43.18 ,
27/01/2022,3. Nov'21 to Jan'22,Q1 - 2022,ALLDAYPA Communication,WWW.ALLDAYPA.COM      ON 26 JAN          BDC, 55.94 , 9.32 , 46.62 ,
28/01/2022,3. Nov'21 to Jan'22,Q1 - 2022,ALLDAYPA Communication,WWW.ALLDAYPA.COM      ON 27 JAN          BDC, 118.87 , 19.81 , 99.06 ,
23/12/2021,3. Nov'21 to Jan'22,Q1 - 2022,AVIVA INSURANCE LIMITED,AVIVA INSURANCE       ON 22 DEC          BDC," 1,993.81 ",," 1,993.81 ",
22/11/2021,3. Nov'21 to Jan'22,Q1 - 2022,BIFFA WASTE SERVICES LIMITED,BIFFA WASTE SERVIC    B41299             DDR, 71.57 , 11.93 , 59.64 ,
20/12/2021,3. Nov'21 to Jan'22,Q1 - 2022,BIFFA WASTE SERVICES LIMITED,BIFFA WASTE SERVIC    B41299             DDR, 89.46 , 14.91 , 74.55 ,
24/01/2022,3. Nov'21 to Jan'22,Q1 - 2022,BIFFA WASTE SERVICES LIMITED,BIFFA WASTE SERVIC    B41299             DDR, 78.14 , 13.02 , 65.12 ,
01/12/2021,3. Nov'21 to Jan'22,Q1 - 2022,COPART UK LIMITED,WWW.COPART.CO.UK      ON 30 NOV          BDC, 100.00 ,, 100.00 ,
14/01/2022,3. Nov'21 to Jan'22,Q1 - 2022,COPART UK LIMITED,WWW.COPART.CO.UK      ON 13 JAN          BDC," 17,533.20 ",," 17,533.20 ",
22/11/2021,3. Nov'21 to Jan'22,Q1 - 2022,HIGH ALERT SECURITY,HIGH ALERT SECURIT    INV 0001           BBP," 5,088.00 ", 848.00 ," 4,240.00 ",
05/11/2021,3. Nov'21 to Jan'22,Q1 - 2022,O2 (UK) LIMITED T/A Telefónica UK Limited,O2                    05331910/001       DDR, 47.88 , 7.98 , 39.90 ,
11/11/2021,3. Nov'21 to Jan'22,Q1 - 2022,O2 (UK) LIMITED T/A Telefónica UK Limited,O2                    GED37460874        DDR, 41.52 , 6.92 , 34.60 ,
08/12/2021,3. Nov'21 to Jan'22,Q1 - 2022,O2 (UK) LIMITED T/A Telefónica UK Limited,O2                    05331910/001       DDR, 47.88 , 7.98 , 39.90 ,
13/12/2021,3. Nov'21 to Jan'22,Q1 - 2022,O2 (UK) LIMITED T/A Telefónica UK Limited,O2                    GED37460874        DDR, 66.51 , 11.09 , 55.43 ,
29/12/2021,3. Nov'21 to Jan'22,Q1 - 2022,O2 (UK) LIMITED T/A Telefónica UK Limited,O2                    ON 24 DEC          BDC, 45.56 , 7.59 , 37.97 ,
06/01/2022,3. Nov'21 to Jan'22,Q1 - 2022,O2 (UK) LIMITED T/A Telefónica UK Limited,O2                    05331910/001       DDR, 47.88 , 7.98 , 39.90 ,
11/01/2022,3. Nov'21 to Jan'22,Q1 - 2022,O2 (UK) LIMITED T/A Telefónica UK Limited,O2                    GED37460874        DDR, 31.56 , 5.26 , 26.30 ,
20/01/2022,3. Nov'21 to Jan'22,Q1 - 2022,O2 (UK) LIMITED T/A Telefónica UK Limited,O2                    GED61207858           , 19.78 , 3.30 , 16.48 ,
09/11/2021,3. Nov'21 to Jan'22,Q1 - 2022,Wave Tel Ltd,WAVETEL BUSINESS      1001054               , 129.83 , 21.64 , 108.19 ,
08/12/2021,3. Nov'21 to Jan'22,Q1 - 2022,Wave Tel Ltd,WAVETEL BUSINESS      1001054            DDR, 128.40 , 21.40 , 107.00 ,
10/01/2022,3. Nov'21 to Jan'22,Q1 - 2022,Wave Tel Ltd,WAVETEL BUSINESS      1001054            DDR, 151.08 , 25.18 , 125.90 ,
09/11/2021,3. Nov'21 to Jan'22,Q1 - 2022,1Password,1PASSWORD             CANADA                , 3.81 , 0.64 , 3.18 ,
09/12/2021,3. Nov'21 to Jan'22,Q1 - 2022,1Password,1PASSWORD             CANADA                , 3.89 , 0.65 , 3.24 ,
10/01/2022,3. Nov'21 to Jan'22,Q1 - 2022,1Password,1PASSWORD             CANADA                , 3.79 , 0.63 , 3.16 ,
10/01/2022,3. Nov'21 to Jan'22,Q1 - 2022,1pMobile,1PMOBILE              ON 08 JAN          BDC, 36.00 , 6.00 , 30.00 ,
03/12/2021,3. Nov'21 to Jan'22,Q1 - 2022,ACM-CCAS LTD,ACM-CCAS LTD          00020612           BBP," 2,800.00 ", 466.67 ," 2,333.33 ",
11/11/2021,3. Nov'21 to Jan'22,Q1 - 2022,ADOBE ACROBAT,ADOBE ACROPRO SUBS    IRELAND               , 15.17 ,, 15.17 ,
13/12/2021,3. Nov'21 to Jan'22,Q1 - 2022,ADOBE ACROBAT,ADOBE ACROPRO SUBS    IRELAND               , 15.17 ,, 15.17 ,
11/01/2022,3. Nov'21 to Jan'22,Q1 - 2022,ADOBE ACROBAT,ADOBE ACROPRO SUBS    IRELAND               , 15.17 ,, 15.17 ,
17/12/2021,3. Nov'21 to Jan'22,Q1 - 2022,AK SKILLS LTD,AK SKILLS LTD         MD AMINUL ISLAM    BBP, 320.00 ,, 320.00 ,
15/11/2021,3. Nov'21 to Jan'22,Q1 - 2022,Autoserve Ltd,AUTOSERVE LTD         AS8020845          DDR, 46.64 , 7.77 , 38.87 ,
15/12/2021,3. Nov'21 to Jan'22,Q1 - 2022,Autoserve Ltd,AUTOSERVE LTD         AS8020845          DDR, 46.64 , 7.77 , 38.87 ,
17/01/2022,3. Nov'21 to Jan'22,Q1 - 2022,Autoserve Ltd,AUTOSERVE LTD         AS8020845          DDR, 46.64 , 7.77 , 38.87 ,
04/11/2021,3. Nov'21 to Jan'22,Q1 - 2022,Bank Charges,********************** COMMISSION FOR       , 8.50 ,, 8.50 ,
06/12/2021,3. Nov'21 to Jan'22,Q1 - 2022,Bank Charges,********************** COMMISSION FOR       , 8.50 ,, 8.50 ,
06/01/2022,3. Nov'21 to Jan'22,Q1 - 2022,Bank Charges,********************** COMMISSION FOR       , 8.50 ,, 8.50 ,
16/11/2021,3. Nov'21 to Jan'22,Q1 - 2022,BARK.COM GLOBAL LIMITED,BARK.COM              ON 15 NOV          BDC, 149.76 , 24.96 , 124.80 ,
23/11/2021,3. Nov'21 to Jan'22,Q1 - 2022,BARK.COM GLOBAL LIMITED,BARK.COM              ON 22 NOV          BDC, 177.84 , 29.64 , 148.20 ,
23/12/2021,3. Nov'21 to Jan'22,Q1 - 2022,BCARD COMMERCIAL,BCARD COMMERCIAL      5476760090977359   DDR, 32.00 ,, 32.00 ,
11/11/2021,3. Nov'21 to Jan'22,Q1 - 2022,Budget Inventories,BUDGET INVENTRIES     000263             FT , 120.00 ,, 120.00 ,
10/01/2022,3. Nov'21 to Jan'22,Q1 - 2022,CAR SOUND SECURITY,CAR SOUND SECURITY    ON 08 JAN          BDC, 450.98 , 75.16 , 375.82 ,
29/11/2021,3. Nov'21 to Jan'22,Q1 - 2022,CASTLE WATER LTD,CASTLE WATER LTD      TW6717224001       DDR, 5.00 ,, 5.00 ,
29/12/2021,3. Nov'21 to Jan'22,Q1 - 2022,CASTLE WATER LTD,CASTLE WATER LTD      TW6717224001       DDR, 5.00 ,, 5.00 ,
28/01/2022,3. Nov'21 to Jan'22,Q1 - 2022,CASTLE WATER LTD,CASTLE WATER LTD      TW6717224001       DDR, 5.00 ,, 5.00 ,
07/12/2021,3. Nov'21 to Jan'22,Q1 - 2022,CAW CONSULTANCY LIMITED,CRAIG A WILLETTS      CAW GFM 11         FT , 200.00 ,, 200.00 ,
21/01/2022,3. Nov'21 to Jan'22,Q1 - 2022,CCBCOFFICE,CCBCOFFICE            ON 20 JAN          BDC, 14.00 ,, 14.00 ,
09/11/2021,3. Nov'21 to Jan'22,Q1 - 2022,CLOUDWAYSLTD,CloudwaysLTD          MALTA                 , 95.35 ,, 95.35 ,
08/12/2021,3. Nov'21 to Jan'22,Q1 - 2022,CLOUDWAYSLTD,CloudwaysLTD          MALTA                 , 106.95 ,, 106.95 ,
10/01/2022,3. Nov'21 to Jan'22,Q1 - 2022,CLOUDWAYSLTD,CloudwaysLTD          MALTA                 , 106.20 ,, 106.20 ,
31/01/2022,3. Nov'21 to Jan'22,Q1 - 2022,Credit Invoice - Supplier,," 116,551.13 "," 19,425.19 "," 97,125.94 ",
16/12/2021,3. Nov'21 to Jan'22,Q1 - 2022,CURRYS,CURRYS ONLINE         ON 15 DEC          BDC, 179.99 , 30.00 , 149.99 ,
11/01/2022,3. Nov'21 to Jan'22,Q1 - 2022,DANIELS SILVERMAN,DANIELS SILVERMAN     ON 10 JAN          BDC," 4,216.97 ", 702.83 ," 3,514.14 ",
22/11/2021,3. Nov'21 to Jan'22,Q1 - 2022,David Secker,DAVID SECKER          INVOICE            BBP, 459.00 ,, 459.00 ,
14/12/2021,3. Nov'21 to Jan'22,Q1 - 2022,Dropbox,Dropbox               IRELAND               , 9.99 ,, 9.99 ,
12/01/2022,3. Nov'21 to Jan'22,Q1 - 2022,Dropbox,Dropbox               IRELAND               , 95.88 ,, 95.88 ,
14/01/2022,3. Nov'21 to Jan'22,Q1 - 2022,Dropbox,Dropbox               IRELAND               , 9.99 ,, 9.99 ,
24/11/2021,3. Nov'21 to Jan'22,Q1 - 2022,EE LIMITED,EE LIMITED            Q75528830274560463 DDR, 31.84 , 5.31 , 26.53 ,
24/12/2021,3. Nov'21 to Jan'22,Q1 - 2022,EE LIMITED,EE LIMITED            Q75528830282818401 DDR, 29.40 , 4.90 , 24.50 ,
24/01/2022,3. Nov'21 to Jan'22,Q1 - 2022,EE LIMITED,EE LIMITED            Q75528830291063667 DDR, 89.59 , 14.93 , 74.66 ,
11/11/2021,3. Nov'21 to Jan'22,Q1 - 2022,FACEBOOK,FACEBK 47PCW9PRY2     IRELAND               , 133.66 ,, 133.66 ,
30/11/2021,3. Nov'21 to Jan'22,Q1 - 2022,FACEBOOK,FACEBK Y6RHD9TRY2     IRELAND               , 74.42 ,, 74.42 ,
30/12/2021,3. Nov'21 to Jan'22,Q1 - 2022,FACEBOOK,FACEBK K5U9NAXQY2     IRELAND               , 29.79 ,, 29.79 ,
31/01/2022,3. Nov'21 to Jan'22,Q1 - 2022,FACEBOOK,FACEBK Q3KM4CBRY2     IRELAND               , 91.85 ,, 91.85 ,
09/11/2021,3. Nov'21 to Jan'22,Q1 - 2022,First4Freelancers Ltd,FIRST4FREELANCERS     GUARDIANFM         BBP," 50,000.00 "," 8,333.33 "," 41,666.67 ",
10/11/2021,3. Nov'21 to Jan'22,Q1 - 2022,First4Freelancers Ltd,FIRST4FREELANCERS     GUARDIANFM         BBP," 45,662.21 "," 7,610.37 "," 38,051.84 ",
01/12/2021,3. Nov'21 to Jan'22,Q1 - 2022,First4Freelancers Ltd,FIRST4FREELANCERS     GUARDIANFM         BBP," 40,000.00 "," 6,666.67 "," 33,333.33 ",
02/12/2021,3. Nov'21 to Jan'22,Q1 - 2022,First4Freelancers Ltd,FIRST4FREELANCERS     GUARDIANFM         BBP," 50,000.00 "," 8,333.33 "," 41,666.67 ",
09/12/2021,3. Nov'21 to Jan'22,Q1 - 2022,First4Freelancers Ltd,FIRST4FREELANCERS     GUARDIANFM         FT ," 45,000.00 "," 7,500.00 "," 37,500.00 ",
05/01/2022,3. Nov'21 to Jan'22,Q1 - 2022,First4Freelancers Ltd,FIRST4FREELANCERS     GUARDIANFM         FT ," 50,000.00 "," 8,333.33 "," 41,666.67 ",
07/01/2022,3. Nov'21 to Jan'22,Q1 - 2022,First4Freelancers Ltd,FIRST4FREELANCERS     GUARDIANFM         FT ," 50,000.00 "," 8,333.33 "," 41,666.67 ",
01/11/2021,3. Nov'21 to Jan'22,Q1 - 2022,FORMATIONSCOMPANY,FORMATIONSCOMPANY     ON 30 OCT          BDC, 17.99 ,, 17.99 ,
01/12/2021,3. Nov'21 to Jan'22,Q1 - 2022,FORMATIONSCOMPANY,FORMATIONSCOMPANY     ON 30 NOV          BDC, 17.99 ,, 17.99 ,
31/12/2021,3. Nov'21 to Jan'22,Q1 - 2022,FORMATIONSCOMPANY,FORMATIONSCOMPANY     ON 30 DEC          BDC, 17.99 ,, 17.99 ,
31/01/2022,3. Nov'21 to Jan'22,Q1 - 2022,FORMATIONSCOMPANY,FORMATIONSCOMPANY     ON 30 JAN          BDC, 17.99 ,, 17.99 ,
01/11/2021,3. Nov'21 to Jan'22,Q1 - 2022,Fund Transfer,GUARDIANFM LTD        TOPUP ANNA 9HKKMH  FT ," 1,000.00 ", 166.67 , 833.33 ,
08/11/2021,3. Nov'21 to Jan'22,Q1 - 2022,Fund Transfer,GUARDIANFM LTD        TOPUP ANNA BMNIXQ  FT , 500.00 , 83.33 , 416.67 ,
12/11/2021,3. Nov'21 to Jan'22,Q1 - 2022,Fund Transfer,GUARDIANFM LTD        TOPUP ANNA Y84ZJU  FT ," 1,500.00 ", 250.00 ," 1,250.00 ",
12/11/2021,3. Nov'21 to Jan'22,Q1 - 2022,Fund Transfer,GUARDIANFM LTD        TOPUP ANNA ZYUK2H  FT ," 1,400.00 ", 233.33 ," 1,166.67 ",
23/11/2021,3. Nov'21 to Jan'22,Q1 - 2022,GETADDRESS.IO,GETADDRESS.IO         ON 22 NOV          BDC, 14.40 , 2.40 , 12.00 ,
23/12/2021,3. Nov'21 to Jan'22,Q1 - 2022,GETADDRESS.IO,GETADDRESS.IO         ON 22 DEC          BDC, 14.40 , 2.40 , 12.00 ,
24/01/2022,3. Nov'21 to Jan'22,Q1 - 2022,GETADDRESS.IO,GETADDRESS.IO         ON 22 JAN          BDC, 14.40 , 2.40 , 12.00 ,
14/01/2022,3. Nov'21 to Jan'22,Q1 - 2022,GODADDY,DNH*GODADDY.COM EU    ON 13 JAN          BDC, 55.28 ,, 55.28 ,
29/11/2021,3. Nov'21 to Jan'22,Q1 - 2022,GOOGLE,GOOGLE *Google Sto    ON 28 NOV          BDC, 1.59 ,, 1.59 ,
29/12/2021,3. Nov'21 to Jan'22,Q1 - 2022,GOOGLE,GOOGLE *Google Sto    ON 28 DEC          BDC, 1.59 ,, 1.59 ,
31/01/2022,3. Nov'21 to Jan'22,Q1 - 2022,GOOGLE,GOOGLE *Google Sto    ON 28 JAN          BDC, 1.59 ,, 1.59 ,
17/12/2021,3. Nov'21 to Jan'22,Q1 - 2022,HM PASSPORT OFFICE,HM PASSPORT OFFICE    ON 16 DEC          BDC, 157.00 ,, 157.00 ,
10/01/2022,3. Nov'21 to Jan'22,Q1 - 2022,ICO.ORG.UK,WWW.ICO.ORG.UK        ON 07 JAN          BDC, 40.00 ,, 40.00 ,
10/11/2021,3. Nov'21 to Jan'22,Q1 - 2022,INSTANTCARCHECK,INSTANTCARCHECK       ON 09 NOV          BDC, 9.99 , 1.67 , 8.33 ,
02/11/2021,3. Nov'21 to Jan'22,Q1 - 2022,INTUIT LIMITED,INTUIT LIMITED        00017NGNU0O4Q-00RT DDR, 7.20 , 1.20 , 6.00 ,
03/12/2021,3. Nov'21 to Jan'22,Q1 - 2022,INTUIT LIMITED,INTUIT LIMITED        00017NGNU0O4Q-00RT DDR, 7.20 , 1.20 , 6.00 ,
06/01/2022,3. Nov'21 to Jan'22,Q1 - 2022,INTUIT LIMITED,INTUIT LIMITED        00017NGNU0O4Q-00RT DDR, 7.20 , 1.20 , 6.00 ,
10/11/2021,3. Nov'21 to Jan'22,Q1 - 2022,IONOS CLOUD LIMITED,1 AND 1 IONOS LTD     ON 08 NOV          BDC, 1.20 , 0.20 , 1.00 ,
10/12/2021,3. Nov'21 to Jan'22,Q1 - 2022,IONOS CLOUD LIMITED,1 AND 1 IONOS LTD     ON 08 DEC          BDC, 1.20 , 0.20 , 1.00 ,
10/01/2022,3. Nov'21 to Jan'22,Q1 - 2022,IONOS CLOUD LIMITED,1 AND 1 IONOS LTD     ON 08 JAN          BDC, 1.20 , 0.20 , 1.00 ,
01/11/2021,3. Nov'21 to Jan'22,Q1 - 2022,LEX AUTOLEASE LIMITED,LEX AUTOLEASE         817200V00365155    DDR, 954.54 , 159.09 , 795.45 ,
01/12/2021,3. Nov'21 to Jan'22,Q1 - 2022,LEX AUTOLEASE LIMITED,LEX AUTOLEASE         817200V00365155    DDR, 954.54 , 159.09 , 795.45 ,
02/12/2021,3. Nov'21 to Jan'22,Q1 - 2022,LEX AUTOLEASE LIMITED,LEX AUTOLEASE         817200V00365155    DDR, 10.00 , 1.67 , 8.33 ,
08/11/2021,3. Nov'21 to Jan'22,Q1 - 2022,LINKEDIN LTD,LINKEDIN-698*59255    IRELAND               , 69.98 ,, 69.98 ,
06/12/2021,3. Nov'21 to Jan'22,Q1 - 2022,LINKEDIN LTD,LINKEDIN-708*32275    IRELAND               , 69.98 ,, 69.98 ,
06/01/2022,3. Nov'21 to Jan'22,Q1 - 2022,LINKEDIN LTD,LINKEDIN-718*02078    IRELAND               , 69.98 ,, 69.98 ,
11/11/2021,3. Nov'21 to Jan'22,Q1 - 2022,LYCAMOBILE,LYCAMOBILE            ON 10 NOV          BDC, 10.00 , 1.67 , 8.33 ,
26/11/2021,3. Nov'21 to Jan'22,Q1 - 2022,LYCAMOBILE,LYCAMOBILE UK LTD     ON 24 NOV          BDC, 10.00 , 1.67 , 8.33 ,
29/11/2021,3. Nov'21 to Jan'22,Q1 - 2022,LYCAMOBILE,LYCAMOBILE UK LTD     ON 26 NOV          BDC, 15.00 , 2.50 , 12.50 ,
13/12/2021,3. Nov'21 to Jan'22,Q1 - 2022,LYCAMOBILE,LYCAMOBILE UK LTD     ON 10 DEC          BDC, 10.00 , 1.67 , 8.33 ,
29/12/2021,3. Nov'21 to Jan'22,Q1 - 2022,LYCAMOBILE,LYCAMOBILE            ON 24 DEC          BDC, 10.00 , 1.67 , 8.33 ,
29/12/2021,3. Nov'21 to Jan'22,Q1 - 2022,LYCAMOBILE,LYCAMOBILE            ON 26 DEC          BDC, 15.00 , 2.50 , 12.50 ,
10/01/2022,3. Nov'21 to Jan'22,Q1 - 2022,LYCAMOBILE,LYCAMOBILE            ON 09 JAN          BDC, 10.00 , 1.67 , 8.33 ,
25/01/2022,3. Nov'21 to Jan'22,Q1 - 2022,LYCAMOBILE,LYCAMOBILE UK LTD     ON 23 JAN          BDC, 10.00 , 1.67 , 8.33 ,
27/01/2022,3. Nov'21 to Jan'22,Q1 - 2022,LYCAMOBILE,LYCAMOBILE UK LTD     ON 25 JAN          BDC, 15.00 , 2.50 , 12.50 ,
25/01/2022,3. Nov'21 to Jan'22,Q1 - 2022,LYRECO,LYRECO UK LTD         ON 24 JAN          BDC, 177.76 , 29.63 , 148.13 ,
01/11/2021,3. Nov'21 to Jan'22,Q1 - 2022,MAXIM SOLICITORS,MAXIM SOLICITORS L    WK211432           BBP," 50,000.00 "," 8,333.33 "," 41,666.67 ",
16/11/2021,3. Nov'21 to Jan'22,Q1 - 2022,MICROSOFT LIMITED,MSFT * E0300GJVNJ     ON 16 NOV          BDC, 11.28 ,, 11.28 ,
16/12/2021,3. Nov'21 to Jan'22,Q1 - 2022,MICROSOFT LIMITED,MSFT * E0300GWH0N     ON 16 DEC          BDC, 11.28 ,, 11.28 ,
17/01/2022,3. Nov'21 to Jan'22,Q1 - 2022,MICROSOFT LIMITED,MSFT * E0300H99OH     ON 16 JAN          BDC, 11.28 ,, 11.28 ,
05/11/2021,3. Nov'21 to Jan'22,Q1 - 2022,MMBA ACCOUNTANTS LIMITED,GOCARDLESS            TZACO-X8QDNZZVJHKS DDR, 400.00 ,, 400.00 ,
06/12/2021,3. Nov'21 to Jan'22,Q1 - 2022,MMBA ACCOUNTANTS LIMITED,GOCARDLESS            TZACO-X8QDNZZVJHKS DDR, 400.00 ,, 400.00 ,
05/01/2022,3. Nov'21 to Jan'22,Q1 - 2022,MMBA ACCOUNTANTS LIMITED,GOCARDLESS            TZACO-X8QDNZZVJHKS DDR, 400.00 ,, 400.00 ,
12/11/2021,3. Nov'21 to Jan'22,Q1 - 2022,MOUNTPACE LTD,MOUNT PACE            79 HOE STREET      STO," 1,458.33 ",," 1,458.33 ",
13/12/2021,3. Nov'21 to Jan'22,Q1 - 2022,MOUNTPACE LTD,MOUNT PACE            79 HOE STREET      STO," 1,458.33 ",," 1,458.33 ",
12/01/2022,3. Nov'21 to Jan'22,Q1 - 2022,MOUNTPACE LTD,MOUNT PACE            79 HOE STREET      STO," 1,458.33 ",," 1,458.33 ",
01/11/2021,3. Nov'21 to Jan'22,Q1 - 2022,NAME-CHEAP.COM,NAME-CHEAP.COM* EP    USA                   , 8.93 ,, 8.93 ,
14/12/2021,3. Nov'21 to Jan'22,Q1 - 2022,One.com,One.com               SWEDEN                , 20.39 ,, 20.39 ,
29/12/2021,3. Nov'21 to Jan'22,Q1 - 2022,One.com,One.com               SWEDEN                , 20.39 ,, 20.39 ,
10/01/2022,3. Nov'21 to Jan'22,Q1 - 2022,One.com,One.com               SWEDEN                , 37.18 ,, 37.18 ,
17/01/2022,3. Nov'21 to Jan'22,Q1 - 2022,One.com,One.com               SWEDEN                , 32.38 ,, 32.38 ,
24/01/2022,3. Nov'21 to Jan'22,Q1 - 2022,One.com,One.com               SWEDEN                , 20.39 ,, 20.39 ,
09/11/2021,3. Nov'21 to Jan'22,Q1 - 2022,OPUS ENERGY LTD,OPUS ENERGY GAS SU    0890504            DDR, 92.52 , 15.42 , 77.10 ,
29/11/2021,3. Nov'21 to Jan'22,Q1 - 2022,OPUS ENERGY LTD,OPUS ENERGY LTD       0890104            DDR, 119.13 , 19.86 , 99.28 ,
09/12/2021,3. Nov'21 to Jan'22,Q1 - 2022,OPUS ENERGY LTD,OPUS ENERGY GAS SU    0890504            DDR, 149.05 , 24.84 , 124.21 ,
29/12/2021,3. Nov'21 to Jan'22,Q1 - 2022,OPUS ENERGY LTD,OPUS ENERGY LTD       0890104            DDR, 120.60 , 20.10 , 100.50 ,
10/01/2022,3. Nov'21 to Jan'22,Q1 - 2022,OPUS ENERGY LTD,OPUS ENERGY GAS SU    0890504            DDR, 354.40 , 59.07 , 295.33 ,
31/01/2022,3. Nov'21 to Jan'22,Q1 - 2022,OPUS ENERGY LTD,OPUS ENERGY LTD       0890104            DDR, 78.80 , 13.13 , 65.67 ,
24/12/2021,3. Nov'21 to Jan'22,Q1 - 2022,POST OFFICE COUNTER,POST OFFICE COUNTE    ON 23 DEC          BDC, 269.50 ,, 269.50 ,
02/12/2021,3. Nov'21 to Jan'22,Q1 - 2022,PRESTIGEFLOWER,WWW.PRESTIGEFLOWER    ON 01 DEC          BDC, 535.36 ,, 535.36 ,
02/12/2021,3. Nov'21 to Jan'22,Q1 - 2022,PRESTIGEFLOWER,WWW.PRESTIGEFLOWER    ON 01 DEC          BDC, 458.88 ,, 458.88 ,
02/12/2021,3. Nov'21 to Jan'22,Q1 - 2022,PRESTIGEFLOWER,WWW.PRESTIGEFLOWER    ON 01 DEC          BDC, 152.96 ,, 152.96 ,
02/12/2021,3. Nov'21 to Jan'22,Q1 - 2022,PRESTIGEFLOWER,WWW.PRESTIGEFLOWER    ON 01 DEC          BDC, 152.96 ,, 152.96 ,
03/12/2021,3. Nov'21 to Jan'22,Q1 - 2022,PRESTIGEFLOWER,WWW.PRESTIGEFLOWER    ON 02 DEC          BDC, 132.96 ,, 132.96 ,
03/12/2021,3. Nov'21 to Jan'22,Q1 - 2022,PRESTIGEFLOWER,WWW.PRESTIGEFLOWER    ON 02 DEC          BDC, 76.48 ,, 76.48 ,
06/12/2021,3. Nov'21 to Jan'22,Q1 - 2022,PRESTIGEFLOWER,WWW.PRESTIGEFLOWER    ON 03 DEC          BDC, 76.48 ,, 76.48 ,
06/12/2021,3. Nov'21 to Jan'22,Q1 - 2022,PRESTIGEFLOWER,WWW.PRESTIGEFLOWER    ON 03 DEC          BDC, 76.48 ,, 76.48 ,
14/12/2021,3. Nov'21 to Jan'22,Q1 - 2022,PRESTIGEFLOWER,WWW.PRESTIGEFLOWER    ON 13 DEC          BDC, 229.44 ,, 229.44 ,
15/12/2021,3. Nov'21 to Jan'22,Q1 - 2022,PRESTIGEFLOWER,WWW.PRESTIGEFLOWER    ON 14 DEC          BDC, 76.48 ,, 76.48 ,
17/12/2021,3. Nov'21 to Jan'22,Q1 - 2022,PRESTIGEFLOWER,WWW.PRESTIGEFLOWER    ON 16 DEC          BDC, 76.48 ,, 76.48 ,
23/11/2021,3. Nov'21 to Jan'22,Q1 - 2022,Principal Protection & Events Ltd,ADVANTEDGE COMMERC    14435              BBP," 6,448.50 "," 1,074.75 "," 5,373.75 ",
23/11/2021,3. Nov'21 to Jan'22,Q1 - 2022,Principal Protection & Events Ltd,ADVANTEDGE COMMERC    14455              BBP," 9,442.06 "," 1,573.68 "," 7,868.38 ",
16/12/2021,3. Nov'21 to Jan'22,Q1 - 2022,Principal Protection & Events Ltd,ADVANTEDGE COMMERC    14632              BBP," 17,123.22 "," 2,853.87 "," 14,269.35 ",
04/11/2021,3. Nov'21 to Jan'22,Q1 - 2022,PROPERTYDATA,PROPERTYDATA          ON 03 NOV          BDC, 52.80 ,, 52.80 ,
06/12/2021,3. Nov'21 to Jan'22,Q1 - 2022,PROPERTYDATA,PROPERTYDATA          ON 03 DEC          BDC, 52.80 ,, 52.80 ,
04/01/2022,3. Nov'21 to Jan'22,Q1 - 2022,PROPERTYDATA,PROPERTYDATA          ON 03 JAN          BDC, 52.80 ,, 52.80 ,
02/11/2021,3. Nov'21 to Jan'22,Q1 - 2022,Red Apple Branding and Marketing Consultancy Ltd,RED APPLE BRANDING    PAYMENT            BBP," 49,678.90 "," 8,279.82 "," 41,399.08 ",
05/11/2021,3. Nov'21 to Jan'22,Q1 - 2022,Red Apple Branding and Marketing Consultancy Ltd,RED APPLE BRANDING    PAYMENT            FT ," 20,858.80 "," 3,476.47 "," 17,382.33 ",
10/11/2021,3. Nov'21 to Jan'22,Q1 - 2022,Red Apple Branding and Marketing Consultancy Ltd,RED APPLE BRANDING    PAYMENT            BBP," 49,567.00 "," 8,261.17 "," 41,305.83 ",
12/11/2021,3. Nov'21 to Jan'22,Q1 - 2022,Red Apple Branding and Marketing Consultancy Ltd,RED APPLE BRANDING    PAYMENT            FT ," 24,580.00 "," 4,096.67 "," 20,483.33 ",
12/11/2021,3. Nov'21 to Jan'22,Q1 - 2022,Red Apple Branding and Marketing Consultancy Ltd,RED APPLE BRANDING    PAYMENT            FT ," 25,000.00 "," 4,166.67 "," 20,833.33 ",
16/11/2021,3. Nov'21 to Jan'22,Q1 - 2022,Red Apple Branding and Marketing Consultancy Ltd,RED APPLE BRANDING    PAYMENT            FT ," 25,000.00 "," 4,166.67 "," 20,833.33 ",
17/11/2021,3. Nov'21 to Jan'22,Q1 - 2022,Red Apple Branding and Marketing Consultancy Ltd,RED APPLE BRANDING    PAYMENT            FT ," 24,856.80 "," 4,142.80 "," 20,714.00 ",
18/11/2021,3. Nov'21 to Jan'22,Q1 - 2022,Red Apple Branding and Marketing Consultancy Ltd,RED APPLE BRANDING    PAYMENT            BBP," 49,879.45 "," 8,313.24 "," 41,566.21 ",
18/11/2021,3. Nov'21 to Jan'22,Q1 - 2022,Red Apple Branding and Marketing Consultancy Ltd,RED APPLE BRANDING    PAYMENT            FT ," 6,580.78 "," 1,096.80 "," 5,483.98 ",
19/11/2021,3. Nov'21 to Jan'22,Q1 - 2022,Red Apple Branding and Marketing Consultancy Ltd,RED APPLE BRANDING    PAYMENT            FT ," 24,800.80 "," 4,133.47 "," 20,667.33 ",
19/11/2021,3. Nov'21 to Jan'22,Q1 - 2022,Red Apple Branding and Marketing Consultancy Ltd,RED APPLE BRANDING    PAYMENT            FT ," 25,080.90 "," 4,180.15 "," 20,900.75 ",
22/11/2021,3. Nov'21 to Jan'22,Q1 - 2022,Red Apple Branding and Marketing Consultancy Ltd,RED APPLE BRANDING    PAYMENT            BBP," 40,789.90 "," 6,798.32 "," 33,991.58 ",
22/11/2021,3. Nov'21 to Jan'22,Q1 - 2022,Red Apple Branding and Marketing Consultancy Ltd,RED APPLE BRANDING    PAYMENT            BBP," 49,879.90 "," 8,313.32 "," 41,566.58 ",
23/11/2021,3. Nov'21 to Jan'22,Q1 - 2022,Red Apple Branding and Marketing Consultancy Ltd,RED APPLE BRANDING    PAYMENT            BBP," 15,000.00 "," 2,500.00 "," 12,500.00 ",
23/11/2021,3. Nov'21 to Jan'22,Q1 - 2022,Red Apple Branding and Marketing Consultancy Ltd,RED APPLE BRANDING    PAYMENT            BBP," 15,000.00 "," 2,500.00 "," 12,500.00 ",
24/11/2021,3. Nov'21 to Jan'22,Q1 - 2022,Red Apple Branding and Marketing Consultancy Ltd,RED APPLE BRANDING    PAYMENT            FT ," 20,000.00 "," 3,333.33 "," 16,666.67 ",
30/11/2021,3. Nov'21 to Jan'22,Q1 - 2022,Red Apple Branding and Marketing Consultancy Ltd,RED APPLE BRANDING    PAYMENT            BBP," 30,000.00 "," 5,000.00 "," 25,000.00 ",
01/12/2021,3. Nov'21 to Jan'22,Q1 - 2022,Red Apple Branding and Marketing Consultancy Ltd,RED APPLE BRANDING    PAYMENT            FT ," 10,000.00 "," 1,666.67 "," 8,333.33 ",
02/12/2021,3. Nov'21 to Jan'22,Q1 - 2022,Red Apple Branding and Marketing Consultancy Ltd,RED APPLE BRANDING    PAYMENT            BBP," 25,000.00 "," 4,166.67 "," 20,833.33 ",
10/12/2021,3. Nov'21 to Jan'22,Q1 - 2022,Red Apple Branding and Marketing Consultancy Ltd,RED APPLE BRANDING    PAYMENT            BBP," 30,450.56 "," 5,075.09 "," 25,375.47 ",
10/12/2021,3. Nov'21 to Jan'22,Q1 - 2022,Red Apple Branding and Marketing Consultancy Ltd,RED APPLE BRANDING    PAYMENT            FT ," 45,000.00 "," 7,500.00 "," 37,500.00 ",
13/12/2021,3. Nov'21 to Jan'22,Q1 - 2022,Red Apple Branding and Marketing Consultancy Ltd,RED APPLE BRANDING    PAYMENT            BBP," 20,054.50 "," 3,342.42 "," 16,712.08 ",
13/12/2021,3. Nov'21 to Jan'22,Q1 - 2022,Red Apple Branding and Marketing Consultancy Ltd,RED APPLE BRANDING    PAYMENT            BBP," 49,820.30 "," 8,303.38 "," 41,516.92 ",
13/12/2021,3. Nov'21 to Jan'22,Q1 - 2022,Red Apple Branding and Marketing Consultancy Ltd,RED APPLE BRANDING    PAYMENT            FT ," 49,580.80 "," 8,263.47 "," 41,317.33 ",
14/12/2021,3. Nov'21 to Jan'22,Q1 - 2022,Red Apple Branding and Marketing Consultancy Ltd,RED APPLE BRANDING    PAYMENT            BBP," 47,560.67 "," 7,926.78 "," 39,633.89 ",
14/12/2021,3. Nov'21 to Jan'22,Q1 - 2022,Red Apple Branding and Marketing Consultancy Ltd,RED APPLE BRANDING    PAYMENT            FT ," 49,560.80 "," 8,260.13 "," 41,300.67 ",
15/12/2021,3. Nov'21 to Jan'22,Q1 - 2022,Red Apple Branding and Marketing Consultancy Ltd,RED APPLE BRANDING    PAYMENT            BBP," 39,670.98 "," 6,611.83 "," 33,059.15 ",
16/12/2021,3. Nov'21 to Jan'22,Q1 - 2022,Red Apple Branding and Marketing Consultancy Ltd,RED APPLE BRANDING    PAYMENT            FT ," 48,560.78 "," 8,093.46 "," 40,467.32 ",
17/12/2021,3. Nov'21 to Jan'22,Q1 - 2022,Red Apple Branding and Marketing Consultancy Ltd,RED APPLE BRANDING    PAYMENT            FT ," 20,058.80 "," 3,343.13 "," 16,715.67 ",
22/12/2021,3. Nov'21 to Jan'22,Q1 - 2022,Red Apple Branding and Marketing Consultancy Ltd,RED APPLE BRANDING    PAYMENT            FT ," 25,000.00 "," 4,166.67 "," 20,833.33 ",
24/12/2021,3. Nov'21 to Jan'22,Q1 - 2022,Red Apple Branding and Marketing Consultancy Ltd,RED APPLE BRANDING    PAYMENT            BBP," 45,679.90 "," 7,613.32 "," 38,066.58 ",
04/01/2022,3. Nov'21 to Jan'22,Q1 - 2022,Red Apple Branding and Marketing Consultancy Ltd,RED APPLE BRANDING    PAYMENT            FT ," 15,258.80 "," 2,543.13 "," 12,715.67 ",
10/01/2022,3. Nov'21 to Jan'22,Q1 - 2022,Red Apple Branding and Marketing Consultancy Ltd,RED APPLE BRANDING    PAYMENT            BBP," 48,632.20 "," 8,105.37 "," 40,526.83 ",
10/01/2022,3. Nov'21 to Jan'22,Q1 - 2022,Red Apple Branding and Marketing Consultancy Ltd,RED APPLE BRANDING    PAYMENT            BBP," 49,580.52 "," 8,263.42 "," 41,317.10 ",
10/01/2022,3. Nov'21 to Jan'22,Q1 - 2022,Red Apple Branding and Marketing Consultancy Ltd,RED APPLE BRANDING    PAYMENT            BBP," 49,585.25 "," 8,264.21 "," 41,321.04 ",
10/01/2022,3. Nov'21 to Jan'22,Q1 - 2022,Red Apple Branding and Marketing Consultancy Ltd,RED APPLE BRANDING    PAYMENT            FT ," 12,580.80 "," 2,096.80 "," 10,484.00 ",
11/01/2022,3. Nov'21 to Jan'22,Q1 - 2022,Red Apple Branding and Marketing Consultancy Ltd,RED APPLE BRANDING    PAYMENT            BBP," 47,582.30 "," 7,930.38 "," 39,651.92 ",
12/01/2022,3. Nov'21 to Jan'22,Q1 - 2022,Red Apple Branding and Marketing Consultancy Ltd,RED APPLE BRANDING    PAYMENT            BBP," 45,625.30 "," 7,604.22 "," 38,021.08 ",
17/01/2022,3. Nov'21 to Jan'22,Q1 - 2022,Red Apple Branding and Marketing Consultancy Ltd,RED APPLE BRANDING    PAYMENT            BBP," 34,579.80 "," 5,763.30 "," 28,816.50 ",
17/01/2022,3. Nov'21 to Jan'22,Q1 - 2022,Red Apple Branding and Marketing Consultancy Ltd,RED APPLE BRANDING    PAYMENT            FT ," 49,230.80 "," 8,205.13 "," 41,025.67 ",
24/01/2022,3. Nov'21 to Jan'22,Q1 - 2022,Red Apple Branding and Marketing Consultancy Ltd,RED APPLE BRANDING    PAYMENT            BBP," 48,520.32 "," 8,086.72 "," 40,433.60 ",
10/01/2022,3. Nov'21 to Jan'22,Q1 - 2022,REGISTRY-TRUST,WWW.REGISTRY-TRUST    ON 09 JAN          BDC, 10.00 ,, 10.00 ,
25/11/2021,3. Nov'21 to Jan'22,Q1 - 2022,RKFM Ltd,RK FM LTD             INVOICE            BBP," 5,000.00 ", 833.33 ," 4,166.67 ",
26/11/2021,3. Nov'21 to Jan'22,Q1 - 2022,RKFM Ltd,RK FM LTD             INVOICE            FT ," 5,000.00 ", 833.33 ," 4,166.67 ",
07/12/2021,3. Nov'21 to Jan'22,Q1 - 2022,RKFM Ltd,RK FM LTD             INVOICE            FT ," 5,500.00 ", 916.67 ," 4,583.33 ",
15/12/2021,3. Nov'21 to Jan'22,Q1 - 2022,RKFM Ltd,RK FM LTD             INVOICE            BBP," 20,000.00 "," 3,333.33 "," 16,666.67 ",
24/01/2022,3. Nov'21 to Jan'22,Q1 - 2022,SANTANDER CONSUMER,SANTANDER CONSUMER    10021049636182        , 999.07 , 166.51 , 832.56 ,
29/11/2021,3. Nov'21 to Jan'22,Q1 - 2022,SAUDI COMMISSION,SAUDI COMMISSION F    SAUDI ARABIA          , 110.39 , 18.40 , 91.99 ,
23/12/2021,3. Nov'21 to Jan'22,Q1 - 2022,SAXTON 4X4 LIMITED,SAXTON 4X4 LIMITED    ON 22 DEC          BDC," 19,000.00 ",," 19,000.00 ",
18/11/2021,3. Nov'21 to Jan'22,Q1 - 2022,SDN Security Solutions Ltd ,SDN SECURITY SOLUT    INVOICE            BBP," 30,000.00 "," 5,000.00 "," 25,000.00 ",
23/11/2021,3. Nov'21 to Jan'22,Q1 - 2022,SDN Security Solutions Ltd ,SDN SECURITY SOLUT    INVOICE            BBP," 50,000.00 "," 8,333.33 "," 41,666.67 ",
24/11/2021,3. Nov'21 to Jan'22,Q1 - 2022,SDN Security Solutions Ltd ,SDN SECURITY SOLUT    INVOICE            BBP," 50,000.00 "," 8,333.33 "," 41,666.67 ",
01/12/2021,3. Nov'21 to Jan'22,Q1 - 2022,SDN Security Solutions Ltd ,SDN SECURITY SOLUT    INVOICE            BBP," 50,000.00 "," 8,333.33 "," 41,666.67 ",
02/12/2021,3. Nov'21 to Jan'22,Q1 - 2022,SDN Security Solutions Ltd ,SDN SECURITY SOLUT    INVOICE            BBP," 20,000.00 "," 3,333.33 "," 16,666.67 ",
15/12/2021,3. Nov'21 to Jan'22,Q1 - 2022,SDN Security Solutions Ltd ,SDN SECURITY SOLUT    INVOICE            FT ," 40,000.00 "," 6,666.67 "," 33,333.33 ",
24/12/2021,3. Nov'21 to Jan'22,Q1 - 2022,SDN Security Solutions Ltd ,SDN SECURITY SOLUT    INVOICE            FT ," 30,000.00 "," 5,000.00 "," 25,000.00 ",
03/12/2021,3. Nov'21 to Jan'22,Q1 - 2022,SECURITY INDUSTRY,SECURITY INDUSTRY     ON 02 DEC          BDC, 190.00 , 31.67 , 158.33 ,
12/01/2022,3. Nov'21 to Jan'22,Q1 - 2022,SECURITY INDUSTRY,SECURITY INDUSTRY     BLANSESC01         BBP, 525.00 , 87.50 , 437.50 ,
24/12/2021,3. Nov'21 to Jan'22,Q1 - 2022,SHELL,SHELL 391 - 393 DU    ON 23 DEC          BDC, 144.83 , 24.14 , 120.69 ,
17/11/2021,3. Nov'21 to Jan'22,Q1 - 2022,SHOPIFY,PAYPAL *SHOPIFY       IRELAND               , 109.41 ,, 109.41 ,
18/11/2021,3. Nov'21 to Jan'22,Q1 - 2022,SHOPIFY,SHOPIFY* 125448744    IRELAND               , 22.25 ,, 22.25 ,
29/11/2021,3. Nov'21 to Jan'22,Q1 - 2022,SHOPIFY,SHOPIFY* 126297374    IRELAND               , 34.00 ,, 34.00 ,
17/12/2021,3. Nov'21 to Jan'22,Q1 - 2022,SHOPIFY,PAYPAL *SHOPIFY       IRELAND               , 111.33 ,, 111.33 ,
20/12/2021,3. Nov'21 to Jan'22,Q1 - 2022,SHOPIFY,SHOPIFY* 128232941    IRELAND               , 22.52 ,, 22.52 ,
29/12/2021,3. Nov'21 to Jan'22,Q1 - 2022,SHOPIFY,SHOPIFY* 128970542    IRELAND               , 33.78 ,, 33.78 ,
17/01/2022,3. Nov'21 to Jan'22,Q1 - 2022,SHOPIFY,PAYPAL *SHOPIFY       IRELAND               , 107.42 ,, 107.42 ,
17/01/2022,3. Nov'21 to Jan'22,Q1 - 2022,SHOPIFY,SHOPIFY* 130814064    IRELAND               , 21.83 ,, 21.83 ,
26/01/2022,3. Nov'21 to Jan'22,Q1 - 2022,SHOPIFY,SHOPIFY* 131604511    IRELAND               , 33.61 ,, 33.61 ,
03/11/2021,3. Nov'21 to Jan'22,Q1 - 2022,SILICON MANAGEMENT CONSULTANTS LTD,SILCON MANAGEMNET     INVOICE            FT ," 1,200.00 ", 200.00 ," 1,000.00 ",
16/12/2021,3. Nov'21 to Jan'22,Q1 - 2022,SILVER LINE GRAPHICS LIMITED,SILVER LINE GRAPHI    GFM                FT , 144.00 ,, 144.00 ,
24/01/2022,3. Nov'21 to Jan'22,Q1 - 2022,SILVER LINE GRAPHICS LIMITED,SILVER LINE GRAPHI    1529               FT , 180.00 ,, 180.00 ,
10/01/2022,3. Nov'21 to Jan'22,Q1 - 2022,surfshark.com,surfshark.com         AMOUNT IN USD         , 54.48 ,, 54.48 ,
12/11/2021,3. Nov'21 to Jan'22,Q1 - 2022,THECOACHCOMPANY.CO,THECOACHCOMPANY.CO    213635             BBP," 2,950.00 ", 491.67 ," 2,458.33 ",
12/11/2021,3. Nov'21 to Jan'22,Q1 - 2022,THECOACHCOMPANY.CO,THECOACHCOMPANY.CO    213645             BBP," 2,400.00 ", 400.00 ," 2,000.00 ",
14/12/2021,3. Nov'21 to Jan'22,Q1 - 2022,TIMES TRAVEL LIMITED,TIMES TRAVEL LIMIT    SYED ALI           BBP," 1,355.00 ",," 1,355.00 ",
14/12/2021,3. Nov'21 to Jan'22,Q1 - 2022,TIMES TRAVEL LIMITED,TIMES TRAVEL LIMIT    SYED ALI           FT , 100.00 ,, 100.00 ,
24/12/2021,3. Nov'21 to Jan'22,Q1 - 2022,TMF,TMF*MOTLEY.FOOL.CO    USA                   , 153.29 ,, 153.29 ,
25/11/2021,3. Nov'21 to Jan'22,Q1 - 2022,UK Force Services Limited,UK FORCE SERVICES     PAY                BBP," 2,408.63 ", 401.44 ," 2,007.19 ",
20/12/2021,3. Nov'21 to Jan'22,Q1 - 2022,UK Force Services Limited,UK FORCE SERVICES     PAY                FT ," 2,448.00 ", 408.00 ," 2,040.00 ",
24/12/2021,3. Nov'21 to Jan'22,Q1 - 2022,UK Force Services Limited,UK FORCE SERVICES     PAY                FT ," 3,521.00 ", 586.83 ," 2,934.17 ",
25/01/2022,3. Nov'21 to Jan'22,Q1 - 2022,UK Force Services Limited,UK FORCE SERVICES     PAY                FT ," 2,013.60 ", 335.60 ," 1,678.00 ",
01/11/2021,3. Nov'21 to Jan'22,Q1 - 2022,VERISURE SERVICES,VERISURE SERVICES     G874BM9-207803     DDR, 57.76 ,, 57.76 ,
01/12/2021,3. Nov'21 to Jan'22,Q1 - 2022,VERISURE SERVICES,VERISURE SERVICES     G874BM9-207803     DDR, 60.58 ,, 60.58 ,
04/01/2022,3. Nov'21 to Jan'22,Q1 - 2022,VERISURE SERVICES,VERISURE SERVICES     G874BM9-207803     DDR, 60.58 ,, 60.58 ,
21/12/2021,3. Nov'21 to Jan'22,Q1 - 2022,Vertu Audi Hereford,AUDI HEREFORD         ON 20 DEC          BDC," 1,000.00 ",," 1,000.00 ",
22/12/2021,3. Nov'21 to Jan'22,Q1 - 2022,Vertu Audi Hereford,AUDI HEREFORD         GUARDIAN ALI       BBP," 2,000.00 ",," 2,000.00 ",
23/12/2021,3. Nov'21 to Jan'22,Q1 - 2022,Vertu Audi Hereford,AUDI HEREFORD         GUARDIAN ALI       BBP," 28,987.00 ",," 28,987.00 ",
05/11/2021,3. Nov'21 to Jan'22,Q1 - 2022,Wages,BRIAN SMITH           INVOICE 44         FT ," 3,067.58 ", 511.26 ," 2,556.32 ",
25/11/2021,3. Nov'21 to Jan'22,Q1 - 2022,Wages,MUHAMMADA KHAN        EMPLOYEE SETLEMENT BBP," 6,999.00 "," 1,166.50 "," 5,832.50 ",
30/11/2021,3. Nov'21 to Jan'22,Q1 - 2022,Wages,BRIAN SMITH           ADV COMM           BBP," 3,470.00 ", 578.33 ," 2,891.67 ",
06/12/2021,3. Nov'21 to Jan'22,Q1 - 2022,Wages,BRIAN SMITH           INVOICE 048        FT ," 3,231.67 ", 538.61 ," 2,693.06 ",
05/01/2022,3. Nov'21 to Jan'22,Q1 - 2022,Wages,BRIAN SMITH           092                BBP," 3,144.54 ", 524.09 ," 2,620.45 ",
08/11/2021,3. Nov'21 to Jan'22,Q1 - 2022,Wages,SYED ALI              TO REVOLUT -X5WJ-  FT , 250.00 ,, 250.00 ,
29/03/2022,4. Feb'22 to Apr'22,Q2 - 2022,ABBEY LAW LTD,ABBEY LAW LTD         219 MAIN ROAD GIDE BBP, 700.00 ,, 700.00 ,
25/02/2022,4. Feb'22 to Apr'22,Q2 - 2022,ALLDAYPA Communication,WWW.ALLDAYPA.COM      ON 24 FEB          BDC, 65.27 , 10.88 , 54.39 ,
01/03/2022,4. Feb'22 to Apr'22,Q2 - 2022,ALLDAYPA Communication,WWW.ALLDAYPA.COM      ON 28 FEB          BDC, 122.22 , 20.37 , 101.85 ,
25/03/2022,4. Feb'22 to Apr'22,Q2 - 2022,ALLDAYPA Communication,WWW.ALLDAYPA.COM      ON 24 MAR          BDC, 58.20 , 9.70 , 48.50 ,
29/03/2022,4. Feb'22 to Apr'22,Q2 - 2022,ALLDAYPA Communication,WWW.ALLDAYPA.COM      ON 28 MAR          BDC, 121.74 , 20.29 , 101.45 ,
21/04/2022,4. Feb'22 to Apr'22,Q2 - 2022,ALLDAYPA Communication,WWW.ALLDAYPA.COM      ON 20 APR          BDC, 50.54 , 8.42 , 42.12 ,
28/04/2022,4. Feb'22 to Apr'22,Q2 - 2022,ALLDAYPA Communication,WWW.ALLDAYPA.COM      ON 27 APR          BDC, 131.50 , 21.92 , 109.58 ,
21/02/2022,4. Feb'22 to Apr'22,Q2 - 2022,BIFFA WASTE SERVICES LIMITED,BIFFA WASTE SERVIC    B41299             DDR, 78.14 , 13.02 , 65.12 ,
21/03/2022,4. Feb'22 to Apr'22,Q2 - 2022,BIFFA WASTE SERVICES LIMITED,BIFFA WASTE SERVIC    B41299             DDR, 97.68 , 16.28 , 81.40 ,
25/04/2022,4. Feb'22 to Apr'22,Q2 - 2022,BIFFA WASTE SERVICES LIMITED,BIFFA WASTE SERVIC    B41299             DDR, 78.14 , 13.02 , 65.12 ,
04/02/2022,4. Feb'22 to Apr'22,Q2 - 2022,FIRST INSURANCE,FIRST INSURANCE SO    GUARDIANFM         FT ," 1,236.80 ",," 1,236.80 ",
11/03/2022,4. Feb'22 to Apr'22,Q2 - 2022,GOOD GUARDING LTD,GOOD GUARDING LTD     INVOICE            BBP," 2,500.00 ", 416.67 ," 2,083.33 ",
14/03/2022,4. Feb'22 to Apr'22,Q2 - 2022,GOOD GUARDING LTD,GOOD GUARDING LTD     INVOICE            FT ," 12,668.00 "," 2,111.33 "," 10,556.67 ",
19/04/2022,4. Feb'22 to Apr'22,Q2 - 2022,GOOD GUARDING LTD,GOOD GUARDING LTD     AS INVOICED        BBP," 11,831.20 "," 1,971.87 "," 9,859.33 ",
21/04/2022,4. Feb'22 to Apr'22,Q2 - 2022,GOOD GUARDING LTD,GOOD GUARDING LTD     AS INVOICED        FT , 217.00 , 36.17 , 180.83 ,
21/04/2022,4. Feb'22 to Apr'22,Q2 - 2022,IMPAKTRO LTD,IMPAKTRO LTD          AS INVOICED        BBP," 3,867.89 ", 644.65 ," 3,223.24 ",
13/04/2022,4. Feb'22 to Apr'22,Q2 - 2022,KFQ LTD,KFQ LTD               AS INVOICED        BBP," 4,500.00 ", 750.00 ," 3,750.00 ",
14/04/2022,4. Feb'22 to Apr'22,Q2 - 2022,KFQ LTD,KFQ LTD               AS INVOICED        BBP," 8,500.50 "," 1,416.75 "," 7,083.75 ",
21/04/2022,4. Feb'22 to Apr'22,Q2 - 2022,KFQ LTD,KFQ LTD               AS INVOICED        FT ," 13,580.80 "," 2,263.47 "," 11,317.33 ",
22/04/2022,4. Feb'22 to Apr'22,Q2 - 2022,KFQ LTD,KFQ LTD               AS INVOICED        FT ," 14,500.80 "," 2,416.80 "," 12,084.00 ",
11/03/2022,4. Feb'22 to Apr'22,Q2 - 2022,KMD SOLUTIONS LTD,KMD SOLUTIONS LTD     INVOICE 1089       BBP," 3,500.00 ", 583.33 ," 2,916.67 ",
15/03/2022,4. Feb'22 to Apr'22,Q2 - 2022,KMD SOLUTIONS LTD,KMD SOLUTIONS LTD     INVOICE 1093       BBP," 4,500.00 ", 750.00 ," 3,750.00 ",
21/03/2022,4. Feb'22 to Apr'22,Q2 - 2022,KMD SOLUTIONS LTD,KMD SOLUTIONS LTD     INVOICE 1099       BBP," 4,965.89 ", 827.65 ," 4,138.24 ",
22/03/2022,4. Feb'22 to Apr'22,Q2 - 2022,KMD SOLUTIONS LTD,KMD SOLUTIONS LTD     INVOICE 1021       BBP," 1,750.00 ", 291.67 ," 1,458.33 ",
24/03/2022,4. Feb'22 to Apr'22,Q2 - 2022,KMD SOLUTIONS LTD,KMD SOLUTIONS LTD     INVOICE 1032       BBP," 4,950.55 ", 825.09 ," 4,125.46 ",
11/04/2022,4. Feb'22 to Apr'22,Q2 - 2022,KMD SOLUTIONS LTD,KMD SOLUTIONS LTD     INVOICE 1036       BBP," 20,000.00 "," 3,333.33 "," 16,666.67 ",
12/04/2022,4. Feb'22 to Apr'22,Q2 - 2022,KMD SOLUTIONS LTD,KMD SOLUTIONS LTD     INVOICE 1102       FT ," 5,000.00 ", 833.33 ," 4,166.67 ",
13/04/2022,4. Feb'22 to Apr'22,Q2 - 2022,KMD SOLUTIONS LTD,KMD SOLUTIONS LTD     INVOICE 1039       BBP," 10,000.00 "," 1,666.67 "," 8,333.33 ",
13/04/2022,4. Feb'22 to Apr'22,Q2 - 2022,KMD SOLUTIONS LTD,KMD SOLUTIONS LTD     INVOICE 1107       FT ," 19,500.00 "," 3,250.00 "," 16,250.00 ",
21/04/2022,4. Feb'22 to Apr'22,Q2 - 2022,KMD SOLUTIONS LTD,KMD SOLUTIONS LTD     INVOICE 1099       FT ," 2,702.00 ", 450.33 ," 2,251.67 ",
07/02/2022,4. Feb'22 to Apr'22,Q2 - 2022,O2 (UK) LIMITED T/A Telefónica UK Limited,O2                    05331910/001       DDR, 47.88 , 7.98 , 39.90 ,
11/02/2022,4. Feb'22 to Apr'22,Q2 - 2022,O2 (UK) LIMITED T/A Telefónica UK Limited,O2                    GED37460874        DDR, 27.61 , 4.60 , 23.01 ,
21/02/2022,4. Feb'22 to Apr'22,Q2 - 2022,O2 (UK) LIMITED T/A Telefónica UK Limited,O2                    GED61207858        DDR, 19.78 , 3.30 , 16.48 ,
09/03/2022,4. Feb'22 to Apr'22,Q2 - 2022,O2 (UK) LIMITED T/A Telefónica UK Limited,O2                    05331910/001       DDR, 47.88 , 7.98 , 39.90 ,
14/03/2022,4. Feb'22 to Apr'22,Q2 - 2022,O2 (UK) LIMITED T/A Telefónica UK Limited,O2                    GED37460874        DDR, 27.61 , 4.60 , 23.01 ,
21/03/2022,4. Feb'22 to Apr'22,Q2 - 2022,O2 (UK) LIMITED T/A Telefónica UK Limited,O2                    GED61207858        DDR, 19.78 , 3.30 , 16.48 ,
06/04/2022,4. Feb'22 to Apr'22,Q2 - 2022,O2 (UK) LIMITED T/A Telefónica UK Limited,O2                    05331910/001       DDR, 47.88 , 7.98 , 39.90 ,
11/04/2022,4. Feb'22 to Apr'22,Q2 - 2022,O2 (UK) LIMITED T/A Telefónica UK Limited,O2                    GED37460874        DDR, 27.61 , 4.60 , 23.01 ,
21/04/2022,4. Feb'22 to Apr'22,Q2 - 2022,O2 (UK) LIMITED T/A Telefónica UK Limited,O2                    GED61207858        DDR, 21.33 , 3.56 , 17.78 ,
22/03/2022,4. Feb'22 to Apr'22,Q2 - 2022,Taurus Investigation and Protection Services Ltd,TAURUS INVESTIGATI    INVOICE            BBP," 3,505.50 ", 584.25 ," 2,921.25 ",
22/03/2022,4. Feb'22 to Apr'22,Q2 - 2022,Taurus Investigation and Protection Services Ltd,TAURUS INVESTIGATI    INVOICE003         BBP," 5,201.25 ", 866.88 ," 4,334.38 ",
19/04/2022,4. Feb'22 to Apr'22,Q2 - 2022,Taurus Investigation and Protection Services Ltd,TAURUS INVESTIGATI    INVOICE025         BBP," 9,022.00 "," 1,503.67 "," 7,518.33 ",
08/02/2022,4. Feb'22 to Apr'22,Q2 - 2022,Wave Tel Ltd,WAVETEL BUSINESS      1001054            DDR, 128.26 , 21.38 , 106.88 ,
09/03/2022,4. Feb'22 to Apr'22,Q2 - 2022,Wave Tel Ltd,WAVETEL BUSINESS      1001054            DDR, 112.87 , 18.81 , 94.06 ,
08/04/2022,4. Feb'22 to Apr'22,Q2 - 2022,Wave Tel Ltd,WAVETEL BUSINESS      1001054            DDR, 132.96 , 22.16 , 110.80 ,
09/02/2022,4. Feb'22 to Apr'22,Q2 - 2022,1Password,1PASSWORD             CANADA                , 3.79 , 0.63 , 3.16 ,
09/03/2022,4. Feb'22 to Apr'22,Q2 - 2022,1Password,1PASSWORD             CANADA                , 3.93 , 0.66 , 3.28 ,
11/04/2022,4. Feb'22 to Apr'22,Q2 - 2022,1Password,1PASSWORD             CANADA                , 3.95 , 0.66 , 3.29 ,
22/03/2022,4. Feb'22 to Apr'22,Q2 - 2022,A2Z Security Services Ltd,A2Z SECURITY LIMIT    INVOICE            BBP, 771.50 , 128.58 , 642.92 ,
24/03/2022,4. Feb'22 to Apr'22,Q2 - 2022,A2Z Security Services Ltd,A2Z SECURITY LIMIT    INVOICE            BBP, 771.50 , 128.58 , 642.92 ,
22/03/2022,4. Feb'22 to Apr'22,Q2 - 2022,ABEESO SECURITY AND CLEANING SERVICES LTD,ABEESO SECURITY SE    INVOICE            BBP," 3,500.00 ", 583.33 ," 2,916.67 ",
24/03/2022,4. Feb'22 to Apr'22,Q2 - 2022,ABEESO SECURITY AND CLEANING SERVICES LTD,ABEESO SECURITY SE    INVOICE289         BBP," 9,800.54 "," 1,633.42 "," 8,167.12 ",
28/03/2022,4. Feb'22 to Apr'22,Q2 - 2022,ABEESO SECURITY AND CLEANING SERVICES LTD,ABEESO SECURITY SE    INVOICE290         FT ," 8,319.16 "," 1,386.53 "," 6,932.63 ",
31/03/2022,4. Feb'22 to Apr'22,Q2 - 2022,ABEESO SECURITY AND CLEANING SERVICES LTD,ABEESO SECURITY SE    INVOICE291         BBP," 12,550.90 "," 2,091.82 "," 10,459.08 ",
04/04/2022,4. Feb'22 to Apr'22,Q2 - 2022,ABEESO SECURITY AND CLEANING SERVICES LTD,ABEESO SECURITY SE    INVOICE 295        BBP," 11,349.00 "," 1,891.50 "," 9,457.50 ",
19/04/2022,4. Feb'22 to Apr'22,Q2 - 2022,ABEESO SECURITY AND CLEANING SERVICES LTD,ABEESO SECURITY SE    INVOICE 325        BBP," 5,255.20 ", 875.87 ," 4,379.33 ",
08/03/2022,4. Feb'22 to Apr'22,Q2 - 2022,ACCENDOLAB LIMITED,ACCENDOLAB LIMITED    AL03007            FT , 680.00 , 113.33 , 566.67 ,
11/02/2022,4. Feb'22 to Apr'22,Q2 - 2022,ADOBE ACROBAT,ADOBE ACROPRO SUBS    IRELAND               , 15.17 ,, 15.17 ,
11/03/2022,4. Feb'22 to Apr'22,Q2 - 2022,ADOBE ACROBAT,ADOBE ACROPRO SUBS    IRELAND               , 15.17 ,, 15.17 ,
11/04/2022,4. Feb'22 to Apr'22,Q2 - 2022,ADOBE ACROBAT,ADOBE ACROPRO SUBS    IRELAND               , 15.17 ,, 15.17 ,
19/04/2022,4. Feb'22 to Apr'22,Q2 - 2022,Alliance Facilities Management Limited,ALLIANCE FACILITY     AS INVOICED        BBP," 2,907.00 ", 484.50 ," 2,422.50 ",
25/04/2022,4. Feb'22 to Apr'22,Q2 - 2022,Apple,APPLE.COM/BILL        IRELAND               , 15.99 , 2.67 , 13.33 ,
25/04/2022,4. Feb'22 to Apr'22,Q2 - 2022,Apple,APPLE.COM/BILL        IRELAND               , 6.99 , 1.17 , 5.83 ,
22/04/2022,4. Feb'22 to Apr'22,Q2 - 2022,Auction House Property Auctions UK,AUCTION HOUSE LOND    ON 18 APR          BDC," 6,200.00 ",," 6,200.00 ",
22/04/2022,4. Feb'22 to Apr'22,Q2 - 2022,Auction House Property Auctions UK,AUCTION HOUSE LOND    ON 20 APR          BDC," 6,200.00 ",," 6,200.00 ",
22/04/2022,4. Feb'22 to Apr'22,Q2 - 2022,Auction House Property Auctions UK,AUCTION HOUSE LOND    ON 20 APR          BDC," 6,200.00 ",," 6,200.00 ",
22/04/2022,4. Feb'22 to Apr'22,Q2 - 2022,Auction House Property Auctions UK,AUCTION HOUSE LOND    ON 20 APR          BDC," 6,200.00 ",," 6,200.00 ",
15/02/2022,4. Feb'22 to Apr'22,Q2 - 2022,Autoserve Ltd,AUTOSERVE LTD         AS8020845          DDR, 46.64 , 7.77 , 38.87 ,
15/03/2022,4. Feb'22 to Apr'22,Q2 - 2022,Autoserve Ltd,AUTOSERVE LTD         AS8020845          DDR, 46.64 , 7.77 , 38.87 ,
11/04/2022,4. Feb'22 to Apr'22,Q2 - 2022,B&Q LIMITED,B & Q 1056            ON 10 APR          BDC, 109.00 , 18.17 , 90.83 ,
11/04/2022,4. Feb'22 to Apr'22,Q2 - 2022,B&Q LIMITED,B & Q 1056            ON 10 APR          CLP, 33.74 , 5.62 , 28.12 ,
11/04/2022,4. Feb'22 to Apr'22,Q2 - 2022,B&Q LIMITED,B & Q 1056            ON 10 APR          CLP, 8.00 , 1.33 , 6.67 ,
04/02/2022,4. Feb'22 to Apr'22,Q2 - 2022,Bank Charges,********************** COMMISSION FOR       , 8.50 ,, 8.50 ,
07/03/2022,4. Feb'22 to Apr'22,Q2 - 2022,Bank Charges,********************** COMMISSION FOR       , 8.50 ,, 8.50 ,
04/04/2022,4. Feb'22 to Apr'22,Q2 - 2022,Bank Charges,********************** COMMISSION FOR       , 8.50 ,, 8.50 ,
05/04/2022,4. Feb'22 to Apr'22,Q2 - 2022,BARK.COM GLOBAL LIMITED,BARK.COM              ON 04 APR          BDC, 177.84 , 29.64 , 148.20 ,
25/02/2022,4. Feb'22 to Apr'22,Q2 - 2022,BiP Solutions,WWW.BIPSOLUTIONS.C    ON 24 FEB          BDC, 306.00 ,, 306.00 ,
28/02/2022,4. Feb'22 to Apr'22,Q2 - 2022,CASTLE WATER LTD,CASTLE WATER LTD      TW6717224001       DDR, 5.00 ,, 5.00 ,
28/03/2022,4. Feb'22 to Apr'22,Q2 - 2022,CASTLE WATER LTD,CASTLE WATER LTD      TW6717224001       DDR, 5.00 ,, 5.00 ,
28/04/2022,4. Feb'22 to Apr'22,Q2 - 2022,CASTLE WATER LTD,CASTLE WATER LTD      TW6717224001       DDR, 5.00 ,, 5.00 ,
09/02/2022,4. Feb'22 to Apr'22,Q2 - 2022,CLOUDWAYSLTD,CloudwaysLTD          MALTA                 , 106.37 ,, 106.37 ,
09/03/2022,4. Feb'22 to Apr'22,Q2 - 2022,CLOUDWAYSLTD,CloudwaysLTD          MALTA                 , 109.83 ,, 109.83 ,
12/04/2022,4. Feb'22 to Apr'22,Q2 - 2022,CLOUDWAYSLTD,CloudwaysLTD          MALTA                 , 110.61 ,, 110.61 ,
28/02/2022,4. Feb'22 to Apr'22,Q2 - 2022,COINRULE LIMITED,Coinrule Limited      AMOUNT IN USD         , 30.74 , 5.12 , 25.62 ,
28/03/2022,4. Feb'22 to Apr'22,Q2 - 2022,COINRULE LIMITED,Coinrule Limited      AMOUNT IN USD         , 31.23 , 5.21 , 26.03 ,
26/04/2022,4. Feb'22 to Apr'22,Q2 - 2022,COINRULE LIMITED,Coinrule Limited      AMOUNT IN USD         , 32.37 , 5.40 , 26.98 ,
23/02/2022,4. Feb'22 to Apr'22,Q2 - 2022,COMPANIESMADESIMPLE LIMITED,COMPANIES MADE SIM    ON 22 FEB          BDC, 20.00 , 3.33 , 16.67 ,
23/02/2022,4. Feb'22 to Apr'22,Q2 - 2022,COMPANIESMADESIMPLE LIMITED,COMPANIES MADE SIM    ON 22 FEB          BDC, 15.99 , 2.67 , 13.33 ,
23/02/2022,4. Feb'22 to Apr'22,Q2 - 2022,COMPANIESMADESIMPLE LIMITED,COMPANIES MADE SIM    ON 22 FEB          BDC, 9.59 , 1.60 , 7.99 ,
30/04/2022,4. Feb'22 to Apr'22,Q2 - 2022,Credit Invoice - Supplier,," 5,910.83 ", 985.14 ," 4,925.69 ",
31/03/2022,4. Feb'22 to Apr'22,Q2 - 2022,CURRYS,CURRYS ONLINE         ON 30 MAR          BDC, 384.99 , 64.17 , 320.83 ,
11/04/2022,4. Feb'22 to Apr'22,Q2 - 2022,DART-CHARGE,DART-CHARGE           ON 08 APR          BDC, 10.00 ,, 10.00 ,
11/04/2022,4. Feb'22 to Apr'22,Q2 - 2022,DART-CHARGE,DART-CHARGE           ON 08 APR          BDC, 5.00 ,, 5.00 ,
14/03/2022,4. Feb'22 to Apr'22,Q2 - 2022,DRIVETECH (UK) LIMITED,AA DRIVETECH          ON 13 MAR          BDC, 96.00 ,, 96.00 ,
14/02/2022,4. Feb'22 to Apr'22,Q2 - 2022,Dropbox,Dropbox               IRELAND               , 9.99 ,, 9.99 ,
14/03/2022,4. Feb'22 to Apr'22,Q2 - 2022,Dropbox,Dropbox               IRELAND               , 9.99 ,, 9.99 ,
14/04/2022,4. Feb'22 to Apr'22,Q2 - 2022,Dropbox,Dropbox               IRELAND               , 9.99 ,, 9.99 ,
24/02/2022,4. Feb'22 to Apr'22,Q2 - 2022,EE LIMITED,EE LIMITED            Q75528830299480047 DDR, 27.32 , 4.55 , 22.77 ,
24/03/2022,4. Feb'22 to Apr'22,Q2 - 2022,EE LIMITED,EE LIMITED            Q75528830307701959 DDR, 33.03 , 5.51 , 27.53 ,
25/04/2022,4. Feb'22 to Apr'22,Q2 - 2022,EE LIMITED,EE LIMITED            Q75528830315946335 DDR, 33.08 , 5.51 , 27.57 ,
24/02/2022,4. Feb'22 to Apr'22,Q2 - 2022,ENFORCEMENT AGENT,ENFORCEMENT AGENT     ON 23 FEB          BDC, 514.00 ,, 514.00 ,
28/02/2022,4. Feb'22 to Apr'22,Q2 - 2022,FACEBOOK,FACEBK K9ZRWB7RY2     IRELAND               , 79.54 ,, 79.54 ,
22/03/2022,4. Feb'22 to Apr'22,Q2 - 2022,FACEBOOK,FACEBK ESTXRCTRY2     IRELAND               , 130.30 ,, 130.30 ,
30/03/2022,4. Feb'22 to Apr'22,Q2 - 2022,FACEBOOK,FACEBK 8TXJPDKRY2     IRELAND               , 25.17 ,, 25.17 ,
12/04/2022,4. Feb'22 to Apr'22,Q2 - 2022,FACEBOOK,FACEBK MF9PDEFRY2     IRELAND               , 129.59 ,, 129.59 ,
08/02/2022,4. Feb'22 to Apr'22,Q2 - 2022,First4Freelancers Ltd,FIRST4FREELANCERS     GUARDIANFM         BBP," 36,004.10 "," 6,000.68 "," 30,003.42 ",
10/03/2022,4. Feb'22 to Apr'22,Q2 - 2022,First4Freelancers Ltd,FIRST4FREELANCERS     GUARDIANFM         BBP," 50,000.00 "," 8,333.33 "," 41,666.67 ",
10/03/2022,4. Feb'22 to Apr'22,Q2 - 2022,First4Freelancers Ltd,FIRST4FREELANCERS     GUARDIANFM         FT ," 25,000.00 "," 4,166.67 "," 20,833.33 ",
11/03/2022,4. Feb'22 to Apr'22,Q2 - 2022,First4Freelancers Ltd,FIRST4FREELANCERS     GUARDIANFM         BBP," 25,000.00 "," 4,166.67 "," 20,833.33 ",
07/04/2022,4. Feb'22 to Apr'22,Q2 - 2022,First4Freelancers Ltd,FIRST4FREELANCERS     GUARDIANFM         BBP," 50,000.00 "," 8,333.33 "," 41,666.67 ",
08/04/2022,4. Feb'22 to Apr'22,Q2 - 2022,First4Freelancers Ltd,FIRST4FREELANCERS     GUARDIANFM         BBP," 50,000.00 "," 8,333.33 "," 41,666.67 ",
01/03/2022,4. Feb'22 to Apr'22,Q2 - 2022,FORMATIONSCOMPANY,FORMATIONSCOMPANY     ON 28 FEB          BDC, 17.99 ,, 17.99 ,
31/03/2022,4. Feb'22 to Apr'22,Q2 - 2022,FORMATIONSCOMPANY,FORMATIONSCOMPANY     ON 30 MAR          BDC, 17.99 ,, 17.99 ,
11/04/2022,4. Feb'22 to Apr'22,Q2 - 2022,Fund Transfer,GUARDIANFM LTD        TOPUP ANNA MIF2LA  FT ," 5,000.00 ", 833.33 ," 4,166.67 ",
11/04/2022,4. Feb'22 to Apr'22,Q2 - 2022,Fund Transfer,GUARDIANFM LTD        TOPUP ANNA WFZJA0  FT ," 5,000.00 ", 833.33 ," 4,166.67 ",
10/03/2022,4. Feb'22 to Apr'22,Q2 - 2022,Fund Transfer,202519 80822949       IT SERVICES        FT ," 15,055.55 "," 2,509.26 "," 12,546.29 ",
14/03/2022,4. Feb'22 to Apr'22,Q2 - 2022,Fund Transfer,202519 80822949       INVOICE            FT ," 5,600.00 ", 933.33 ," 4,666.67 ",
18/03/2022,4. Feb'22 to Apr'22,Q2 - 2022,Fund Transfer,202519 80822949       INVOICE 24         FT ," 3,956.00 ", 659.33 ," 3,296.67 ",
22/03/2022,4. Feb'22 to Apr'22,Q2 - 2022,Fund Transfer,202519 80822949       INVOICE 29         FT ," 9,560.89 "," 1,593.48 "," 7,967.41 ",
11/04/2022,4. Feb'22 to Apr'22,Q2 - 2022,Fund Transfer,204422 80431818       MOBILE-CHANNEL     FT ," 15,000.00 "," 2,500.00 "," 12,500.00 ",
14/04/2022,4. Feb'22 to Apr'22,Q2 - 2022,Fund Transfer,202519 80822949       INVOICE            FT ," 12,056.65 "," 2,009.44 "," 10,047.21 ",
19/04/2022,4. Feb'22 to Apr'22,Q2 - 2022,Fund Transfer,205304 50155470       MOBILE-CHANNEL     FT ," 5,000.00 ", 833.33 ," 4,166.67 ",
23/02/2022,4. Feb'22 to Apr'22,Q2 - 2022,GETADDRESS.IO,GETADDRESS.IO         ON 22 FEB          BDC, 14.40 , 2.40 , 12.00 ,
23/03/2022,4. Feb'22 to Apr'22,Q2 - 2022,GETADDRESS.IO,GETADDRESS.IO         ON 22 MAR          BDC, 14.40 , 2.40 , 12.00 ,
25/04/2022,4. Feb'22 to Apr'22,Q2 - 2022,GETADDRESS.IO,GETADDRESS.IO         ON 22 APR          BDC, 14.40 , 2.40 , 12.00 ,
11/03/2022,4. Feb'22 to Apr'22,Q2 - 2022,GO4GOLD,GO4GOLD FACILITIES    INVOICE            BBP," 1,950.00 ", 325.00 ," 1,625.00 ",
14/03/2022,4. Feb'22 to Apr'22,Q2 - 2022,GO4GOLD,GO4GOLD FACILITIES    INVOICE            BBP," 9,563.25 "," 1,593.88 "," 7,969.38 ",
22/03/2022,4. Feb'22 to Apr'22,Q2 - 2022,GO4GOLD,GO4GOLD FACILITIES    INVOICE            BBP, 420.00 , 70.00 , 350.00 ,
28/03/2022,4. Feb'22 to Apr'22,Q2 - 2022,GO4GOLD,GO4GOLD FACILITIES    INVOICE            FT ," 10,589.25 "," 1,764.88 "," 8,824.38 ",
28/03/2022,4. Feb'22 to Apr'22,Q2 - 2022,GO4GOLD,GO4GOLD FACILITIES    INVOICE            FT , 420.00 , 70.00 , 350.00 ,
19/04/2022,4. Feb'22 to Apr'22,Q2 - 2022,GO4GOLD,GO4GOLD FACILITIES    INVOICE            BBP," 14,702.62 "," 2,450.44 "," 12,252.18 ",
09/03/2022,4. Feb'22 to Apr'22,Q2 - 2022,GODADDY,DNH*GO DADDY EUROP    ON 07 MAR          BDC, 9.59 ,, 9.59 ,
01/03/2022,4. Feb'22 to Apr'22,Q2 - 2022,GOOGLE,GOOGLE *Google Sto    ON 28 FEB          BDC, 1.59 ,, 1.59 ,
29/03/2022,4. Feb'22 to Apr'22,Q2 - 2022,GOOGLE,GOOGLE *Google Sto    ON 28 MAR          BDC, 1.59 ,, 1.59 ,
29/04/2022,4. Feb'22 to Apr'22,Q2 - 2022,GOOGLE,GOOGLE *Google Sto    ON 28 APR          BDC, 1.59 ,, 1.59 ,
08/02/2022,4. Feb'22 to Apr'22,Q2 - 2022,HALIFAX,HALIFAX - IVR M2M     ON 07 FEB          BDC," 3,118.00 ", 519.67 ," 2,598.33 ",
01/04/2022,4. Feb'22 to Apr'22,Q2 - 2022,ic markets,ic markets/icmarke    CYPRUS                , 785.67 , 130.95 , 654.73 ,
02/02/2022,4. Feb'22 to Apr'22,Q2 - 2022,INTUIT LIMITED,INTUIT LIMITED        00017NGNU0O4Q-00RT DDR, 7.20 , 1.20 , 6.00 ,
07/03/2022,4. Feb'22 to Apr'22,Q2 - 2022,INTUIT LIMITED,INTUIT LIMITED        00017NGNU0O4Q-00RT DDR, 7.20 , 1.20 , 6.00 ,
04/04/2022,4. Feb'22 to Apr'22,Q2 - 2022,INTUIT LIMITED,INTUIT LIMITED        00017NGNU0O4Q-00RT DDR, 7.20 , 1.20 , 6.00 ,
10/02/2022,4. Feb'22 to Apr'22,Q2 - 2022,IONOS CLOUD LIMITED,1 AND 1 IONOS LTD     ON 08 FEB          BDC, 2.40 , 0.40 , 2.00 ,
10/03/2022,4. Feb'22 to Apr'22,Q2 - 2022,IONOS CLOUD LIMITED,1 AND 1 IONOS LTD     ON 08 MAR          BDC, 2.40 , 0.40 , 2.00 ,
11/04/2022,4. Feb'22 to Apr'22,Q2 - 2022,IONOS CLOUD LIMITED,1 AND 1 IONOS LTD     ON 08 APR          BDC, 2.40 , 0.40 , 2.00 ,
07/02/2022,4. Feb'22 to Apr'22,Q2 - 2022,JUSTANSWER,PAYPAL *JUSTANSWER    USA                   , 38.00 ,, 38.00 ,
07/03/2022,4. Feb'22 to Apr'22,Q2 - 2022,JUSTANSWER,PAYPAL *JUSTANSWER    USA                   , 38.00 ,, 38.00 ,
07/04/2022,4. Feb'22 to Apr'22,Q2 - 2022,JUSTANSWER,PAYPAL *JUSTANSWER    USA                   , 38.00 ,, 38.00 ,
22/03/2022,4. Feb'22 to Apr'22,Q2 - 2022,LEOPARDS GROUPS,LEOPARDS GROUPS LT    INVOICE            BBP, 333.50 , 55.58 , 277.92 ,
07/02/2022,4. Feb'22 to Apr'22,Q2 - 2022,LINKEDIN LTD,LINKEDIN-660*77740    IRELAND               , 69.98 ,, 69.98 ,
07/03/2022,4. Feb'22 to Apr'22,Q2 - 2022,LINKEDIN LTD,LINKEDIN-670*32929    IRELAND               , 69.98 ,, 69.98 ,
17/03/2022,4. Feb'22 to Apr'22,Q2 - 2022,LINKEDIN LTD,LINKEDIN-673*44297    IRELAND               , 23.52 ,, 23.52 ,
23/03/2022,4. Feb'22 to Apr'22,Q2 - 2022,LINKEDIN LTD,LinkedIn 675232895    IRELAND               , 26.78 ,, 26.78 ,
06/04/2022,4. Feb'22 to Apr'22,Q2 - 2022,LINKEDIN LTD,LINKEDIN-679*94436    IRELAND               , 69.98 ,, 69.98 ,
11/04/2022,4. Feb'22 to Apr'22,Q2 - 2022,LONDON PLUMBING & HEATING SUPPLIES LIMITED,LONDON PLUMBING AN    ON 10 APR          CLP, 5.00 , 0.83 , 4.17 ,
10/02/2022,4. Feb'22 to Apr'22,Q2 - 2022,LYCAMOBILE,LYCAMOBILE UK LTD     ON 08 FEB          BDC, 10.00 , 1.67 , 8.33 ,
24/02/2022,4. Feb'22 to Apr'22,Q2 - 2022,LYCAMOBILE,LYCAMOBILE UK LTD     ON 23 FEB          BDC, 10.00 , 1.67 , 8.33 ,
25/02/2022,4. Feb'22 to Apr'22,Q2 - 2022,LYCAMOBILE,Lycamobile UK         ON 24 FEB          BDC, 15.00 , 2.50 , 12.50 ,
14/03/2022,4. Feb'22 to Apr'22,Q2 - 2022,LYCAMOBILE,LYCAMOBILE UK LTD     ON 10 MAR          BDC, 10.00 , 1.67 , 8.33 ,
28/03/2022,4. Feb'22 to Apr'22,Q2 - 2022,LYCAMOBILE,LYCAMOBILE UK LTD     ON 24 MAR          BDC, 10.00 , 1.67 , 8.33 ,
28/03/2022,4. Feb'22 to Apr'22,Q2 - 2022,LYCAMOBILE,LYCAMOBILE UK LTD     ON 26 MAR          BDC, 15.00 , 2.50 , 12.50 ,
11/04/2022,4. Feb'22 to Apr'22,Q2 - 2022,LYCAMOBILE,LYCAMOBILE UK LTD     ON 09 APR          BDC, 10.00 , 1.67 , 8.33 ,
25/04/2022,4. Feb'22 to Apr'22,Q2 - 2022,LYCAMOBILE,Lycamobile UK         ON 23 APR          BDC, 10.00 , 1.67 , 8.33 ,
26/04/2022,4. Feb'22 to Apr'22,Q2 - 2022,LYCAMOBILE,Lycamobile UK         ON 26 APR          BDC, 15.00 , 2.50 , 12.50 ,
16/02/2022,4. Feb'22 to Apr'22,Q2 - 2022,MICROSOFT LIMITED,MSFT * E0300HLZD5     ON 16 FEB          BDC, 11.28 ,, 11.28 ,
16/03/2022,4. Feb'22 to Apr'22,Q2 - 2022,MICROSOFT LIMITED,MSFT * E0300HZ8GH     ON 16 MAR          BDC, 11.28 ,, 11.28 ,
19/04/2022,4. Feb'22 to Apr'22,Q2 - 2022,MICROSOFT LIMITED,MSFT * E0300IC7E6     ON 16 APR          BDC, 11.28 ,, 11.28 ,
07/02/2022,4. Feb'22 to Apr'22,Q2 - 2022,MMBA ACCOUNTANTS LIMITED,GOCARDLESS            TZACO-X8QDNZZVJHKS DDR, 400.00 ,, 400.00 ,
07/03/2022,4. Feb'22 to Apr'22,Q2 - 2022,MMBA ACCOUNTANTS LIMITED,GOCARDLESS            TZACO-X8QDNZZVJHKS DDR, 400.00 ,, 400.00 ,
05/04/2022,4. Feb'22 to Apr'22,Q2 - 2022,MMBA ACCOUNTANTS LIMITED,GOCARDLESS            TZACO-X8QDNZZVJHKS DDR, 400.00 ,, 400.00 ,
04/04/2022,4. Feb'22 to Apr'22,Q2 - 2022,MONEYSOFT LTD,MONEYSOFT LTD         ON 01 APR          BDC, 270.00 , 45.00 , 225.00 ,
28/02/2022,4. Feb'22 to Apr'22,Q2 - 2022,MORTON AND HALL CO,MORTON AND HALL CO    GROSVENOR HOUSE    BBP," 3,120.00 ", 520.00 ," 2,600.00 ",
14/02/2022,4. Feb'22 to Apr'22,Q2 - 2022,MOUNTPACE LTD,MOUNT PACE            79 HOE STREET      STO," 1,458.33 ",," 1,458.33 ",
14/03/2022,4. Feb'22 to Apr'22,Q2 - 2022,MOUNTPACE LTD,MOUNT PACE            79 HOE STREET      STO," 1,458.33 ",," 1,458.33 ",
12/04/2022,4. Feb'22 to Apr'22,Q2 - 2022,MOUNTPACE LTD,MOUNT PACE            79 HOE STREET      STO," 1,458.33 ",," 1,458.33 ",
23/02/2022,4. Feb'22 to Apr'22,Q2 - 2022,MR A BELSON,MR A BELSON T/A AR    2438               BBP, 360.00 ,, 360.00 ,
04/02/2022,4. Feb'22 to Apr'22,Q2 - 2022,NAME-CHEAP.COM,NAME-CHEAP.COM* RW    USA                   , 35.04 ,, 35.04 ,
28/04/2022,4. Feb'22 to Apr'22,Q2 - 2022,NAME-CHEAP.COM,NAME-CHEAP.COM* BY    USA                   , 21.36 ,, 21.36 ,
28/04/2022,4. Feb'22 to Apr'22,Q2 - 2022,NAME-CHEAP.COM,NAME-CHEAP.COM* GM    USA                   , 12.23 ,, 12.23 ,
11/02/2022,4. Feb'22 to Apr'22,Q2 - 2022,One.com,One.com               SWEDEN                , 31.91 ,, 31.91 ,
23/02/2022,4. Feb'22 to Apr'22,Q2 - 2022,One.com,One.com               SWEDEN                , 329.93 ,, 329.93 ,
23/02/2022,4. Feb'22 to Apr'22,Q2 - 2022,One.com,One.com               SWEDEN                , 20.39 ,, 20.39 ,
09/02/2022,4. Feb'22 to Apr'22,Q2 - 2022,OPUS ENERGY LTD,OPUS ENERGY GAS SU    0890504            DDR, 813.95 , 135.66 , 678.29 ,
28/02/2022,4. Feb'22 to Apr'22,Q2 - 2022,OPUS ENERGY LTD,OPUS ENERGY LTD       0890104            DDR, 98.03 , 16.34 , 81.69 ,
09/03/2022,4. Feb'22 to Apr'22,Q2 - 2022,OPUS ENERGY LTD,OPUS ENERGY GAS SU    0890504            DDR, 394.57 , 65.76 , 328.81 ,
29/03/2022,4. Feb'22 to Apr'22,Q2 - 2022,OPUS ENERGY LTD,OPUS ENERGY LTD       0890104            DDR, 85.77 , 14.30 , 71.48 ,
11/04/2022,4. Feb'22 to Apr'22,Q2 - 2022,OPUS ENERGY LTD,OPUS ENERGY GAS SU    0890504            DDR, 282.02 , 47.00 , 235.02 ,
29/04/2022,4. Feb'22 to Apr'22,Q2 - 2022,OPUS ENERGY LTD,OPUS ENERGY LTD       0890104            DDR, 102.52 , 17.09 , 85.43 ,
11/03/2022,4. Feb'22 to Apr'22,Q2 - 2022,Peace UK Security Ltd ,PEACE UK SECURITY     INVOICE            BBP," 2,550.00 ", 425.00 ," 2,125.00 ",
14/03/2022,4. Feb'22 to Apr'22,Q2 - 2022,Peace UK Security Ltd ,PEACE UK SECURITY     INVOICE            BBP," 2,450.00 ", 408.33 ," 2,041.67 ",
19/04/2022,4. Feb'22 to Apr'22,Q2 - 2022,Peace UK Security Ltd ,PEACE UK SECURITY     INVOICE            FT ," 4,799.00 ", 799.83 ," 3,999.17 ",
22/03/2022,4. Feb'22 to Apr'22,Q2 - 2022,Premier Resources Ltd  ,PREMIER RESOURCES     INV REF/GFM        BBP," 2,520.00 ", 420.00 ," 2,100.00 ",
28/03/2022,4. Feb'22 to Apr'22,Q2 - 2022,Premier Resources Ltd  ,PREMIER RESOURCES     INV REF/GFM        FT ," 2,394.00 ",," 2,394.00 ",
19/04/2022,4. Feb'22 to Apr'22,Q2 - 2022,Premier Resources Ltd  ,PREMIER RESOURCES     INV REF/GFM        FT ," 2,637.00 ",," 2,637.00 ",
04/02/2022,4. Feb'22 to Apr'22,Q2 - 2022,PROPERTYDATA,PROPERTYDATA          ON 03 FEB          BDC, 52.80 ,, 52.80 ,
04/03/2022,4. Feb'22 to Apr'22,Q2 - 2022,PROPERTYDATA,PROPERTYDATA          ON 03 MAR          BDC, 52.80 ,, 52.80 ,
04/04/2022,4. Feb'22 to Apr'22,Q2 - 2022,PROPERTYDATA,PROPERTYDATA          ON 03 APR          BDC, 52.80 ,, 52.80 ,
02/02/2022,4. Feb'22 to Apr'22,Q2 - 2022,Red Apple Branding and Marketing Consultancy Ltd,RED APPLE BRANDING    PAYMENT            FT ," 7,200.00 "," 1,200.00 "," 6,000.00 ",
09/02/2022,4. Feb'22 to Apr'22,Q2 - 2022,Red Apple Branding and Marketing Consultancy Ltd,RED APPLE BRANDING    PAYMENT            BBP," 37,560.98 "," 6,260.16 "," 31,300.82 ",
09/02/2022,4. Feb'22 to Apr'22,Q2 - 2022,Red Apple Branding and Marketing Consultancy Ltd,RED APPLE BRANDING    PAYMENT            BBP," 46,870.00 "," 7,811.67 "," 39,058.33 ",
10/02/2022,4. Feb'22 to Apr'22,Q2 - 2022,Red Apple Branding and Marketing Consultancy Ltd,RED APPLE BRANDING    PAYMENT            BBP," 26,580.00 "," 4,430.00 "," 22,150.00 ",
10/02/2022,4. Feb'22 to Apr'22,Q2 - 2022,Red Apple Branding and Marketing Consultancy Ltd,RED APPLE BRANDING    PAYMENT            BBP," 45,560.00 "," 7,593.33 "," 37,966.67 ",
14/02/2022,4. Feb'22 to Apr'22,Q2 - 2022,Red Apple Branding and Marketing Consultancy Ltd,RED APPLE BRANDING    PAYMENT            FT ," 12,000.98 "," 2,000.16 "," 10,000.82 ",
16/02/2022,4. Feb'22 to Apr'22,Q2 - 2022,Red Apple Branding and Marketing Consultancy Ltd,RED APPLE BRANDING    PAYMENT            BBP," 48,908.89 "," 8,151.48 "," 40,757.41 ",
18/02/2022,4. Feb'22 to Apr'22,Q2 - 2022,Red Apple Branding and Marketing Consultancy Ltd,RED APPLE BRANDING    PAYMENT            BBP," 37,680.90 "," 6,280.15 "," 31,400.75 ",
28/02/2022,4. Feb'22 to Apr'22,Q2 - 2022,Red Apple Branding and Marketing Consultancy Ltd,RED APPLE BRANDING    PAYMENT            FT ," 8,520.80 "," 1,420.13 "," 7,100.67 ",
11/04/2022,4. Feb'22 to Apr'22,Q2 - 2022,Red Apple Branding and Marketing Consultancy Ltd,RED APPLE BRANDING    INVOICE 212        BBP," 1,800.56 ", 300.09 ," 1,500.47 ",
01/03/2022,4. Feb'22 to Apr'22,Q2 - 2022,Redbridge Council,LONDON BORO OF RED    ON 28 FEB          BDC, 55.00 ,, 55.00 ,
25/04/2022,4. Feb'22 to Apr'22,Q2 - 2022,Redbridge Council,LONDON BORO OF RED    ON 22 APR          BDC, 30.00 ,, 30.00 ,
03/03/2022,4. Feb'22 to Apr'22,Q2 - 2022,Redbridge Council,LONDON BOROUGH OF     ON 02 MAR          BDC, 65.00 ,, 65.00 ,
30/03/2022,4. Feb'22 to Apr'22,Q2 - 2022,RK SECURITY LIMITED,RK SECURITY SERVIC    INVOICE2145        BBP," 3,500.00 ", 583.33 ," 2,916.67 ",
31/03/2022,4. Feb'22 to Apr'22,Q2 - 2022,RK SECURITY LIMITED,RK SECURITY SERVIC    INVOICE2147        BBP," 7,350.00 "," 1,225.00 "," 6,125.00 ",
04/04/2022,4. Feb'22 to Apr'22,Q2 - 2022,RK SECURITY LIMITED,RK SECURITY SERVIC    INVOICE2149        BBP," 3,624.52 ", 604.09 ," 3,020.43 ",
19/04/2022,4. Feb'22 to Apr'22,Q2 - 2022,RK SECURITY LIMITED,RK SECURITY SERVIC    INVOICE2150        BBP," 10,217.00 "," 1,702.83 "," 8,514.17 ",
22/04/2022,4. Feb'22 to Apr'22,Q2 - 2022,RK SECURITY LIMITED,RK SECURITY SERVIC    JAV                FT ," 2,000.00 ", 333.33 ," 1,666.67 ",
28/02/2022,4. Feb'22 to Apr'22,Q2 - 2022,RKFM Ltd,RK FM LTD             INVOICE 0004       FT ," 10,800.00 "," 1,800.00 "," 9,000.00 ",
22/03/2022,4. Feb'22 to Apr'22,Q2 - 2022,RKFM Ltd,RK FM LTD             INVOICE            BBP," 10,800.00 "," 1,800.00 "," 9,000.00 ",
23/03/2022,4. Feb'22 to Apr'22,Q2 - 2022,RKFM Ltd,RK FM LTD             JAV                FT ," 1,478.00 ", 246.33 ," 1,231.67 ",
19/04/2022,4. Feb'22 to Apr'22,Q2 - 2022,RKFM Ltd,RK FM LTD             AS INVOICED        BBP," 12,000.00 "," 2,000.00 "," 10,000.00 ",
22/03/2022,4. Feb'22 to Apr'22,Q2 - 2022,Safety Security Services Ltd  ,SAFETY SECURITY SE    INVOICE            BBP, 390.00 , 65.00 , 325.00 ,
22/02/2022,4. Feb'22 to Apr'22,Q2 - 2022,SANTANDER CONSUMER,SANTANDER CONSUMER    10021049636182     DDR, 999.07 , 166.51 , 832.56 ,
22/03/2022,4. Feb'22 to Apr'22,Q2 - 2022,SANTANDER CONSUMER,SANTANDER CONSUMER    10021049636182     DDR, 999.07 , 166.51 , 832.56 ,
22/04/2022,4. Feb'22 to Apr'22,Q2 - 2022,SANTANDER CONSUMER,SANTANDER CONSUMER    10021049636182     DDR, 999.07 , 166.51 , 832.56 ,
02/03/2022,4. Feb'22 to Apr'22,Q2 - 2022,SAUDI COMMISSION,SAUDI COMMISSION F    SAUDI ARABIA          , 110.20 ,, 110.20 ,
22/03/2022,4. Feb'22 to Apr'22,Q2 - 2022,Secure FirstFM Ltd,SECURE FIRST FM LT    GUARDIAN FM / 71   BBP," 5,400.00 ", 900.00 ," 4,500.00 ",
19/04/2022,4. Feb'22 to Apr'22,Q2 - 2022,Secure FirstFM Ltd,SECURE FIRST FM LT    AS INVOICED        BBP," 9,363.75 "," 1,560.63 "," 7,803.13 ",
22/03/2022,4. Feb'22 to Apr'22,Q2 - 2022,SECURITY ZONE MIDLANDS LIMITED,SECURITY ZONE MIDL    INVOICE            BBP," 6,500.00 "," 1,083.33 "," 5,416.67 ",
24/03/2022,4. Feb'22 to Apr'22,Q2 - 2022,SECURITY ZONE MIDLANDS LIMITED,SECURITY ZONE MIDL    INVOICE215         BBP," 7,148.00 "," 1,191.33 "," 5,956.67 ",
04/04/2022,4. Feb'22 to Apr'22,Q2 - 2022,SECURITY ZONE MIDLANDS LIMITED,SECURITY ZONE MIDL    INVOICE217         BBP," 2,730.92 ", 455.15 ," 2,275.77 ",
19/04/2022,4. Feb'22 to Apr'22,Q2 - 2022,SECURITY ZONE MIDLANDS LIMITED,SECURITY ZONE MIDL    INVOICE219         BBP," 23,010.00 "," 3,835.00 "," 19,175.00 ",
09/03/2022,4. Feb'22 to Apr'22,Q2 - 2022,SHFQAT IQBAL CONSTRUCTION,SHFQAT IQBAL          CONSTRUCTION       FT , 990.00 , 165.00 , 825.00 ,
15/02/2022,4. Feb'22 to Apr'22,Q2 - 2022,SHOPIFY,PAYPAL *SHOPIFY       IRELAND               , 107.96 ,, 107.96 ,
16/02/2022,4. Feb'22 to Apr'22,Q2 - 2022,SHOPIFY,SHOPIFY* 133447831    IRELAND               , 22.10 ,, 22.10 ,
25/02/2022,4. Feb'22 to Apr'22,Q2 - 2022,SHOPIFY,SHOPIFY* 134173860    IRELAND               , 34.02 ,, 34.02 ,
17/03/2022,4. Feb'22 to Apr'22,Q2 - 2022,SHOPIFY,PAYPAL *SHOPIFY       IRELAND               , 105.60 ,, 105.60 ,
18/03/2022,4. Feb'22 to Apr'22,Q2 - 2022,SHOPIFY,SHOPIFY* 136037821    IRELAND               , 22.77 ,, 22.77 ,
28/03/2022,4. Feb'22 to Apr'22,Q2 - 2022,SHOPIFY,SHOPIFY* 136763430    IRELAND               , 34.32 ,, 34.32 ,
19/04/2022,4. Feb'22 to Apr'22,Q2 - 2022,SHOPIFY,SHOPIFY* 138562952    IRELAND               , 22.85 ,, 22.85 ,
26/04/2022,4. Feb'22 to Apr'22,Q2 - 2022,SHOPIFY,SHOPIFY* 139346783    IRELAND               , 35.56 ,, 35.56 ,
21/04/2022,4. Feb'22 to Apr'22,Q2 - 2022,SILICON MANAGEMENT CONSULTANTS LTD,SILICON MANAGEMENT    AS INVOICED        BBP," 4,358.90 ", 726.48 ," 3,632.42 ",
08/03/2022,4. Feb'22 to Apr'22,Q2 - 2022,SMARTPARKING,WWW.SMARTPARKING.C    ON 07 MAR          BDC, 60.00 , 10.00 , 50.00 ,
04/03/2022,4. Feb'22 to Apr'22,Q2 - 2022,Travel Expense,TIMES TRAVEL LIMIT    SHERAZ             FT , 200.00 ,, 200.00 ,
14/03/2022,4. Feb'22 to Apr'22,Q2 - 2022,Travel Expense,PARKINGEYE PAYMENT    ON 13 MAR          BDC, 40.00 , 6.67 , 33.33 ,
16/02/2022,4. Feb'22 to Apr'22,Q2 - 2022,UK Force Services Limited,UK FORCE SERVICES     PAY                FT , 60.00 , 10.00 , 50.00 ,
16/02/2022,4. Feb'22 to Apr'22,Q2 - 2022,UK Force Services Limited,UK FORCE SERVICES     PAY                FT , 604.80 , 100.80 , 504.00 ,
16/02/2022,4. Feb'22 to Apr'22,Q2 - 2022,UK Force Services Limited,UK FORCE SERVICES     PAY                FT , 300.00 , 50.00 , 250.00 ,
22/03/2022,4. Feb'22 to Apr'22,Q2 - 2022,UK Force Services Limited,UK FORCE SERVICES     PAY                BBP," 1,492.85 ", 248.81 ," 1,244.04 ",
01/02/2022,4. Feb'22 to Apr'22,Q2 - 2022,VERISURE SERVICES,VERISURE SERVICES     G874BM9-207803     DDR, 60.58 , 10.10 , 50.48 ,
01/03/2022,4. Feb'22 to Apr'22,Q2 - 2022,VERISURE SERVICES,VERISURE SERVICES     G874BM9-207803     DDR, 60.58 , 10.10 , 50.48 ,
01/04/2022,4. Feb'22 to Apr'22,Q2 - 2022,VERISURE SERVICES,VERISURE SERVICES     G874BM9-207803     DDR, 60.58 , 10.10 , 50.48 ,
07/02/2022,4. Feb'22 to Apr'22,Q2 - 2022,Wages,BRIAN SMITH           INVOICE 036        FT ," 2,277.95 ", 379.66 ," 1,898.29 ",
08/02/2022,4. Feb'22 to Apr'22,Q2 - 2022,Wages,BRIAN SMITH           COMMISSION         BBP," 40,000.00 "," 6,666.67 "," 33,333.33 ",
09/02/2022,4. Feb'22 to Apr'22,Q2 - 2022,Wages,BRIAN SMITH           COMMISSION         FT ," 10,000.00 "," 1,666.67 "," 8,333.33 ",
11/02/2022,4. Feb'22 to Apr'22,Q2 - 2022,Wages,BRIAN SMITH           COMM               BBP," 12,371.00 "," 2,061.83 "," 10,309.17 ",
07/03/2022,4. Feb'22 to Apr'22,Q2 - 2022,Wages,BRIAN SMITH           INVOICE 042        FT ," 2,205.15 ", 367.53 ," 1,837.63 ",
05/04/2022,4. Feb'22 to Apr'22,Q2 - 2022,Wages,BRIAN SMITH           INVOICE 049        FT ," 2,698.00 ", 449.67 ," 2,248.33 ",
14/04/2022,4. Feb'22 to Apr'22,Q2 - 2022,WALTHAMSTOW,WALTHAMSTOW           ON 12 APR          BDC, 155.81 ,, 155.81 ,
14/03/2022,4. Feb'22 to Apr'22,Q2 - 2022,YCB ACADEMY LIMITED,YCB ACADEMY LIMITE    CONSULTNACY        STO, 100.00 ,, 100.00 ,
14/04/2022,4. Feb'22 to Apr'22,Q2 - 2022,YCB ACADEMY LIMITED,YCB ACADEMY LIMITE    CONSULTNACY        STO, 100.00 ,, 100.00 ,
03/02/2022,4. Feb'22 to Apr'22,Q2 - 2022,YOUR COMPANY FORMATION,YOURCOMPANYFORMATI    ON 02 FEB          BDC, 34.80 ,, 34.80 ,
25/07/2022,5. May'22 to Jul'22,Q3 - 2022,ABBEY LAW LTD,"ABBEY LAW LTD         	219 MAIN ROAD GIDE BB"," 50,000.00 "," 8,333.33 "," 41,666.67 ",
27/07/2022,5. May'22 to Jul'22,Q3 - 2022,ABBEY LAW LTD,"ABBEY LAW LTD         	219 MAIN ROAD GIDE BB"," 50,000.00 "," 8,333.33 "," 41,666.67 ",
28/07/2022,5. May'22 to Jul'22,Q3 - 2022,ABBEY LAW LTD,"ABBEY LAW LTD         	219 MAIN ROAD GIDE BB"," 50,000.00 "," 8,333.33 "," 41,666.67 ",
26/05/2022,5. May'22 to Jul'22,Q3 - 2022,Alcumus SafeContractor Limited,"ALCUMUS SAFECONTRA    	TS4171 / 09-MAR-22 BB"," 1,030.80 ", 171.80 , 859.00 ,
20/05/2022,5. May'22 to Jul'22,Q3 - 2022,ALLDAYPA Communication,"WWW.ALLDAYPA.COM      	ON 19 MAY BDC	", 51.10 , 8.52 , 42.58 ,
30/05/2022,5. May'22 to Jul'22,Q3 - 2022,ALLDAYPA Communication,"WWW.ALLDAYPA.COM      	ON 27 MAY BDC	", 112.12 , 18.69 , 93.43 ,
28/06/2022,5. May'22 to Jul'22,Q3 - 2022,ALLDAYPA Communication,"WWW.ALLDAYPA.COM      	ON 27 JUN BDC	", 102.55 , 17.09 , 85.46 ,
28/07/2022,5. May'22 to Jul'22,Q3 - 2022,ALLDAYPA Communication,"WWW.ALLDAYPA.COM      	ON 27 JUL BDC	", 112.10 , 18.68 , 93.42 ,
23/05/2022,5. May'22 to Jul'22,Q3 - 2022,BIFFA WASTE SERVICES LIMITED,"BIFFA WASTE SERVIC    	B41299 DDR	", 78.14 , 13.02 , 65.12 ,
20/06/2022,5. May'22 to Jul'22,Q3 - 2022,BIFFA WASTE SERVICES LIMITED,"BIFFA WASTE SERVIC    	B41299 DDR	", 97.68 , 16.28 , 81.40 ,
25/07/2022,5. May'22 to Jul'22,Q3 - 2022,BIFFA WASTE SERVICES LIMITED,"BIFFA WASTE SERVIC    	B41299 DDR	", 83.42 , 13.90 , 69.52 ,
21/07/2022,5. May'22 to Jul'22,Q3 - 2022,BORO SERVICES NE LTD,"BORO SERVICES NE L    	AS INVOICED BBP	"," 4,500.00 ", 750.00 ," 3,750.00 ",
26/07/2022,5. May'22 to Jul'22,Q3 - 2022,BORO SERVICES NE LTD,"BORO SERVICES NE L    	AS INVOICED FT	"," 20,000.00 "," 3,333.33 "," 16,666.67 ",
21/07/2022,5. May'22 to Jul'22,Q3 - 2022,FIRST INSURANCE,"FIRST INSURANCE SO    	GUARDIANFM FT	"," 1,393.20 ",," 1,393.20 ",
20/05/2022,5. May'22 to Jul'22,Q3 - 2022,GOOD GUARDING LTD,"GOOD GUARDING LTD     	AS INVOICED FT	"," 5,558.40 ", 926.40 ," 4,632.00 ",
23/06/2022,5. May'22 to Jul'22,Q3 - 2022,GOOD GUARDING LTD,"GOOD GUARDING LTD     	INVOICE BBP	", 921.60 , 153.60 , 768.00 ,
23/06/2022,5. May'22 to Jul'22,Q3 - 2022,GOOD GUARDING LTD,"GOOD GUARDING LTD     	INVOICE BBP	"," 4,608.00 ", 768.00 ," 3,840.00 ",
18/07/2022,5. May'22 to Jul'22,Q3 - 2022,GOOD GUARDING LTD,"GOOD GUARDING LTD     	AS INVOICED FT	"," 4,614.00 ", 769.00 ," 3,845.00 ",
06/07/2022,5. May'22 to Jul'22,Q3 - 2022,IMPAKTRO LTD,"IMPAKTRO LTD          	AS INVOICED FT	"," 24,858.80 "," 4,143.13 "," 20,715.67 ",
07/07/2022,5. May'22 to Jul'22,Q3 - 2022,IMPAKTRO LTD,"IMPAKTRO LTD          	AS INVOICED BBP	"," 34,560.89 "," 5,760.15 "," 28,800.74 ",
25/07/2022,5. May'22 to Jul'22,Q3 - 2022,IMPAKTRO LTD,"IMPAKTRO LTD          	AS INVOICED FT	"," 15,050.80 "," 2,508.47 "," 12,542.33 ",
06/05/2022,5. May'22 to Jul'22,Q3 - 2022,O2 (UK) LIMITED T/A Telefónica UK Limited,"O2                    	05331910/001 DDR	", 51.32 , 8.55 , 42.77 ,
12/05/2022,5. May'22 to Jul'22,Q3 - 2022,O2 (UK) LIMITED T/A Telefónica UK Limited,"O2                    	GED37460874 DDR	", 29.76 , 4.96 , 24.80 ,
20/05/2022,5. May'22 to Jul'22,Q3 - 2022,O2 (UK) LIMITED T/A Telefónica UK Limited,"O2                    	GED61207858 DDR	", 21.32 , 3.55 , 17.77 ,
08/06/2022,5. May'22 to Jul'22,Q3 - 2022,O2 (UK) LIMITED T/A Telefónica UK Limited,"O2                    	05331910/001 DDR	", 51.32 , 8.55 , 42.77 ,
13/06/2022,5. May'22 to Jul'22,Q3 - 2022,O2 (UK) LIMITED T/A Telefónica UK Limited,"O2                    	GED37460874 DDR	", 29.76 , 4.96 , 24.80 ,
20/06/2022,5. May'22 to Jul'22,Q3 - 2022,O2 (UK) LIMITED T/A Telefónica UK Limited,"O2                    	GED61207858 DDR	", 21.32 , 3.55 , 17.77 ,
06/07/2022,5. May'22 to Jul'22,Q3 - 2022,O2 (UK) LIMITED T/A Telefónica UK Limited,"O2                    	05331910/001 DDR	", 51.32 , 8.55 , 42.77 ,
12/07/2022,5. May'22 to Jul'22,Q3 - 2022,O2 (UK) LIMITED T/A Telefónica UK Limited,"O2                    	GED37460874 DDR	", 29.76 , 4.96 , 24.80 ,
20/07/2022,5. May'22 to Jul'22,Q3 - 2022,O2 (UK) LIMITED T/A Telefónica UK Limited,"O2                    	GED61207858 DDR	", 21.32 , 3.55 , 17.77 ,
13/05/2022,5. May'22 to Jul'22,Q3 - 2022,SHAHSS LTD,"SHAHSS LTD            	AS PER INVOICE BBP	"," 13,025.50 "," 2,170.92 "," 10,854.58 ",
23/06/2022,5. May'22 to Jul'22,Q3 - 2022,Taurus Investigation and Protection Services Ltd,"TAURUS INVESTIGATI    	INVOICE027 BBP	"," 8,423.00 "," 1,403.83 "," 7,019.17 ",
14/07/2022,5. May'22 to Jul'22,Q3 - 2022,Taurus Investigation and Protection Services Ltd,"TAURUS INVESTIGATI    	INVOICE FT	"," 8,474.00 "," 1,412.33 "," 7,061.67 ",
10/05/2022,5. May'22 to Jul'22,Q3 - 2022,Wave Tel Ltd,"WAVETEL BUSINESS      	1001054 DDR	", 110.88 , 18.48 , 92.40 ,
10/06/2022,5. May'22 to Jul'22,Q3 - 2022,Wave Tel Ltd,"WAVETEL BUSINESS      	1001054 DDR	", 117.66 , 19.61 , 98.05 ,
06/07/2022,5. May'22 to Jul'22,Q3 - 2022,Wave Tel Ltd,"WAVETEL BUSINESS      	1001054 DDR	", 127.68 , 21.28 , 106.40 ,
09/05/2022,5. May'22 to Jul'22,Q3 - 2022,1Password,"1PASSWORD             CANADA	AMOUNT IN USD	4", 4.18 , 0.70 , 3.48 ,
09/06/2022,5. May'22 to Jul'22,Q3 - 2022,1Password,"1PASSWORD             CANADA	AMOUNT IN USD	4", 4.10 , 0.68 , 3.42 ,
11/07/2022,5. May'22 to Jul'22,Q3 - 2022,1Password,"1PASSWORD             CANADA	AMOUNT IN USD	4", 4.31 , 0.72 , 3.59 ,
10/05/2022,5. May'22 to Jul'22,Q3 - 2022,ADOBE ACROBAT,"ADOBE ACROPRO SUBS    IRELAND	ON 10 MAY BDC	", 15.17 ,, 15.17 ,
07/06/2022,5. May'22 to Jul'22,Q3 - 2022,ADOBE ACROBAT,"Adobe                 IRELAND	ON 06 JUN BDC	", 9.98 ,, 9.98 ,
10/06/2022,5. May'22 to Jul'22,Q3 - 2022,ADOBE ACROBAT,"ADOBE ACROPRO SUBS    IRELAND	ON 10 JUN BDC	", 15.17 ,, 15.17 ,
15/06/2022,5. May'22 to Jul'22,Q3 - 2022,ADOBE ACROBAT,"ADOBE ACROPRO TRIA    IRELAND	ON 14 JUN BDC	", 15.17 ,, 15.17 ,
07/07/2022,5. May'22 to Jul'22,Q3 - 2022,ADOBE ACROBAT,"ADOBE PRODUCTS        IRELAND	ON 06 JUL BDC	", 9.98 ,, 9.98 ,
11/07/2022,5. May'22 to Jul'22,Q3 - 2022,ADOBE ACROBAT,"ADOBE ACROPRO SUBS    IRELAND	ON 10 JUL BDC	", 15.17 ,, 15.17 ,
15/07/2022,5. May'22 to Jul'22,Q3 - 2022,ADOBE ACROBAT,"ADOBE ACROPRO SUBS    IRELAND	ON 14 JUL BDC	", 15.17 ,, 15.17 ,
15/07/2022,5. May'22 to Jul'22,Q3 - 2022,Alliance Facilities Management Limited,"ALLIANCE FACILITY     	AS INVOICED FT	"," 12,712.39 "," 2,118.73 "," 10,593.66 ",
13/06/2022,5. May'22 to Jul'22,Q3 - 2022,Alpha Active Solutions Ltd,"ALPHA ACTIVE SOLUT    	IT SERVICES BBP	"," 4,500.00 ", 750.00 ," 3,750.00 ",
20/06/2022,5. May'22 to Jul'22,Q3 - 2022,Alpha Active Solutions Ltd,"ALPHA ACTIVE SOLUT    	IT SERVICES FT	", 500.00 , 83.33 , 416.67 ,
23/05/2022,5. May'22 to Jul'22,Q3 - 2022,Amazon Prime Video,"Prime Video*256Y00    	ON 22 MAY BDC	", 4.99 , 0.83 , 4.16 ,
13/06/2022,5. May'22 to Jul'22,Q3 - 2022,Amazon Prime Video,"Prime Video*2C7OG1    	ON 12 JUN BDC	", 2.49 , 0.42 , 2.08 ,
13/06/2022,5. May'22 to Jul'22,Q3 - 2022,Amazon Prime Video,"Prime Video*2C91B0    	ON 12 JUN BDC	", 11.99 , 2.00 , 9.99 ,
25/05/2022,5. May'22 to Jul'22,Q3 - 2022,Apple,"APPLE.COM/UK          IRELAND	ON 25 MAY BDC	", 79.00 ,, 79.00 ,
25/05/2022,5. May'22 to Jul'22,Q3 - 2022,Apple,"APPLE.COM/BILL        IRELAND	ON 24 MAY BDC	", 15.99 , 2.67 , 13.33 ,
27/06/2022,5. May'22 to Jul'22,Q3 - 2022,Apple,"APPLE.COM/BILL        IRELAND	ON 24 JUN BDC	", 15.99 , 2.67 , 13.33 ,
26/07/2022,5. May'22 to Jul'22,Q3 - 2022,Apple,"APPLE.COM/BILL        IRELAND	ON 24 JUL BDC	", 15.99 , 2.67 , 13.33 ,
03/05/2022,5. May'22 to Jul'22,Q3 - 2022,Apple,"APPLE.COM/BILL        IRELAND	ON 02 MAY BDC	", 6.99 , 1.17 , 5.83 ,
06/06/2022,5. May'22 to Jul'22,Q3 - 2022,Apple,"APPLE.COM/BILL        IRELAND	ON 02 JUN BDC	", 6.99 , 1.17 , 5.83 ,
04/07/2022,5. May'22 to Jul'22,Q3 - 2022,Apple,"APPLE.COM/BILL        IRELAND	ON 02 JUL BDC	", 6.99 , 1.17 , 5.83 ,
13/06/2022,5. May'22 to Jul'22,Q3 - 2022,B&Q LIMITED,"B & Q 1056            	ON 12 JUN BDC	", 90.50 , 15.08 , 75.42 ,
20/06/2022,5. May'22 to Jul'22,Q3 - 2022,B&Q LIMITED,"B & Q 1056            	ON 19 JUN BDC	", 40.35 , 6.73 , 33.63 ,
10/05/2022,5. May'22 to Jul'22,Q3 - 2022,Bank Charges,"CHARGES               COMMISSION FOR	PERIOD ", 8.50 ,, 8.50 ,
08/06/2022,5. May'22 to Jul'22,Q3 - 2022,Bank Charges,"CHARGES               COMMISSION FOR	PERIOD ", 8.50 ,, 8.50 ,
04/07/2022,5. May'22 to Jul'22,Q3 - 2022,Bank Charges,"CHARGES               COMMISSION FOR	PERIOD ", 8.50 ,, 8.50 ,
17/05/2022,5. May'22 to Jul'22,Q3 - 2022,BARK.COM GLOBAL LIMITED,"BARK.COM              	ON 16 MAY BDC	", 177.84 , 29.64 , 148.20 ,
06/06/2022,5. May'22 to Jul'22,Q3 - 2022,BARK.COM GLOBAL LIMITED,"BARK.COM              	ON 02 JUN BDC	", 177.84 , 29.64 , 148.20 ,
16/06/2022,5. May'22 to Jul'22,Q3 - 2022,BARK.COM GLOBAL LIMITED,"BARK.COM              	ON 15 JUN BDC	", 177.84 , 29.64 , 148.20 ,
03/05/2022,5. May'22 to Jul'22,Q3 - 2022,BRITISH RED CROSS,"BRITISH RED CROSS     	AS8788335 DDR	", 10.00 , 1.67 , 8.33 ,
01/06/2022,5. May'22 to Jul'22,Q3 - 2022,BRITISH RED CROSS,"BRITISH RED CROSS     	AS8788335 DDR	", 10.00 , 1.67 , 8.33 ,
01/07/2022,5. May'22 to Jul'22,Q3 - 2022,BRITISH RED CROSS,"BRITISH RED CROSS     	AS8788335 DDR	", 10.00 , 1.67 , 8.33 ,
31/05/2022,5. May'22 to Jul'22,Q3 - 2022,CASTLE WATER LTD,"CASTLE WATER LTD      	TW6717224001 DDR	", 5.00 ,, 5.00 ,
28/06/2022,5. May'22 to Jul'22,Q3 - 2022,CASTLE WATER LTD,"CASTLE WATER LTD      	TW6717224001 DDR	", 12.57 ,, 12.57 ,
28/07/2022,5. May'22 to Jul'22,Q3 - 2022,CASTLE WATER LTD,"CASTLE WATER LTD      	TW6717224001 DDR	", 12.57 ,, 12.57 ,
13/05/2022,5. May'22 to Jul'22,Q3 - 2022,CLOUDWAYSLTD,"CloudwaysLTD          MALTA	AMOUNT IN USD	13", 117.73 ,, 117.73 ,
10/06/2022,5. May'22 to Jul'22,Q3 - 2022,CLOUDWAYSLTD,"CloudwaysLTD          MALTA	AMOUNT IN USD	13", 115.06 ,, 115.06 ,
13/07/2022,5. May'22 to Jul'22,Q3 - 2022,CLOUDWAYSLTD,"CloudwaysLTD          MALTA	AMOUNT IN USD	13", 121.69 ,, 121.69 ,
26/05/2022,5. May'22 to Jul'22,Q3 - 2022,COINRULE LIMITED,"Coinrule Limited      AMOUNT IN USD	39.99	ON", 32.93 , 5.49 , 27.44 ,
27/06/2022,5. May'22 to Jul'22,Q3 - 2022,COINRULE LIMITED,"Coinrule Limited      AMOUNT IN USD	39.99	ON", 33.58 , 5.60 , 27.98 ,
26/07/2022,5. May'22 to Jul'22,Q3 - 2022,COINRULE LIMITED,"Coinrule Limited      AMOUNT IN USD	39.99	ON", 34.36 , 5.73 , 28.63 ,
06/06/2022,5. May'22 to Jul'22,Q3 - 2022,Companies House - GOV.UK,"COMPANIESHOUSE WEB    	ON 01 JUN BDC	", 13.00 ,, 13.00 ,
31/07/2022,5. May'22 to Jul'22,Q3 - 2022,Credit Invoice - Supplier,," 95,100.00 "," 15,850.00 "," 79,250.00 ",
06/06/2022,5. May'22 to Jul'22,Q3 - 2022,CURRYS,"CURRYS TOTTENHAM      	ON 04 JUN BDC	", 404.00 , 67.33 , 336.67 ,
20/06/2022,5. May'22 to Jul'22,Q3 - 2022,CURRYS,"CURRYS ONLINE         	ON 17 JUN BDC	", 46.48 , 7.75 , 38.73 ,
13/06/2022,5. May'22 to Jul'22,Q3 - 2022,DEALBUYER.COM,"DEALBUYER.COM         	ON 11 JUN BDC	", 937.94 , 156.32 , 781.62 ,
25/05/2022,5. May'22 to Jul'22,Q3 - 2022,Delta Force Group Ltd ,"DELTA FORCE GROUP     	AS INVOICED BBP	"," 4,560.00 ", 760.00 ," 3,800.00 ",
31/05/2022,5. May'22 to Jul'22,Q3 - 2022,Delta Force Group Ltd ,"DELTA FORCE GROUP     	AS INVOICED BBP	"," 8,550.00 "," 1,425.00 "," 7,125.00 ",
07/06/2022,5. May'22 to Jul'22,Q3 - 2022,Delta Force Group Ltd ,"DELTA FORCE GROUP     	AS INVOICED FT	"," 20,000.00 "," 3,333.33 "," 16,666.67 ",
16/05/2022,5. May'22 to Jul'22,Q3 - 2022,Dropbox,"Dropbox               IRELAND	ON 13 MAY BDC	", 9.99 ,, 9.99 ,
14/06/2022,5. May'22 to Jul'22,Q3 - 2022,Dropbox,"Dropbox               IRELAND	ON 13 JUN BDC	", 9.99 ,, 9.99 ,
14/07/2022,5. May'22 to Jul'22,Q3 - 2022,Dropbox,"Dropbox               IRELAND	ON 13 JUL BDC	", 9.99 ,, 9.99 ,
17/06/2022,5. May'22 to Jul'22,Q3 - 2022,DVLA VECHICLE TAX,"DVLA-BD21VXN          000000000052339988	FIR", 273.00 ,, 273.00 ,
24/05/2022,5. May'22 to Jul'22,Q3 - 2022,EE LIMITED,"EE LIMITED            	Q75528830324204563 DD", 30.75 , 5.13 , 25.63 ,
24/06/2022,5. May'22 to Jul'22,Q3 - 2022,EE LIMITED,"EE LIMITED            	Q75528830332403298 DD", 30.67 , 5.11 , 25.56 ,
25/07/2022,5. May'22 to Jul'22,Q3 - 2022,EE LIMITED,"EE LIMITED            	Q75528830340593573 DD", 120.36 , 20.06 , 100.30 ,
03/05/2022,5. May'22 to Jul'22,Q3 - 2022,FACEBOOK,"FACEBK 5HFX4E7RY2     IRELAND	AMOUNT IN PKR	", 33.34 ,, 33.34 ,
30/05/2022,5. May'22 to Jul'22,Q3 - 2022,FACEBOOK,"FACEBK 5HFX4E7RY2     IRELAND	AMOUNT IN PKR	", 35.97 ,, 35.97 ,
17/06/2022,5. May'22 to Jul'22,Q3 - 2022,FACEBOOK,"FACEBK Q2AFNFPQY2     IRELAND	AMOUNT IN PKR	", 123.91 ,, 123.91 ,
30/06/2022,5. May'22 to Jul'22,Q3 - 2022,FACEBOOK,"FACEBK TXF3DGFRY2     IRELAND	AMOUNT IN PKR	", 30.83 ,, 30.83 ,
25/07/2022,5. May'22 to Jul'22,Q3 - 2022,FACEBOOK,"FACEBK DLCVJGPQY2     IRELAND	AMOUNT IN PKR	", 30.30 ,, 30.30 ,
10/05/2022,5. May'22 to Jul'22,Q3 - 2022,First4Freelancers Ltd,"FIRST4FREELANCERS     	GUARDIANFM BBP	"," 25,000.00 "," 4,166.67 "," 20,833.33 ",
11/05/2022,5. May'22 to Jul'22,Q3 - 2022,First4Freelancers Ltd,"FIRST4FREELANCERS     	GUARDIANFM BBP	"," 40,000.00 "," 6,666.67 "," 33,333.33 ",
10/06/2022,5. May'22 to Jul'22,Q3 - 2022,First4Freelancers Ltd,"FIRST4FREELANCERS     	7759 BBP	"," 50,000.00 "," 8,333.33 "," 41,666.67 ",
06/07/2022,5. May'22 to Jul'22,Q3 - 2022,First4Freelancers Ltd,"FIRST4FREELANCERS     	7759 BBP	"," 50,000.00 "," 8,333.33 "," 41,666.67 ",
03/05/2022,5. May'22 to Jul'22,Q3 - 2022,FORMATIONSCOMPANY,"FORMATIONSCOMPANY     	ON 30 APR BDC	", 17.99 ,, 17.99 ,
31/05/2022,5. May'22 to Jul'22,Q3 - 2022,FORMATIONSCOMPANY,"FORMATIONSCOMPANY     	ON 30 MAY BDC	", 17.99 ,, 17.99 ,
01/07/2022,5. May'22 to Jul'22,Q3 - 2022,FORMATIONSCOMPANY,"FORMATIONSCOMPANY     	ON 30 JUN BDC	", 17.99 ,, 17.99 ,
20/06/2022,5. May'22 to Jul'22,Q3 - 2022,Fund Transfer,"202519 80822949       	IT SERVICES FT	"," 7,000.00 "," 1,166.67 "," 5,833.33 ",
23/05/2022,5. May'22 to Jul'22,Q3 - 2022,GETADDRESS.IO,"GETADDRESS.IO         	ON 22 MAY BDC	", 14.40 , 2.40 , 12.00 ,
23/06/2022,5. May'22 to Jul'22,Q3 - 2022,GETADDRESS.IO,"GETADDRESS.IO         	ON 22 JUN BDC	", 14.40 , 2.40 , 12.00 ,
25/07/2022,5. May'22 to Jul'22,Q3 - 2022,GETADDRESS.IO,"GETADDRESS.IO         	ON 22 JUL BDC	", 14.40 , 2.40 , 12.00 ,
29/07/2022,5. May'22 to Jul'22,Q3 - 2022,GINSOY,"GINSOY                PAKISTAN	AMOUNT IN PKR", 27.71 ,, 27.71 ,
25/05/2022,5. May'22 to Jul'22,Q3 - 2022,GODADDY,"DNH*GO DADDY EUROP    	ON 24 MAY BDC	", 20.52 ,, 20.52 ,
06/06/2022,5. May'22 to Jul'22,Q3 - 2022,GODADDY,"DNH*GO DADDY EUROP    	ON 01 JUN BDC	", 17.12 ,, 17.12 ,
06/06/2022,5. May'22 to Jul'22,Q3 - 2022,GODADDY,"DNH*GODADDY.COM       USA	AMOUNT IN USD	14.3", 11.78 ,, 11.78 ,
06/06/2022,5. May'22 to Jul'22,Q3 - 2022,GODADDY,"DNH*GODADDY.COM       USA	AMOUNT IN USD	14.6", 12.04 ,, 12.04 ,
06/06/2022,5. May'22 to Jul'22,Q3 - 2022,GODADDY,"DNH*GODADDY.COM       USA	AMOUNT IN USD	25.3", 20.89 ,, 20.89 ,
17/06/2022,5. May'22 to Jul'22,Q3 - 2022,GODADDY,"DNH*GO DADDY EUROP    	ON 15 JUN BDC	", 32.75 ,, 32.75 ,
20/06/2022,5. May'22 to Jul'22,Q3 - 2022,GODADDY,"DNH*GO DADDY EUROP    	ON 16 JUN BDC	", 28.76 ,, 28.76 ,
21/06/2022,5. May'22 to Jul'22,Q3 - 2022,GODADDY,"DNH*GO DADDY EUROP    	ON 19 JUN BDC	", 21.46 ,, 21.46 ,
30/06/2022,5. May'22 to Jul'22,Q3 - 2022,GODADDY,"DNH*GODADDY.COM PK    USA	AMOUNT IN PKR	532.", 2.21 ,, 2.21 ,
05/07/2022,5. May'22 to Jul'22,Q3 - 2022,GODADDY,"DNH*GODADDY.COM EU    	ON 03 JUL BDC	", 17.88 ,, 17.88 ,
06/07/2022,5. May'22 to Jul'22,Q3 - 2022,GODADDY,"DNH*GODADDY.COM PK    USA	AMOUNT IN PKR	899.", 3.76 ,, 3.76 ,
30/05/2022,5. May'22 to Jul'22,Q3 - 2022,GOOGLE,"GOOGLE *Google Sto    	ON 28 MAY BDC	", 1.59 ,, 1.59 ,
29/06/2022,5. May'22 to Jul'22,Q3 - 2022,GOOGLE,"GOOGLE *Google Sto    	ON 28 JUN BDC	", 1.59 ,, 1.59 ,
18/07/2022,5. May'22 to Jul'22,Q3 - 2022,GOOGLE,"PAYPAL *GOOGLE YOU    	ON 16 JUL BDC	", 11.99 ,, 11.99 ,
29/07/2022,5. May'22 to Jul'22,Q3 - 2022,GOOGLE,"GOOGLE *Google Sto    	ON 28 JUL BDC	", 1.59 ,, 1.59 ,
24/06/2022,5. May'22 to Jul'22,Q3 - 2022,ICO.ORG.UK,"WWW.ICO.ORG.UK        	ON 23 JUN BDC	", 40.00 ,, 40.00 ,
25/07/2022,5. May'22 to Jul'22,Q3 - 2022,Inflight,"Inflight Internet     SWITZERLAND	AMOUNT IN ", 4.32 , 0.72 , 3.60 ,
04/05/2022,5. May'22 to Jul'22,Q3 - 2022,INTUIT LIMITED,"INTUIT LIMITED        	00017NGNU0O4Q-00RT DD", 7.20 , 1.20 , 6.00 ,
06/06/2022,5. May'22 to Jul'22,Q3 - 2022,INTUIT LIMITED,"INTUIT LIMITED        	00017NGNU0O4Q-00RT DD", 7.20 , 1.20 , 6.00 ,
04/07/2022,5. May'22 to Jul'22,Q3 - 2022,INTUIT LIMITED,"INTUIT LIMITED        	00017NGNU0O4Q-00RT DD", 7.20 , 1.20 , 6.00 ,
10/05/2022,5. May'22 to Jul'22,Q3 - 2022,IONOS CLOUD LIMITED,"1 AND 1 IONOS LTD     	ON 08 MAY BDC	", 2.40 , 0.40 , 2.00 ,
10/06/2022,5. May'22 to Jul'22,Q3 - 2022,IONOS CLOUD LIMITED,"1 AND 1 IONOS LTD     	ON 08 JUN BDC	", 2.40 , 0.40 , 2.00 ,
11/07/2022,5. May'22 to Jul'22,Q3 - 2022,IONOS CLOUD LIMITED,"1 AND 1 IONOS LTD     	ON 08 JUL BDC	", 2.40 , 0.40 , 2.00 ,
21/06/2022,5. May'22 to Jul'22,Q3 - 2022,IW GROUP SERVICES,"IW GROUP SERVICES     	ON 20 JUN BDC	", 100.44 , 16.74 , 83.70 ,
21/06/2022,5. May'22 to Jul'22,Q3 - 2022,IW GROUP SERVICES,"IW GROUP SERVICES     	ON 20 JUN BDC	", 26.78 , 4.46 , 22.32 ,
19/07/2022,5. May'22 to Jul'22,Q3 - 2022,IW GROUP SERVICES,"IW GROUP SERVICES     	ON 18 JUL BDC	", 100.44 , 16.74 , 83.70 ,
20/07/2022,5. May'22 to Jul'22,Q3 - 2022,K EBO T/A EBO CAFE,"K EBO T/A EBO CAFE    	INVOICE BBP	"," 1,050.00 ", 175.00 , 875.00 ,
10/05/2022,5. May'22 to Jul'22,Q3 - 2022,LBWF,"LBWF PCN ATP PAYME    	ON 09 MAY BDC	", 65.00 ,, 65.00 ,
06/05/2022,5. May'22 to Jul'22,Q3 - 2022,LINKEDIN LTD,"LinkedIn 782936243    IRELAND	ON 05 MAY BDC	", 69.98 ,, 69.98 ,
06/06/2022,5. May'22 to Jul'22,Q3 - 2022,LINKEDIN LTD,"LINKEDIN-792*93790    IRELAND	ON 05 JUN BDC	", 69.98 ,, 69.98 ,
06/07/2022,5. May'22 to Jul'22,Q3 - 2022,LINKEDIN LTD,"LinkedIn 801514440    IRELAND	ON 05 JUL BDC	", 69.98 ,, 69.98 ,
25/05/2022,5. May'22 to Jul'22,Q3 - 2022,LYCAMOBILE,"LYCAMOBILE UK LTD     	ON 23 MAY BDC	", 10.00 , 1.67 , 8.33 ,
26/05/2022,5. May'22 to Jul'22,Q3 - 2022,LYCAMOBILE,"Lycamobile UK         	ON 25 MAY BDC	", 15.00 , 2.50 , 12.50 ,
24/06/2022,5. May'22 to Jul'22,Q3 - 2022,LYCAMOBILE,"LYCAMOBILE UK LTD     	ON 22 JUN BDC	", 10.00 , 1.67 , 8.33 ,
27/06/2022,5. May'22 to Jul'22,Q3 - 2022,LYCAMOBILE,"Lycamobile UK         	ON 24 JUN BDC	", 15.00 , 2.50 , 12.50 ,
25/07/2022,5. May'22 to Jul'22,Q3 - 2022,LYCAMOBILE,"Lycamobile UK         	ON 22 JUL BDC	", 10.00 , 1.67 , 8.33 ,
25/07/2022,5. May'22 to Jul'22,Q3 - 2022,LYCAMOBILE,"Lycamobile UK         	ON 24 JUL BDC	", 15.00 , 2.50 , 12.50 ,
18/05/2022,5. May'22 to Jul'22,Q3 - 2022,MAXIM SOLICITORS,"MAXIM SOLICITORS *    	155688*120 DONCAS* TF"," 92,475.80 "," 15,412.63 "," 77,063.17 ",
18/05/2022,5. May'22 to Jul'22,Q3 - 2022,MAXIM SOLICITORS,"MAXIM SOLICITORS L    	HP219UH FT	"," 2,733.00 ", 455.50 ," 2,277.50 ",
17/05/2022,5. May'22 to Jul'22,Q3 - 2022,MICROSOFT LIMITED,"MSFT *<E0300IQCJE>    	ON 16 MAY BDC	", 11.28 ,, 11.28 ,
16/06/2022,5. May'22 to Jul'22,Q3 - 2022,MICROSOFT LIMITED,"MSFT * E0300J43B2     	ON 16 JUN BDC	", 11.28 ,, 11.28 ,
18/07/2022,5. May'22 to Jul'22,Q3 - 2022,MICROSOFT LIMITED,"MSFT * E0300JI056     	ON 16 JUL BDC	", 11.28 ,, 11.28 ,
05/05/2022,5. May'22 to Jul'22,Q3 - 2022,MMBA ACCOUNTANTS LIMITED,"GOCARDLESS            	TZACO-X8QDNZZVJHKS DD", 400.00 ,, 400.00 ,
31/05/2022,5. May'22 to Jul'22,Q3 - 2022,MMBA ACCOUNTANTS LIMITED,"MMBA ACCOUNTANTS L    	SIN 002731 BBP	", 858.00 ,, 858.00 ,
06/06/2022,5. May'22 to Jul'22,Q3 - 2022,MMBA ACCOUNTANTS LIMITED,"GOCARDLESS            	TZACO-X8QDNZZVJHKS DD", 400.00 ,, 400.00 ,
05/07/2022,5. May'22 to Jul'22,Q3 - 2022,MMBA ACCOUNTANTS LIMITED,"GOCARDLESS            	TZACO-X8QDNZZVJHKS DD", 400.00 ,, 400.00 ,
12/05/2022,5. May'22 to Jul'22,Q3 - 2022,MOUNTPACE LTD,"MOUNT PACE            	79 HOE STREET STO	"," 1,458.33 ",," 1,458.33 ",
13/06/2022,5. May'22 to Jul'22,Q3 - 2022,MOUNTPACE LTD,"MOUNT PACE            	79 HOE STREET STO	"," 1,458.33 ",," 1,458.33 ",
12/07/2022,5. May'22 to Jul'22,Q3 - 2022,MOUNTPACE LTD,"MOUNT PACE            	79 HOE STREET STO	"," 1,458.33 ",," 1,458.33 ",
04/05/2022,5. May'22 to Jul'22,Q3 - 2022,Mughal Multiple Services Ltd ,"MUGHAL MULTIPLE SE    	INVOICE BBP	"," 4,555.67 ", 759.28 ," 3,796.39 ",
05/05/2022,5. May'22 to Jul'22,Q3 - 2022,Mughal Multiple Services Ltd ,"MUGHAL MULTIPLE SE    	INVOICE0025 BBP	"," 9,591.41 "," 1,598.57 "," 7,992.84 ",
20/07/2022,5. May'22 to Jul'22,Q3 - 2022,Mughal Multiple Services Ltd ,"MUGHAL MULTIPLE SE    	INVOICE BBP	"," 18,394.00 "," 3,065.67 "," 15,328.33 ",
11/05/2022,5. May'22 to Jul'22,Q3 - 2022,NAME-CHEAP.COM,"NAME-CHEAP.COM* RW    USA	AMOUNT IN USD	23.6", 19.77 ,, 19.77 ,
06/06/2022,5. May'22 to Jul'22,Q3 - 2022,NAME-CHEAP.COM,"NAME-CHEAP.COM* BF    USA	AMOUNT IN USD	9.48", 7.81 ,, 7.81 ,
28/06/2022,5. May'22 to Jul'22,Q3 - 2022,NAME-CHEAP.COM,"NAME-CHEAP.COM* TG    USA	AMOUNT IN USD	38.8", 32.65 ,, 32.65 ,
16/05/2022,5. May'22 to Jul'22,Q3 - 2022,One.com,"One.com               SWEDEN	ON 14 MAY BDC	", 20.39 ,, 20.39 ,
30/06/2022,5. May'22 to Jul'22,Q3 - 2022,One.com,"One.com               SWEDEN	ON 29 JUN BDC	", 23.51 ,, 23.51 ,
01/07/2022,5. May'22 to Jul'22,Q3 - 2022,One.com,"One.com               SWEDEN	ON 30 JUN BDC	", 20.16 ,, 20.16 ,
09/05/2022,5. May'22 to Jul'22,Q3 - 2022,OPUS ENERGY LTD,"OPUS ENERGY GAS SU    	0890504 DDR	", 534.36 , 89.06 , 445.30 ,
30/05/2022,5. May'22 to Jul'22,Q3 - 2022,OPUS ENERGY LTD,"OPUS ENERGY LTD       	0890104 DDR	", 111.84 , 18.64 , 93.20 ,
09/06/2022,5. May'22 to Jul'22,Q3 - 2022,OPUS ENERGY LTD,"OPUS ENERGY GAS SU    	0890504 DDR	", 407.89 , 67.98 , 339.91 ,
29/06/2022,5. May'22 to Jul'22,Q3 - 2022,OPUS ENERGY LTD,"OPUS ENERGY LTD       	0890104 DDR	", 129.63 , 21.61 , 108.03 ,
11/07/2022,5. May'22 to Jul'22,Q3 - 2022,OPUS ENERGY LTD,"OPUS ENERGY GAS SU    	0890504 DDR	", 127.17 , 21.20 , 105.98 ,
29/07/2022,5. May'22 to Jul'22,Q3 - 2022,OPUS ENERGY LTD,"OPUS ENERGY LTD       	0890104 DDR	", 110.45 , 18.41 , 92.04 ,
20/07/2022,5. May'22 to Jul'22,Q3 - 2022,Peace UK Security Ltd ,"PEACE UK SECURITY     	INVOICE BBP	"," 3,560.00 ", 593.33 ," 2,966.67 ",
12/05/2022,5. May'22 to Jul'22,Q3 - 2022,Principal Protection & Events Ltd,"ADVANTEDGE COMMERC    	15017 BBP	"," 5,997.60 ", 999.60 ," 4,998.00 ",
20/05/2022,5. May'22 to Jul'22,Q3 - 2022,Principal Protection & Events Ltd,"ADVANTEDGE COMMERC    	15039 BBP	"," 2,822.40 ", 470.40 ," 2,352.00 ",
15/07/2022,5. May'22 to Jul'22,Q3 - 2022,Principal Protection & Events Ltd,"ADVANTEDGE COMMERC    	15225 BBP	"," 14,112.00 "," 2,352.00 "," 11,760.00 ",
04/05/2022,5. May'22 to Jul'22,Q3 - 2022,PROPERTYDATA,"PROPERTYDATA          	ON 03 MAY BDC	", 52.80 ,, 52.80 ,
06/06/2022,5. May'22 to Jul'22,Q3 - 2022,PROPERTYDATA,"PROPERTYDATA          	ON 03 JUN BDC	", 52.80 ,, 52.80 ,
04/07/2022,5. May'22 to Jul'22,Q3 - 2022,PROPERTYDATA,"PROPERTYDATA          	ON 03 JUL BDC	", 52.80 ,, 52.80 ,
16/05/2022,5. May'22 to Jul'22,Q3 - 2022,Prosec Solutions Ltd ,"PROSEC SOLUTIONS L    	INVOICE 0252 BBP	"," 4,580.52 ", 763.42 ," 3,817.10 ",
17/05/2022,5. May'22 to Jul'22,Q3 - 2022,Prosec Solutions Ltd ,"PROSEC SOLUTIONS L    	INVOICE 0254 FT	"," 16,518.00 "," 2,753.00 "," 13,765.00 ",
30/05/2022,5. May'22 to Jul'22,Q3 - 2022,RK SECURITY LIMITED,"RK SECURITY SERVIC    	INVOICE2149 FT	"," 2,000.00 ", 333.33 ," 1,666.67 ",
01/06/2022,5. May'22 to Jul'22,Q3 - 2022,RK SECURITY LIMITED,"RK SECURITY SERVIC    	INVOICE2149 FT	"," 1,200.00 ", 200.00 ," 1,000.00 ",
25/05/2022,5. May'22 to Jul'22,Q3 - 2022,RKFM Ltd,"RK FM LTD             	AS INVOICED BBP	"," 12,000.00 "," 2,000.00 "," 10,000.00 ",
27/06/2022,5. May'22 to Jul'22,Q3 - 2022,RKFM Ltd,"RK FM LTD             	AS INVOICED FT	"," 5,000.00 ", 833.33 ," 4,166.67 ",
20/07/2022,5. May'22 to Jul'22,Q3 - 2022,RKFM Ltd,"RK FM LTD             	INVOICE0017 BBP	"," 12,000.00 "," 2,000.00 "," 10,000.00 ",
11/05/2022,5. May'22 to Jul'22,Q3 - 2022,RR Security Services Ltd ,"RR SECURITY LIMITE    	INVOICE 235 BBP	"," 4,542.44 ", 757.07 ," 3,785.37 ",
13/06/2022,5. May'22 to Jul'22,Q3 - 2022,RR Security Services Ltd ,"RR SECURITY LIMITE    	INVOICE 240 BBP	"," 15,802.13 "," 2,633.69 "," 13,168.44 ",
13/07/2022,5. May'22 to Jul'22,Q3 - 2022,RR Security Services Ltd ,"RR SECURITY LIMITE    	INVOICE 239 FT	"," 11,201.00 "," 1,866.83 "," 9,334.17 ",
15/07/2022,5. May'22 to Jul'22,Q3 - 2022,RR Security Services Ltd ,"RR SECURITY LIMITE    	INVOICE 246 FT	"," 3,000.00 ", 500.00 ," 2,500.00 ",
18/07/2022,5. May'22 to Jul'22,Q3 - 2022,RR Security Services Ltd ,"RR SECURITY LIMITE    	INVOICE 246 FT	"," 3,700.00 ", 616.67 ," 3,083.33 ",
21/07/2022,5. May'22 to Jul'22,Q3 - 2022,RR Security Services Ltd ,"RR SECURITY LIMITE    	INVOICE 246 FT	"," 3,600.00 ", 600.00 ," 3,000.00 ",
26/07/2022,5. May'22 to Jul'22,Q3 - 2022,RR Security Services Ltd ,"RR SECURITY LIMITE    	INVOICE 245 FT	"," 2,000.00 ", 333.33 ," 1,666.67 ",
23/05/2022,5. May'22 to Jul'22,Q3 - 2022,SANTANDER CONSUMER,"SANTANDER CONSUMER    	10021049636182 DDR	", 999.07 , 166.51 , 832.56 ,
22/06/2022,5. May'22 to Jul'22,Q3 - 2022,SANTANDER CONSUMER,"SANTANDER CONSUMER    	10021049636182 DDR	", 999.07 , 166.51 , 832.56 ,
22/07/2022,5. May'22 to Jul'22,Q3 - 2022,SANTANDER CONSUMER,"SANTANDER CONSUMER    	10021049636182 DDR	", 999.07 , 166.51 , 832.56 ,
25/05/2022,5. May'22 to Jul'22,Q3 - 2022,Secure FirstFM Ltd,"SECURE FIRST FM LT    	AS INVOICED BBP	"," 13,669.20 "," 2,278.20 "," 11,391.00 ",
23/06/2022,5. May'22 to Jul'22,Q3 - 2022,Secure FirstFM Ltd,"SECURE FIRST FM LT    	GUARDIAN FM / 74 BBP	"," 11,445.83 "," 1,907.64 "," 9,538.19 ",
01/07/2022,5. May'22 to Jul'22,Q3 - 2022,Secure FirstFM Ltd,"SECURE FIRST FM LT    	AS INVOICED FT	"," 2,289.17 ", 381.53 ," 1,907.64 ",
20/07/2022,5. May'22 to Jul'22,Q3 - 2022,Secure FirstFM Ltd,"SECURE FIRST FM LT    	GUARDIAN FM / 108 BBP"," 15,437.96 "," 2,572.99 "," 12,864.97 ",
20/05/2022,5. May'22 to Jul'22,Q3 - 2022,SECURITY ZONE MIDLANDS LIMITED,"SECURITY ZONE MIDL    	INVOICE230 BBP	"," 15,968.44 "," 2,661.41 "," 13,307.03 ",
23/06/2022,5. May'22 to Jul'22,Q3 - 2022,SECURITY ZONE MIDLANDS LIMITED,"SECURITY ZONE MIDL    	INVOICE232 BBP	"," 16,122.60 "," 2,687.10 "," 13,435.50 ",
20/07/2022,5. May'22 to Jul'22,Q3 - 2022,SECURITY ZONE MIDLANDS LIMITED,"SECURITY ZONE MIDL    	INVOICE BBP	"," 12,052.00 "," 2,008.67 "," 10,043.33 ",
17/05/2022,5. May'22 to Jul'22,Q3 - 2022,SHOPIFY,"SHOPIFY* 141145964    IRELAND	AMOUNT IN USD	", 24.39 ,, 24.39 ,
26/05/2022,5. May'22 to Jul'22,Q3 - 2022,SHOPIFY,"SHOPIFY* 141957436    IRELAND	AMOUNT IN USD	", 36.18 ,, 36.18 ,
16/06/2022,5. May'22 to Jul'22,Q3 - 2022,SHOPIFY,"SHOPIFY* 143755020    IRELAND	AMOUNT IN USD	", 24.87 ,, 24.87 ,
27/06/2022,5. May'22 to Jul'22,Q3 - 2022,SHOPIFY,"SHOPIFY* 144571076    IRELAND	AMOUNT IN USD	", 36.89 ,, 36.89 ,
18/07/2022,5. May'22 to Jul'22,Q3 - 2022,SHOPIFY,"SHOPIFY* 146535845    IRELAND	AMOUNT IN USD	", 25.25 ,, 25.25 ,
25/07/2022,5. May'22 to Jul'22,Q3 - 2022,SHOPIFY,"SHOPIFY* 147368991    IRELAND	AMOUNT IN USD	", 37.89 ,, 37.89 ,
11/05/2022,5. May'22 to Jul'22,Q3 - 2022,SILICON MANAGEMENT CONSULTANTS LTD,"SILICON MANAGEMENT    	AS INVOICED BBP	"," 9,505.50 "," 1,584.25 "," 7,921.25 ",
16/05/2022,5. May'22 to Jul'22,Q3 - 2022,SILVER LINE GRAPHICS LIMITED,"SILVER LINE GRAPHI    	4156 FT	", 66.00 ,, 66.00 ,
18/07/2022,5. May'22 to Jul'22,Q3 - 2022,SILVER LINE GRAPHICS LIMITED,"SILVER LINE GRAPHI    	1095 FT	", 470.00 ,, 470.00 ,
17/06/2022,5. May'22 to Jul'22,Q3 - 2022,Travel Expense,"PARKING               	ON 16 JUN BDC	", 65.00 ,, 65.00 ,
25/07/2022,5. May'22 to Jul'22,Q3 - 2022,UK Force Services Limited,"UK FORCE SERVICES     	PAY FT	"," 7,000.00 "," 1,166.67 "," 5,833.33 ",
03/05/2022,5. May'22 to Jul'22,Q3 - 2022,VERISURE SERVICES,"VERISURE SERVICES     	G874BM9-207803 DDR	", 60.58 , 10.10 , 50.48 ,
01/06/2022,5. May'22 to Jul'22,Q3 - 2022,VERISURE SERVICES,"VERISURE SERVICES     	G874BM9-207803 DDR	", 60.58 , 10.10 , 50.48 ,
01/07/2022,5. May'22 to Jul'22,Q3 - 2022,VERISURE SERVICES,"VERISURE SERVICES     	G874BM9-207803 DDR	", 60.58 , 10.10 , 50.48 ,
05/05/2022,5. May'22 to Jul'22,Q3 - 2022,Wages,"BRIAN SMITH           	COMM BBP	"," 2,165.99 ", 361.00 ," 1,804.99 ",
06/05/2022,5. May'22 to Jul'22,Q3 - 2022,Wages,"BRIAN SMITH           	SECKER EXPENSE FT	"," 3,285.75 ", 547.63 ," 2,738.13 ",
06/06/2022,5. May'22 to Jul'22,Q3 - 2022,Wages,"BRIAN SMITH           	EXP BBP	"," 2,195.99 ", 366.00 ," 1,829.99 ",
06/06/2022,5. May'22 to Jul'22,Q3 - 2022,Wages,"BRIAN SMITH           	PAY BBP	", 800.00 , 133.33 , 666.67 ,
10/06/2022,5. May'22 to Jul'22,Q3 - 2022,Wages,"BRIAN SMITH           	COMM BBP	"," 25,000.00 "," 4,166.67 "," 20,833.33 ",
13/06/2022,5. May'22 to Jul'22,Q3 - 2022,Wages,"BRIAN SMITH           	COMM FT	"," 25,000.00 "," 4,166.67 "," 20,833.33 ",
17/06/2022,5. May'22 to Jul'22,Q3 - 2022,Wages,"BRIAN SMITH           	COMM FT	"," 8,901.00 "," 1,483.50 "," 7,417.50 ",
05/07/2022,5. May'22 to Jul'22,Q3 - 2022,Wages,"BRIAN SMITH           	INVOICE 056 FT	"," 2,165.99 ", 361.00 ," 1,804.99 ",
11/07/2022,5. May'22 to Jul'22,Q3 - 2022,Wages,"PRATHYUSHA MANCHAR    	PAY GRP	", 70.00 , 11.67 , 58.33 ,
14/06/2022,5. May'22 to Jul'22,Q3 - 2022,WALTHAMSTOW,"WALTHAMSTOW           	ON 11 JUN BDC	", 144.27 ,, 144.27 ,
20/06/2022,5. May'22 to Jul'22,Q3 - 2022,welcome Break,"WELCOME BREAK         	ON 17 JUN BDC	", 175.06 ,, 175.06 ,
16/05/2022,5. May'22 to Jul'22,Q3 - 2022,YCB ACADEMY LIMITED,"YCB ACADEMY LIMITE    	CONSULTNACY STO	", 100.00 ,, 100.00 ,
14/06/2022,5. May'22 to Jul'22,Q3 - 2022,YCB ACADEMY LIMITED,"YCB ACADEMY LIMITE    	CONSULTNACY STO	", 100.00 ,, 100.00 ,
14/07/2022,5. May'22 to Jul'22,Q3 - 2022,YCB ACADEMY LIMITED,"YCB ACADEMY LIMITE    	CONSULTNACY STO	", 100.00 ,, 100.00 ,
11/05/2022,5. May'22 to Jul'22,Q3 - 2022,Zain Securities Services LTD ,"ZAIN SECURITY SERV    	INVOICE NO 112 BBP	"," 2,858.00 ", 476.33 ," 2,381.67 ",
12/05/2022,5. May'22 to Jul'22,Q3 - 2022,Zain Securities Services LTD ,"ZAIN SECURITY SERV    	INVOICE NO 113 FT	"," 7,580.85 "," 1,263.48 "," 6,317.38 ",
03/05/2022,5. May'22 to Jul'22,Q3 - 2022,NDCS,"NDCS                  	PND3137264 DDR	", 10.00 , 1.67 , 8.33 ,
01/06/2022,5. May'22 to Jul'22,Q3 - 2022,NDCS,"NDCS                  	PND3137264 DDR	", 10.00 , 1.67 , 8.33 ,
01/07/2022,5. May'22 to Jul'22,Q3 - 2022,NDCS,"NDCS                  	PND3137264 DDR	", 10.00 , 1.67 , 8.33 ,
01/08/2022,6. Aug'22 to Oct'22,Q4 - 2022,ABBEY LAW LTD,ABBEY LAW LTD 219 MAIN ROAD GIDE BB P," 34,479.00 "," 5,746.50 "," 28,732.50 ",
25/08/2022,6. Aug'22 to Oct'22,Q4 - 2022,AHMED CORPORATION,"AHMED CORPORATION     	AS INVOICED BBP	"," 4,500.00 ", 750.00 ," 3,750.00 ",
26/08/2022,6. Aug'22 to Oct'22,Q4 - 2022,AHMED CORPORATION,"AHMED CORPORATION     	AS INVOICED FT	"," 9,500.00 "," 1,583.33 "," 7,916.67 ",
30/08/2022,6. Aug'22 to Oct'22,Q4 - 2022,AHMED CORPORATION,"AHMED CORPORATION     	AS INVOICED BBP	"," 14,000.00 ",," 14,000.00 ",
09/09/2022,6. Aug'22 to Oct'22,Q4 - 2022,AHMED CORPORATION,"AHMED CORPORATION     	AS INVOICED FT	"," 9,000.00 "," 1,500.00 "," 7,500.00 ",
28/09/2022,6. Aug'22 to Oct'22,Q4 - 2022,AHMED CORPORATION,"AHMED CORPORATION     	AS INVOICED BBP	"," 21,912.00 "," 3,652.00 "," 18,260.00 ",
26/10/2022,6. Aug'22 to Oct'22,Q4 - 2022,AHMED CORPORATION,"AHMED CORPORATION     	AS INVOICED BBP	"," 5,250.00 ",," 5,250.00 ",
21/09/2022,6. Aug'22 to Oct'22,Q4 - 2022,Alcumus SafeContractor Limited,"ALCUMUS SAFECONTRA    	ON 20 SEP BDC	", 114.00 , 19.00 , 95.00 ,
24/08/2022,6. Aug'22 to Oct'22,Q4 - 2022,ALLDAYPA Communication,"WWW.ALLDAYPA.COM      	ON 23 AUG BDC	", 62.86 , 10.48 , 52.38 ,
31/08/2022,6. Aug'22 to Oct'22,Q4 - 2022,ALLDAYPA Communication,"WWW.ALLDAYPA.COM      	ON 30 AUG BDC	", 137.00 , 22.83 , 114.17 ,
16/09/2022,6. Aug'22 to Oct'22,Q4 - 2022,ALLDAYPA Communication,"WWW.ALLDAYPA.COM      	ON 15 SEP BDC	", 70.27 , 11.71 , 58.56 ,
21/09/2022,6. Aug'22 to Oct'22,Q4 - 2022,ALLDAYPA Communication,"WWW.ALLDAYPA.COM      	ON 20 SEP BDC	", 104.64 , 17.44 , 87.20 ,
27/09/2022,6. Aug'22 to Oct'22,Q4 - 2022,ALLDAYPA Communication,"WWW.ALLDAYPA.COM      	ON 26 SEP BDC	", 58.60 , 9.77 , 48.83 ,
28/09/2022,6. Aug'22 to Oct'22,Q4 - 2022,ALLDAYPA Communication,"WWW.ALLDAYPA.COM      	ON 27 SEP BDC	", 121.70 , 20.28 , 101.42 ,
25/10/2022,6. Aug'22 to Oct'22,Q4 - 2022,ALLDAYPA Communication,"WWW.ALLDAYPA.COM      	ON 24 OCT BDC	", 50.71 , 8.45 , 42.26 ,
28/10/2022,6. Aug'22 to Oct'22,Q4 - 2022,ALLDAYPA Communication,"WWW.ALLDAYPA.COM      	ON 27 OCT BDC	", 131.36 , 21.89 , 109.47 ,
03/10/2022,6. Aug'22 to Oct'22,Q4 - 2022,AVIVA INSURANCE LIMITED,"AVIVA INSURANCE       	ON 01 OCT BDC	"," 2,995.00 ",," 2,995.00 ",
22/08/2022,6. Aug'22 to Oct'22,Q4 - 2022,BIFFA WASTE SERVICES LIMITED,"BIFFA WASTE SERVIC    	B41299 DDR	", 83.42 , 13.90 , 69.52 ,
20/09/2022,6. Aug'22 to Oct'22,Q4 - 2022,BIFFA WASTE SERVICES LIMITED,"BIFFA WASTE SERVIC    	B41299 DDR	", 104.28 , 17.38 , 86.90 ,
24/10/2022,6. Aug'22 to Oct'22,Q4 - 2022,BIFFA WASTE SERVICES LIMITED,"BIFFA WASTE SERVIC    	B41299 DDR	", 83.42 , 13.90 , 69.52 ,
25/08/2022,6. Aug'22 to Oct'22,Q4 - 2022,BORO SERVICES NE LTD,"BORO SERVICES NE L    	AS INVOICED BBP	"," 8,764.88 "," 1,460.81 "," 7,304.07 ",
30/08/2022,6. Aug'22 to Oct'22,Q4 - 2022,BORO SERVICES NE LTD,"BORO SERVICES NE L    	AS INVOICED BBP	"," 14,841.75 "," 2,473.63 "," 12,368.13 ",
03/10/2022,6. Aug'22 to Oct'22,Q4 - 2022,BORO SERVICES NE LTD,"BORO SERVICES NE L    	AS INVOICED BBP	"," 15,078.92 "," 2,513.15 "," 12,565.77 ",
24/10/2022,6. Aug'22 to Oct'22,Q4 - 2022,BORO SERVICES NE LTD,"BORO SERVICES NE L    	AS INVOICED BBP	"," 14,233.30 "," 2,372.22 "," 11,861.08 ",
03/10/2022,6. Aug'22 to Oct'22,Q4 - 2022,Capital Protections Ltd,"CAPITAL PROTECTION    	PAYMENT BBP	"," 2,540.00 ", 423.33 ," 2,116.67 ",
31/10/2022,6. Aug'22 to Oct'22,Q4 - 2022,Capital Protections Ltd,"CAPITAL PROTECTION    	PAYMENT BBP	"," 1,081.00 ", 180.17 , 900.83 ,
30/08/2022,6. Aug'22 to Oct'22,Q4 - 2022,COMPLIANCE SECURITY SERVICES LTD,"COMPLIANCE SECURIT    	AS INVOICED BBP	"," 4,987.00 ", 831.17 ," 4,155.83 ",
05/09/2022,6. Aug'22 to Oct'22,Q4 - 2022,COMPLIANCE SECURITY SERVICES LTD,"COMPLIANCE SECURIT    	AS INVOICED BBP	"," 22,403.50 "," 3,733.92 "," 18,669.58 ",
29/09/2022,6. Aug'22 to Oct'22,Q4 - 2022,COMPLIANCE SECURITY SERVICES LTD,"COMPLIANCE SECURIT    	AS INVOICED FT	"," 23,731.00 "," 3,955.17 "," 19,775.83 ",
03/10/2022,6. Aug'22 to Oct'22,Q4 - 2022,COMPLIANCE SECURITY SERVICES LTD,"COMPLIANCE SECURIT    	AS INVOICED BBP	"," 21,470.25 "," 3,578.38 "," 17,891.88 ",
24/10/2022,6. Aug'22 to Oct'22,Q4 - 2022,COMPLIANCE SECURITY SERVICES LTD,"COMPLIANCE SECURIT    	AS INVOICED BBP	"," 36,239.16 "," 6,039.86 "," 30,199.30 ",
26/10/2022,6. Aug'22 to Oct'22,Q4 - 2022,COMPLIANCE SECURITY SERVICES LTD,"COMPLIANCE SECURIT    	AS INVOICED BBP	"," 4,849.00 ", 808.17 ," 4,040.83 ",
14/09/2022,6. Aug'22 to Oct'22,Q4 - 2022,Creditsafe Business Solutions Limited,"CREDIT SAFE           	949818 FT	", 240.00 , 40.00 , 200.00 ,
09/09/2022,6. Aug'22 to Oct'22,Q4 - 2022,FIRST INSURANCE,"FIRST INSURANCE SO    	GUARDIANFM FT	"," 2,786.40 ",," 2,786.40 ",
25/08/2022,6. Aug'22 to Oct'22,Q4 - 2022,GOOD GUARDING LTD,"GOOD GUARDING LTD     	INVOICE BBP	"," 2,937.60 ", 489.60 ," 2,448.00 ",
11/08/2022,6. Aug'22 to Oct'22,Q4 - 2022,IMPAKTRO LTD,"IMPAKTRO LTD          	AS INVOICED FT	"," 30,000.00 "," 5,000.00 "," 25,000.00 ",
08/09/2022,6. Aug'22 to Oct'22,Q4 - 2022,IMPAKTRO LTD,"IMPAKTRO LTD          	AS INVOICED FT	"," 32,250.80 "," 5,375.13 "," 26,875.67 ",
05/08/2022,6. Aug'22 to Oct'22,Q4 - 2022,O2 (UK) LIMITED T/A Telefónica UK Limited,"O2                    	05331910/001 DDR	", 51.32 , 8.55 , 42.77 ,
11/08/2022,6. Aug'22 to Oct'22,Q4 - 2022,O2 (UK) LIMITED T/A Telefónica UK Limited,"O2                    	GED37460874 DDR	", 29.76 , 4.96 , 24.80 ,
22/08/2022,6. Aug'22 to Oct'22,Q4 - 2022,O2 (UK) LIMITED T/A Telefónica UK Limited,"O2                    	GED61207858 DDR	", 46.72 , 7.79 , 38.93 ,
07/09/2022,6. Aug'22 to Oct'22,Q4 - 2022,O2 (UK) LIMITED T/A Telefónica UK Limited,"O2                    	05331910/001 DDR	", 51.32 , 8.55 , 42.77 ,
12/09/2022,6. Aug'22 to Oct'22,Q4 - 2022,O2 (UK) LIMITED T/A Telefónica UK Limited,"O2                    	GED37460874 DDR	", 29.76 , 4.96 , 24.80 ,
21/09/2022,6. Aug'22 to Oct'22,Q4 - 2022,O2 (UK) LIMITED T/A Telefónica UK Limited,"O2                    	GED61207858 DDR	", 21.32 , 3.55 , 17.77 ,
06/10/2022,6. Aug'22 to Oct'22,Q4 - 2022,O2 (UK) LIMITED T/A Telefónica UK Limited,"O2                    	05331910/001 DDR	", 51.32 , 8.55 , 42.77 ,
12/10/2022,6. Aug'22 to Oct'22,Q4 - 2022,O2 (UK) LIMITED T/A Telefónica UK Limited,"O2                    	GED37460874 DDR	", 29.76 , 4.96 , 24.80 ,
20/10/2022,6. Aug'22 to Oct'22,Q4 - 2022,O2 (UK) LIMITED T/A Telefónica UK Limited,"O2                    	GED61207858 DDR	", 21.32 , 3.55 , 17.77 ,
16/09/2022,6. Aug'22 to Oct'22,Q4 - 2022,SAGE SOFTWARE LTD,"SAGE SOFTWARE LTD     PCNHPQC	FIRST DDR PAYM", 216.61 ,, 216.61 ,
17/10/2022,6. Aug'22 to Oct'22,Q4 - 2022,SAGE SOFTWARE LTD,"SAGE SOFTWARE LTD     	PCNHPQC DDR	", 129.14 , 21.52 , 107.62 ,
15/08/2022,6. Aug'22 to Oct'22,Q4 - 2022,SHAHSS LTD,"SHAHSS LTD            	AS PER INVOICE FT	"," 20,923.05 "," 3,487.18 "," 17,435.88 ",
12/09/2022,6. Aug'22 to Oct'22,Q4 - 2022,SHAHSS LTD,"SHAHSS LTD            	AS PER INVOICE FT	"," 25,870.10 "," 4,311.68 "," 21,558.42 ",
22/08/2022,6. Aug'22 to Oct'22,Q4 - 2022,Taurus Investigation and Protection Services Ltd,"TAURUS INVESTIGATI    	INVOICE BBP	"," 6,707.75 "," 1,117.96 "," 5,589.79 ",
23/09/2022,6. Aug'22 to Oct'22,Q4 - 2022,Taurus Investigation and Protection Services Ltd,"TAURUS INVESTIGATI    	INVOICE027 FT	"," 13,536.93 "," 2,256.16 "," 11,280.78 ",
10/08/2022,6. Aug'22 to Oct'22,Q4 - 2022,Wave Tel Ltd,"WAVETEL BUSINESS      	1001054 DDR	", 132.70 , 22.12 , 110.58 ,
08/09/2022,6. Aug'22 to Oct'22,Q4 - 2022,Wave Tel Ltd,"WAVETEL BUSINESS      	1001054 DDR	", 135.36 , 22.56 , 112.80 ,
07/10/2022,6. Aug'22 to Oct'22,Q4 - 2022,Wave Tel Ltd,"WAVETEL BUSINESS      	1001054 DDR	", 128.64 , 21.44 , 107.20 ,
30/08/2022,6. Aug'22 to Oct'22,Q4 - 2022,Xtreme Professional Cleaning Ltd,"XTREME PROFESSIONA    	AS INVOICED BBP	"," 4,900.00 ", 816.67 ," 4,083.33 ",
21/09/2022,6. Aug'22 to Oct'22,Q4 - 2022,Xtreme Professional Cleaning Ltd,"XTREME PROFESSIONA    	AS INVOICED FT	"," 5,000.00 ", 833.33 ," 4,166.67 ",
07/10/2022,6. Aug'22 to Oct'22,Q4 - 2022,Xtreme Professional Cleaning Ltd,"XTREME PROFESSIONA    	AS INVOICED FT	"," 20,000.00 "," 3,333.33 "," 16,666.67 ",
11/10/2022,6. Aug'22 to Oct'22,Q4 - 2022,Xtreme Professional Cleaning Ltd,"XTREME PROFESSIONA    	AS INVOICED FT	"," 20,000.00 "," 3,333.33 "," 16,666.67 ",
13/10/2022,6. Aug'22 to Oct'22,Q4 - 2022,Xtreme Professional Cleaning Ltd,"XTREME PROFESSIONA    	AS INVOICED FT	"," 22,000.00 "," 3,666.67 "," 18,333.33 ",
14/10/2022,6. Aug'22 to Oct'22,Q4 - 2022,Xtreme Professional Cleaning Ltd,"XTREME PROFESSIONA    	AS INVOICED FT	"," 6,000.00 "," 1,000.00 "," 5,000.00 ",
20/10/2022,6. Aug'22 to Oct'22,Q4 - 2022,Xtreme Professional Cleaning Ltd,"XTREME PROFESSIONA    	AS INVOICED FT	"," 2,000.00 ", 333.33 ," 1,666.67 ",
24/10/2022,6. Aug'22 to Oct'22,Q4 - 2022,Xtreme Professional Cleaning Ltd,"XTREME PROFESSIONA    	AS INVOICED BBP	"," 15,000.00 "," 2,500.00 "," 12,500.00 ",
09/08/2022,6. Aug'22 to Oct'22,Q4 - 2022,1Password,"1PASSWORD             CANADA	AMOUNT IN USD	4", 4.25 , 0.71 , 3.54 ,
09/09/2022,6. Aug'22 to Oct'22,Q4 - 2022,1Password,"1PASSWORD             CANADA	AMOUNT IN USD	4", 4.48 , 0.75 , 3.73 ,
10/10/2022,6. Aug'22 to Oct'22,Q4 - 2022,1Password,"1PASSWORD             CANADA	AMOUNT IN USD	4", 4.63 , 0.77 , 3.86 ,
24/10/2022,6. Aug'22 to Oct'22,Q4 - 2022,AAGUARD LTD,"AAGUARD LTD           	AS INVOICED BBP	"," 5,380.20 ", 896.70 ," 4,483.50 ",
07/09/2022,6. Aug'22 to Oct'22,Q4 - 2022,ACM-CCAS LTD,"ACM-CCAS LTD          	00020612 FT	", 560.00 , 93.33 , 466.67 ,
08/08/2022,6. Aug'22 to Oct'22,Q4 - 2022,ADOBE ACROBAT,"ADOBE PRODUCTS        IRELAND	ON 06 AUG BDC	", 9.98 ,, 9.98 ,
11/08/2022,6. Aug'22 to Oct'22,Q4 - 2022,ADOBE ACROBAT,"ADOBE ACROPRO SUBS    IRELAND	ON 10 AUG BDC	", 15.17 ,, 15.17 ,
15/08/2022,6. Aug'22 to Oct'22,Q4 - 2022,ADOBE ACROBAT,"ADOBE ACROPRO SUBS    IRELAND	ON 14 AUG BDC	", 15.17 ,, 15.17 ,
07/09/2022,6. Aug'22 to Oct'22,Q4 - 2022,ADOBE ACROBAT,"ADOBE PRODUCTS        IRELAND	ON 06 SEP BDC	", 9.98 ,, 9.98 ,
12/09/2022,6. Aug'22 to Oct'22,Q4 - 2022,ADOBE ACROBAT,"ADOBE ACROPRO SUBS    IRELAND	ON 10 SEP BDC	", 15.17 ,, 15.17 ,
15/09/2022,6. Aug'22 to Oct'22,Q4 - 2022,ADOBE ACROBAT,"ADOBE ACROPRO SUBS    IRELAND	ON 14 SEP BDC	", 15.17 ,, 15.17 ,
07/10/2022,6. Aug'22 to Oct'22,Q4 - 2022,ADOBE ACROBAT,"ADOBE PRODUCTS        IRELAND	ON 06 OCT CPM	", 9.98 ,, 9.98 ,
10/10/2022,6. Aug'22 to Oct'22,Q4 - 2022,ADOBE ACROBAT,"ADOBE ACROPRO SUBS    IRELAND	ON 10 OCT CPM	", 15.17 ,, 15.17 ,
17/10/2022,6. Aug'22 to Oct'22,Q4 - 2022,ADOBE ACROBAT,"ADOBE ACROPRO SUBS    IRELAND	ON 14 OCT CPM	", 15.17 ,, 15.17 ,
22/08/2022,6. Aug'22 to Oct'22,Q4 - 2022,Alliance Facilities Management Limited,"ALLIANCE FACILITY     	AS INVOICED BBP	"," 20,670.00 "," 3,445.00 "," 17,225.00 ",
03/10/2022,6. Aug'22 to Oct'22,Q4 - 2022,Alliance Facilities Management Limited,"ALLIANCE FACILITY     	AS INVOICED BBP	"," 10,361.00 "," 1,726.83 "," 8,634.17 ",
17/10/2022,6. Aug'22 to Oct'22,Q4 - 2022,AMAZON,"AMZNFreeTime          	ON 15 OCT BDC	", 3.99 , 0.67 , 3.33 ,
14/09/2022,6. Aug'22 to Oct'22,Q4 - 2022,Amazon Prime Video,"Prime Video           	ON 13 SEP BDC	", 8.99 , 1.50 , 7.49 ,
17/10/2022,6. Aug'22 to Oct'22,Q4 - 2022,Amazon Prime Video,"Prime Video           	ON 14 OCT BDC	", 8.99 , 1.50 , 7.49 ,
17/10/2022,6. Aug'22 to Oct'22,Q4 - 2022,Amazon Prime Video,"Prime Video *QH6JH    	ON 16 OCT BDC	", 4.99 , 0.83 , 4.16 ,
28/10/2022,6. Aug'22 to Oct'22,Q4 - 2022,Apple,"APPLE STORE R410      	ON 27 OCT BDC	", 549.00 , 91.50 , 457.50 ,
05/08/2022,6. Aug'22 to Oct'22,Q4 - 2022,Apple,"APPLE.COM/BILL        IRELAND	ON 04 AUG BDC	", 79.99 , 13.33 , 66.66 ,
31/10/2022,6. Aug'22 to Oct'22,Q4 - 2022,Apple,"APPLE.COM/UK          IRELAND	ON 29 OCT BDC	", 49.00 , 8.17 , 40.83 ,
25/08/2022,6. Aug'22 to Oct'22,Q4 - 2022,Apple,"APPLE.COM/BILL        IRELAND	ON 24 AUG BDC	", 15.99 , 2.67 , 13.33 ,
26/09/2022,6. Aug'22 to Oct'22,Q4 - 2022,Apple,"APPLE.COM/BILL        IRELAND	ON 24 SEP BDC	", 15.99 , 2.67 , 13.33 ,
25/10/2022,6. Aug'22 to Oct'22,Q4 - 2022,Apple,"APPLE.COM/BILL        IRELAND	ON 24 OCT BDC	", 15.99 , 2.67 , 13.33 ,
03/08/2022,6. Aug'22 to Oct'22,Q4 - 2022,Apple,"APPLE.COM/BILL        IRELAND	ON 02 AUG BDC	", 6.99 , 1.17 , 5.83 ,
05/09/2022,6. Aug'22 to Oct'22,Q4 - 2022,Apple,"APPLE.COM/BILL        IRELAND	ON 02 SEP BDC	", 6.99 , 1.17 , 5.83 ,
03/10/2022,6. Aug'22 to Oct'22,Q4 - 2022,Apple,"APPLE.COM/BILL        IRELAND	ON 02 OCT BDC	", 6.99 , 1.17 , 5.83 ,
28/10/2022,6. Aug'22 to Oct'22,Q4 - 2022,Apple,"APPLE.COM/BILL        IRELAND	ON 28 OCT BDC	", 4.49 , 0.75 , 3.74 ,
10/10/2022,6. Aug'22 to Oct'22,Q4 - 2022,ARGOS LTD,"ARGOS LTD             	ON 09 OCT BDC	", 140.99 , 23.50 , 117.49 ,
17/10/2022,6. Aug'22 to Oct'22,Q4 - 2022,ARGOS LTD,"ARGOS LTD             	ON 15 OCT BDC	", 140.30 , 23.38 , 116.92 ,
17/10/2022,6. Aug'22 to Oct'22,Q4 - 2022,ARGOS LTD,"ARGOS LTD             	ON 15 OCT CLP	", 70.30 , 11.72 , 58.58 ,
10/10/2022,6. Aug'22 to Oct'22,Q4 - 2022,AUDRONE URBONIENE,"AUDRONE URBONIENE     	CLEANING FT	", 225.00 ,, 225.00 ,
24/10/2022,6. Aug'22 to Oct'22,Q4 - 2022,AUDRONE URBONIENE,"AUDRONE URBONIENE     	CLEANING FT	", 100.00 ,, 100.00 ,
28/09/2022,6. Aug'22 to Oct'22,Q4 - 2022,BACK MARKET UK LTD,"Back Market UK Ltd    	ON 27 SEP BDC	", 270.99 , 45.17 , 225.83 ,
01/08/2022,6. Aug'22 to Oct'22,Q4 - 2022,Bank Charges,Debit Wise ON 29 JUL BD, 45.00 , 7.50 , 37.50 ,
01/08/2022,6. Aug'22 to Oct'22,Q4 - 2022,Bank Charges,Debit Wise ON 29 JUL BDC, 20.09 , 3.35 , 16.74 ,
04/08/2022,6. Aug'22 to Oct'22,Q4 - 2022,Bank Charges,"CHARGES               COMMISSION FOR	PERIOD ", 8.50 ,, 8.50 ,
08/08/2022,6. Aug'22 to Oct'22,Q4 - 2022,Bank Charges,"Wise                  	ON 06 AUG BDC	", 17.02 , 2.84 , 14.18 ,
05/09/2022,6. Aug'22 to Oct'22,Q4 - 2022,Bank Charges,"Wise                  	ON 04 SEP BDC	", 45.00 , 7.50 , 37.50 ,
06/09/2022,6. Aug'22 to Oct'22,Q4 - 2022,Bank Charges,"CHARGES               COMMISSION FOR	PERIOD ", 8.50 ,, 8.50 ,
05/10/2022,6. Aug'22 to Oct'22,Q4 - 2022,Bank Charges,"CHARGES               COMMISSION FOR	PERIOD ", 8.50 ,, 8.50 ,
21/10/2022,6. Aug'22 to Oct'22,Q4 - 2022,BARCLAYCARD,"BARCLAYCARD           	ON 19 OCT BDC	"," 5,900.00 ",," 5,900.00 ",
29/09/2022,6. Aug'22 to Oct'22,Q4 - 2022,BARK.COM GLOBAL LIMITED,"BARK.COM              	ON 28 SEP BDC	", 177.84 , 29.64 , 148.20 ,
19/10/2022,6. Aug'22 to Oct'22,Q4 - 2022,BARK.COM GLOBAL LIMITED,"BARK.COM              	ON 18 OCT BDC	", 177.84 , 29.64 , 148.20 ,
21/09/2022,6. Aug'22 to Oct'22,Q4 - 2022,BARRATT SMITH BROW,"BARRATT SMITH BROW    	ON 20 SEP BDC	"," 1,260.66 ", 210.11 ," 1,050.55 ",
12/10/2022,6. Aug'22 to Oct'22,Q4 - 2022,BLUE BIRD HOUSING LTD,"BLUE BIRD HOUSING     	79 HOE STREET E17 BBP"," 1,458.33 ", 243.06 ," 1,215.28 ",
26/10/2022,6. Aug'22 to Oct'22,Q4 - 2022,BRIGHTWORK PRO LTD,"BRIGHTWORKPRO LTD     	REFURB BBP	"," 1,000.00 ",," 1,000.00 ",
31/10/2022,6. Aug'22 to Oct'22,Q4 - 2022,BRIGHTWORK PRO LTD,"BRIGHTWORKPRO LTD     	REFURB FT	"," 1,000.00 ", 166.67 , 833.33 ,
01/08/2022,6. Aug'22 to Oct'22,Q4 - 2022,BRITISH RED CROSS,"BRITISH RED CROSS     	AS8788335 DDR	", 10.00 , 1.67 , 8.33 ,
01/09/2022,6. Aug'22 to Oct'22,Q4 - 2022,BRITISH RED CROSS,"BRITISH RED CROSS     	AS8788335 DDR	", 10.00 , 1.67 , 8.33 ,
03/10/2022,6. Aug'22 to Oct'22,Q4 - 2022,BRITISH RED CROSS,"BRITISH RED CROSS     	AS8788335 DDR	", 10.00 , 1.67 , 8.33 ,
05/08/2022,6. Aug'22 to Oct'22,Q4 - 2022,BUY IT DIRECT,"BUY IT DIRECT         	ON 04 AUG BDC	", 42.00 , 7.00 , 35.00 ,
26/10/2022,6. Aug'22 to Oct'22,Q4 - 2022,C MAK SERVICES,"C MAK SERVICES        	AS PER INVOICE BBP	"," 4,000.00 ", 666.67 ," 3,333.33 ",
30/08/2022,6. Aug'22 to Oct'22,Q4 - 2022,CASTLE WATER LTD,"CASTLE WATER LTD      	TW6717224001 DDR	", 12.57 ,, 12.57 ,
28/09/2022,6. Aug'22 to Oct'22,Q4 - 2022,CASTLE WATER LTD,"CASTLE WATER LTD      	TW6717224001 DDR	", 12.57 ,, 12.57 ,
28/10/2022,6. Aug'22 to Oct'22,Q4 - 2022,CASTLE WATER LTD,"CASTLE WATER LTD      	TW6717224001 DDR	", 12.57 ,, 12.57 ,
12/10/2022,6. Aug'22 to Oct'22,Q4 - 2022,Circle Waste,"CIRCLE WASTE LTD      	ON 11 OCT BDC	", 414.00 ,, 414.00 ,
15/08/2022,6. Aug'22 to Oct'22,Q4 - 2022,CLOUDWAYSLTD,"CloudwaysLTD          MALTA	AMOUNT IN USD	13", 118.74 ,, 118.74 ,
13/09/2022,6. Aug'22 to Oct'22,Q4 - 2022,CLOUDWAYSLTD,"CloudwaysLTD          MALTA	AMOUNT IN USD	13", 123.84 ,, 123.84 ,
11/10/2022,6. Aug'22 to Oct'22,Q4 - 2022,CLOUDWAYSLTD,"CloudwaysLTD          MALTA	AMOUNT IN USD	13", 130.42 ,, 130.42 ,
26/08/2022,6. Aug'22 to Oct'22,Q4 - 2022,COINRULE LIMITED,"Coinrule Limited      AMOUNT IN USD	39.99	ON", 34.87 , 5.81 , 29.06 ,
26/09/2022,6. Aug'22 to Oct'22,Q4 - 2022,COINRULE LIMITED,"Coinrule Limited      AMOUNT IN USD	39.99	ON", 37.63 , 6.27 , 31.36 ,
26/10/2022,6. Aug'22 to Oct'22,Q4 - 2022,COINRULE LIMITED,"Coinrule Limited      AMOUNT IN USD	39.99	ON", 36.49 , 6.08 , 30.41 ,
08/08/2022,6. Aug'22 to Oct'22,Q4 - 2022,COMPANIESMADESIMPLE LIMITED,"COMPANIES MADE SIM    	ON 05 AUG BDC	", 71.99 , 12.00 , 59.99 ,
01/08/2022,6. Aug'22 to Oct'22,Q4 - 2022,COVENTRY.AC.UK,"WWW.COVENTRY.AC.UK    	ON 30 JUL BDC	"," 8,000.00 "," 1,333.33 "," 6,666.67 ",
31/10/2022,6. Aug'22 to Oct'22,Q4 - 2022,Credit Invoice - Supplier,," 150,000.00 "," 25,000.00 "," 125,000.00 ",
03/10/2022,6. Aug'22 to Oct'22,Q4 - 2022,CURRYS,"CURRYS ROMFORD        	ON 02 OCT BDC	", 149.00 , 24.83 , 124.17 ,
17/10/2022,6. Aug'22 to Oct'22,Q4 - 2022,CURRYS,"CURRYS ROMFORD        	ON 15 OCT BDC	", 166.98 , 27.83 , 139.15 ,
19/10/2022,6. Aug'22 to Oct'22,Q4 - 2022,CURRYS,"CURRYS ONLINE         	ON 18 OCT BDC	", 500.80 , 83.47 , 417.33 ,
13/10/2022,6. Aug'22 to Oct'22,Q4 - 2022,Delta Force Group Ltd ,"DELTA FORCE GROUP     	AS INVOICED FT	"," 12,798.00 "," 2,133.00 "," 10,665.00 ",
17/10/2022,6. Aug'22 to Oct'22,Q4 - 2022,Delta Force Group Ltd ,"DELTA FORCE GROUP     	AS INVOICED FT	"," 12,798.00 "," 2,133.00 "," 10,665.00 ",
17/10/2022,6. Aug'22 to Oct'22,Q4 - 2022,Delta Force Group Ltd ,"DELTA FORCE GROUP     	AS INVOICED FT	"," 17,550.96 "," 2,925.16 "," 14,625.80 ",
15/08/2022,6. Aug'22 to Oct'22,Q4 - 2022,Dropbox,"Dropbox               IRELAND	ON 13 AUG BDC	", 9.99 ,, 9.99 ,
14/09/2022,6. Aug'22 to Oct'22,Q4 - 2022,Dropbox,"Dropbox               IRELAND	ON 13 SEP BDC	", 9.99 ,, 9.99 ,
14/10/2022,6. Aug'22 to Oct'22,Q4 - 2022,Dropbox,"Dropbox               IRELAND	ON 13 OCT BDC	", 9.99 ,, 9.99 ,
03/10/2022,6. Aug'22 to Oct'22,Q4 - 2022,Dunelm Soft,"DUNELM (SOFT FURNI    	ON 02 OCT BDC	", 239.95 , 39.99 , 199.96 ,
07/10/2022,6. Aug'22 to Oct'22,Q4 - 2022,Dunelm Soft,"DUNELM (SOFT FURNI    	ON 06 OCT BDC	", 258.00 , 43.00 , 215.00 ,
10/10/2022,6. Aug'22 to Oct'22,Q4 - 2022,Dunelm Soft,"DUNELM (SOFT FURNI    	ON 07 OCT BDC	", 162.75 , 27.13 , 135.63 ,
24/08/2022,6. Aug'22 to Oct'22,Q4 - 2022,EE LIMITED,"EE LIMITED            	Q75528830349019204 DD", 116.45 , 19.41 , 97.04 ,
26/09/2022,6. Aug'22 to Oct'22,Q4 - 2022,EE LIMITED,"EE LIMITED            	Q75528830357159703 DD", 75.09 , 12.52 , 62.58 ,
24/10/2022,6. Aug'22 to Oct'22,Q4 - 2022,EE LIMITED,"EE LIMITED            	Q75528830365359023 DD", 58.67 , 9.78 , 48.89 ,
20/10/2022,6. Aug'22 to Oct'22,Q4 - 2022,EFFICIENTH,"PAYPAL *EFFICIENTH    	ON 18 OCT BDC	", 185.00 ,, 185.00 ,
14/09/2022,6. Aug'22 to Oct'22,Q4 - 2022,Envato AUSTRALIA,"Envato                AUSTRALIA	AMOUNT IN EU", 186.52 , 31.09 , 155.43 ,
05/09/2022,6. Aug'22 to Oct'22,Q4 - 2022,ESET.com UK,"ESET.com UK           	ON 02 SEP BDC	", 39.90 , 6.65 , 33.25 ,
12/09/2022,6. Aug'22 to Oct'22,Q4 - 2022,EZVIZ,"PAYPAL *EZVIZ INC     USA	ON 09 SEP BDC	", 74.99 , 12.50 , 62.49 ,
04/08/2022,6. Aug'22 to Oct'22,Q4 - 2022,FACEBOOK,"FACEBK FP9UCGXQY2     IRELAND	AMOUNT IN PKR	", 11.13 ,, 11.13 ,
15/08/2022,6. Aug'22 to Oct'22,Q4 - 2022,FACEBOOK,"FACEBK 79EZYG3RY2     IRELAND	AMOUNT IN PKR	", 118.41 ,, 118.41 ,
30/08/2022,6. Aug'22 to Oct'22,Q4 - 2022,FACEBOOK,"FACEBK NS74VHFRY2     IRELAND	AMOUNT IN PKR	", 24.38 ,, 24.38 ,
30/08/2022,6. Aug'22 to Oct'22,Q4 - 2022,FACEBOOK,"FACEBK Z9WLEHPQY2     IRELAND	AMOUNT IN PKR	", 119.24 ,, 119.24 ,
30/09/2022,6. Aug'22 to Oct'22,Q4 - 2022,FACEBOOK,"FACEBK 6UA7SJTQY2     IRELAND	AMOUNT IN PKR	", 140.06 ,, 140.06 ,
21/10/2022,6. Aug'22 to Oct'22,Q4 - 2022,FACEBOOK,"FACEBK WD5TWJKRY2     IRELAND	AMOUNT IN PKR	", 166.68 ,, 166.68 ,
31/10/2022,6. Aug'22 to Oct'22,Q4 - 2022,FACEBOOK,"FACEBK K4ZEXH7RY2     IRELAND	AMOUNT IN PKR	", 110.63 ,, 110.63 ,
30/09/2022,6. Aug'22 to Oct'22,Q4 - 2022,FENCEPIECE DENTAL,"FENCEPIECE DENTAL     	ON 29 SEP BDC	", 125.00 , 20.83 , 104.17 ,
12/09/2022,6. Aug'22 to Oct'22,Q4 - 2022,First Allied Facilities Ltd,"FIRST ALLIED FACIL    	AS INVOICED FT	"," 2,592.00 ", 432.00 ," 2,160.00 ",
28/09/2022,6. Aug'22 to Oct'22,Q4 - 2022,First Allied Facilities Ltd,"FIRST ALLIED FACIL    	AS INVOICED BBP	"," 2,664.00 ", 444.00 ," 2,220.00 ",
26/10/2022,6. Aug'22 to Oct'22,Q4 - 2022,First Allied Facilities Ltd,"FIRST ALLIED FACIL    	AS INVOICED BBP	"," 2,691.00 ", 448.50 ," 2,242.50 ",
31/10/2022,6. Aug'22 to Oct'22,Q4 - 2022,First Allied Facilities Ltd,"FIRST ALLIED FACIL    	AS INVOICED BBP	", 99.00 , 16.50 , 82.50 ,
08/08/2022,6. Aug'22 to Oct'22,Q4 - 2022,First4Freelancers Ltd,"FIRST4FREELANCERS     	GUARDIANFM FT	"," 50,000.00 "," 8,333.33 "," 41,666.67 ",
08/09/2022,6. Aug'22 to Oct'22,Q4 - 2022,First4Freelancers Ltd,"FIRST4FREELANCERS     	GUARDIANFM BBP	"," 50,000.00 "," 8,333.33 "," 41,666.67 ",
12/10/2022,6. Aug'22 to Oct'22,Q4 - 2022,FIVERR,"PAYPAL *FIVERR COM    ISRAEL	ON 10 OCT CPM	", 54.69 ,, 54.69 ,
31/08/2022,6. Aug'22 to Oct'22,Q4 - 2022,FORMATIONSCOMPANY,"FORMATIONSCOMPANY     	ON 30 AUG BDC	", 17.99 ,, 17.99 ,
03/10/2022,6. Aug'22 to Oct'22,Q4 - 2022,FORMATIONSCOMPANY,"FORMATIONSCOMPANY     	ON 30 SEP BDC	", 17.99 ,, 17.99 ,
06/10/2022,6. Aug'22 to Oct'22,Q4 - 2022,FORUM,"FORUM EVENTS + MED    	18195 BBP	"," 3,600.00 ", 600.00 ," 3,000.00 ",
03/10/2022,6. Aug'22 to Oct'22,Q4 - 2022,FREELANCER.COM,"FREELANCER.COM        	ON 26 SEP BDC	", 138.41 ,, 138.41 ,
23/08/2022,6. Aug'22 to Oct'22,Q4 - 2022,GETADDRESS.IO,"GETADDRESS.IO         	ON 22 AUG BDC	", 14.40 , 2.40 , 12.00 ,
23/09/2022,6. Aug'22 to Oct'22,Q4 - 2022,GETADDRESS.IO,"GETADDRESS.IO         	ON 22 SEP BDC	", 14.40 , 2.40 , 12.00 ,
24/10/2022,6. Aug'22 to Oct'22,Q4 - 2022,GETADDRESS.IO,"GETADDRESS.IO         	ON 22 OCT BDC	", 14.40 , 2.40 , 12.00 ,
08/08/2022,6. Aug'22 to Oct'22,Q4 - 2022,GODADDY,"DNH*GODADDY.COM PK    USA	AMOUNT IN PKR	899.", 3.43 ,, 3.43 ,
06/09/2022,6. Aug'22 to Oct'22,Q4 - 2022,GODADDY,"DNH*GODADDY.COM PK    USA	AMOUNT IN PKR	1319", 5.41 ,, 5.41 ,
06/10/2022,6. Aug'22 to Oct'22,Q4 - 2022,GODADDY,"DNH*GODADDY.COM PK    USA	AMOUNT IN PKR	1319", 5.40 ,, 5.40 ,
17/08/2022,6. Aug'22 to Oct'22,Q4 - 2022,GOOGLE,"PAYPAL *GOOGLE YOU    	ON 16 AUG BDC	", 11.99 ,, 11.99 ,
30/08/2022,6. Aug'22 to Oct'22,Q4 - 2022,GOOGLE,"GOOGLE *Google Sto    	ON 28 AUG BDC	", 1.59 ,, 1.59 ,
20/09/2022,6. Aug'22 to Oct'22,Q4 - 2022,GOOGLE,"PAYPAL *GOOGLE YOU    	ON 16 SEP BDC	", 11.99 ,, 11.99 ,
29/09/2022,6. Aug'22 to Oct'22,Q4 - 2022,GOOGLE,"GOOGLE *Google Sto    	ON 28 SEP BDC	", 1.59 ,, 1.59 ,
31/10/2022,6. Aug'22 to Oct'22,Q4 - 2022,GOOGLE,"GOOGLE *Google Sto    	ON 28 OCT BDC	", 1.59 ,, 1.59 ,
25/08/2022,6. Aug'22 to Oct'22,Q4 - 2022,GUARDS 24/7 LTD,"GUARDS 24/7 LTD       	AS INVOICED BBP	", 931.00 , 155.17 , 775.83 ,
31/10/2022,6. Aug'22 to Oct'22,Q4 - 2022,GUARDS 24/7 LTD,"GUARDS 24/7 LTD       	AS INVOICED BBP	"," 1,308.00 ", 218.00 ," 1,090.00 ",
14/10/2022,6. Aug'22 to Oct'22,Q4 - 2022,HANNAH JANE BRAD,"HANNAH JANE BRAD      	CLEANER CHARGES120 FT", 65.00 ,, 65.00 ,
12/10/2022,6. Aug'22 to Oct'22,Q4 - 2022,HOLIDAY INN,"HOLIDAY INN           	ON 11 OCT BDC	", 115.50 , 19.25 , 96.25 ,
06/10/2022,6. Aug'22 to Oct'22,Q4 - 2022,"HOUSEKEEP_2788569 	ON","HOUSEKEEP_2788569     	ON 05 OCT BDC	", 310.00 , 51.67 , 258.33 ,
10/10/2022,6. Aug'22 to Oct'22,Q4 - 2022,"HOUSEKEEP_2792465 	ON","HOUSEKEEP_2792465     	ON 07 OCT BDC	", 72.00 , 12.00 , 60.00 ,
24/10/2022,6. Aug'22 to Oct'22,Q4 - 2022,HRS ELECTRICAL,"HRS ELECTRICAL        	ON 22 OCT BDC	", 72.50 , 12.08 , 60.42 ,
03/10/2022,6. Aug'22 to Oct'22,Q4 - 2022,Impax Security Services Ltd,"IMPAX SECURITY SER    	AS INVOICED BBP	"," 4,500.00 ", 750.00 ," 3,750.00 ",
24/10/2022,6. Aug'22 to Oct'22,Q4 - 2022,Impax Security Services Ltd,"IMPAX SECURITY SER    	AS INVOICED BBP	"," 16,575.31 "," 2,762.55 "," 13,812.76 ",
02/08/2022,6. Aug'22 to Oct'22,Q4 - 2022,INTUIT LIMITED,"INTUIT LIMITED        	00017NGNU0O4Q-00RT DD", 7.20 , 1.20 , 6.00 ,
05/09/2022,6. Aug'22 to Oct'22,Q4 - 2022,INTUIT LIMITED,"INTUIT LIMITED        	00017NGNU0O4Q-00RT DD", 7.20 , 1.20 , 6.00 ,
03/10/2022,6. Aug'22 to Oct'22,Q4 - 2022,INTUIT LIMITED,"INTUIT LIMITED        	00017NGNU0O4Q-00RT DD", 7.20 , 1.20 , 6.00 ,
10/08/2022,6. Aug'22 to Oct'22,Q4 - 2022,IONOS CLOUD LIMITED,"1 AND 1 IONOS LTD     	ON 08 AUG BDC	", 2.40 , 0.40 , 2.00 ,
12/09/2022,6. Aug'22 to Oct'22,Q4 - 2022,IONOS CLOUD LIMITED,"1 AND 1 IONOS LTD     	ON 08 SEP BDC	", 2.40 , 0.40 , 2.00 ,
10/10/2022,6. Aug'22 to Oct'22,Q4 - 2022,IONOS CLOUD LIMITED,"1 AND 1 IONOS LTD     	ON 08 OCT BDC	", 2.40 , 0.40 , 2.00 ,
19/08/2022,6. Aug'22 to Oct'22,Q4 - 2022,IW GROUP SERVICES,"IW GROUP SERVICES     	ON 18 AUG BDC	", 100.44 , 16.74 , 83.70 ,
20/09/2022,6. Aug'22 to Oct'22,Q4 - 2022,IW GROUP SERVICES,"IW GROUP SERVICES     	ON 18 SEP BDC	", 100.44 , 16.74 , 83.70 ,
21/09/2022,6. Aug'22 to Oct'22,Q4 - 2022,IW GROUP SERVICES,"IW GROUP SERVICES     	ON 20 SEP BDC	", 316.08 , 52.68 , 263.40 ,
21/09/2022,6. Aug'22 to Oct'22,Q4 - 2022,IW GROUP SERVICES,"IW GROUP SERVICES     	ON 20 SEP BDC	", 186.00 , 31.00 , 155.00 ,
21/09/2022,6. Aug'22 to Oct'22,Q4 - 2022,IW GROUP SERVICES,"IW GROUP SERVICES     	ON 20 SEP BDC	", 186.00 , 31.00 , 155.00 ,
21/09/2022,6. Aug'22 to Oct'22,Q4 - 2022,IW GROUP SERVICES,"IW GROUP SERVICES     	ON 20 SEP BDC	", 108.32 , 18.05 , 90.27 ,
21/09/2022,6. Aug'22 to Oct'22,Q4 - 2022,IW GROUP SERVICES,"IW GROUP SERVICES     	ON 20 SEP BDC	", 94.30 , 15.72 , 78.58 ,
21/09/2022,6. Aug'22 to Oct'22,Q4 - 2022,IW GROUP SERVICES,"IW GROUP SERVICES     	ON 20 SEP BDC	", 74.76 , 12.46 , 62.30 ,
19/10/2022,6. Aug'22 to Oct'22,Q4 - 2022,IW GROUP SERVICES,"IW GROUP SERVICES     	ON 18 OCT BDC	", 162.00 , 27.00 , 135.00 ,
19/10/2022,6. Aug'22 to Oct'22,Q4 - 2022,IW GROUP SERVICES,"IW GROUP SERVICES     	ON 18 OCT BDC	", 162.00 , 27.00 , 135.00 ,
19/10/2022,6. Aug'22 to Oct'22,Q4 - 2022,IW GROUP SERVICES,"IW GROUP SERVICES     	ON 18 OCT BDC	", 133.20 , 22.20 , 111.00 ,
19/10/2022,6. Aug'22 to Oct'22,Q4 - 2022,IW GROUP SERVICES,"IW GROUP SERVICES     	ON 18 OCT BDC	", 100.44 , 16.74 , 83.70 ,
22/08/2022,6. Aug'22 to Oct'22,Q4 - 2022,K EBO T/A EBO CAFE,"K EBO T/A EBO CAFE    	INVOICE BBP	", 861.00 , 143.50 , 717.50 ,
05/08/2022,6. Aug'22 to Oct'22,Q4 - 2022,LAPTOPS,"LAPTOPS DIRECT        	ON 04 AUG BDC	", 429.96 , 71.66 , 358.30 ,
13/10/2022,6. Aug'22 to Oct'22,Q4 - 2022,LAS IGUANAS,"LAS IGUANAS           	ON 12 OCT CLP	", 52.75 ,, 52.75 ,
23/08/2022,6. Aug'22 to Oct'22,Q4 - 2022,LEARNDASH.COM,"LEARNDASH.COM         USA	AMOUNT IN USD	189.", 165.43 ,, 165.43 ,
06/09/2022,6. Aug'22 to Oct'22,Q4 - 2022,LEELA KUNALA,"LEELA KUNALA          	PAY GRP	"," 1,488.37 ",," 1,488.37 ",
26/09/2022,6. Aug'22 to Oct'22,Q4 - 2022,LEELA KUNALA,"LEELA KUNALA          	PAY GRP	"," 1,410.64 ",," 1,410.64 ",
12/09/2022,6. Aug'22 to Oct'22,Q4 - 2022,LIAM BROOKES,"LIAM BROOKES          	TRAINING FT	", 90.00 ,, 90.00 ,
22/09/2022,6. Aug'22 to Oct'22,Q4 - 2022,LIAM BROOKES,"LIAM BROOKES          	TRAINING FT	", 120.00 ,, 120.00 ,
21/10/2022,6. Aug'22 to Oct'22,Q4 - 2022,LIAM BROOKES,"LIAM BROOKES          	TRAINING FT	", 90.00 ,, 90.00 ,
06/09/2022,6. Aug'22 to Oct'22,Q4 - 2022,Liberty Charge,"Liberty Charge Lim    	ON 05 SEP BDC	", 8.57 ,, 8.57 ,
08/09/2022,6. Aug'22 to Oct'22,Q4 - 2022,Liberty Charge,"Liberty Charge Lim    	ON 07 SEP BDC	", 17.84 ,, 17.84 ,
08/08/2022,6. Aug'22 to Oct'22,Q4 - 2022,LINKEDIN LTD,"LINKEDIN-783*30079    IRELAND	ON 05 AUG BDC	", 69.98 ,, 69.98 ,
06/09/2022,6. Aug'22 to Oct'22,Q4 - 2022,LINKEDIN LTD,"LinkedIn 790492918    IRELAND	ON 05 SEP BDC	", 69.98 ,, 69.98 ,
06/10/2022,6. Aug'22 to Oct'22,Q4 - 2022,LINKEDIN LTD,"LinkedIn 832505229    IRELAND	ON 05 OCT BDC	", 69.98 ,, 69.98 ,
17/10/2022,6. Aug'22 to Oct'22,Q4 - 2022,LINKEDIN LTD,"LINKEDIN-835*66196    IRELAND	ON 14 OCT BDC	", 95.99 ,, 95.99 ,
10/10/2022,6. Aug'22 to Oct'22,Q4 - 2022,LONDON PLUMBING & HEATING SUPPLIES LIMITED,"LONDON PLUMBING AN    	ON 08 OCT CLP	", 75.00 , 12.50 , 62.50 ,
23/08/2022,6. Aug'22 to Oct'22,Q4 - 2022,LYCAMOBILE,"LYCAMOBILE UK LTD     	ON 21 AUG BDC	", 10.00 , 1.67 , 8.33 ,
25/08/2022,6. Aug'22 to Oct'22,Q4 - 2022,LYCAMOBILE,"LYCAMOBILE UK LTD     	ON 23 AUG BDC	", 15.00 , 2.50 , 12.50 ,
05/09/2022,6. Aug'22 to Oct'22,Q4 - 2022,LYCAMOBILE,"Lycamobile UK         	ON 02 SEP BDC	", 10.00 , 1.67 , 8.33 ,
22/09/2022,6. Aug'22 to Oct'22,Q4 - 2022,LYCAMOBILE,"LYCAMOBILE UK LTD     	ON 20 SEP BDC	", 10.00 , 1.67 , 8.33 ,
26/09/2022,6. Aug'22 to Oct'22,Q4 - 2022,LYCAMOBILE,"LYCAMOBILE UK LTD     	ON 22 SEP BDC	", 15.00 , 2.50 , 12.50 ,
21/10/2022,6. Aug'22 to Oct'22,Q4 - 2022,LYCAMOBILE,"Lycamobile UK         	ON 20 OCT BDC	", 10.00 , 1.67 , 8.33 ,
24/10/2022,6. Aug'22 to Oct'22,Q4 - 2022,LYCAMOBILE,"LYCAMOBILE            	ON 22 OCT BDC	", 15.00 , 2.50 , 12.50 ,
28/10/2022,6. Aug'22 to Oct'22,Q4 - 2022,MAXIM SOLICITORS,"MAXIM SOLICITORS L    	FLAT 14158 EARLE BBP	"," 19,246.44 "," 3,207.74 "," 16,038.70 ",
13/10/2022,6. Aug'22 to Oct'22,Q4 - 2022,MERCURE KENWOOD,"MERCURE KENWOOD HA    	ON 12 OCT BDC	", 98.10 ,, 98.10 ,
27/10/2022,6. Aug'22 to Oct'22,Q4 - 2022,MICROSOFT LIMITED,"PAYPAL *MICROSOFT     	ON 26 OCT BDC	", 10.99 ,, 10.99 ,
16/08/2022,6. Aug'22 to Oct'22,Q4 - 2022,MICROSOFT LIMITED,"MSFT * E0300JW0P7     	ON 16 AUG BDC	", 11.28 ,, 11.28 ,
16/09/2022,6. Aug'22 to Oct'22,Q4 - 2022,MICROSOFT LIMITED,"MSFT * E0300K9XPB     	ON 16 SEP BDC	", 11.28 ,, 11.28 ,
18/10/2022,6. Aug'22 to Oct'22,Q4 - 2022,MICROSOFT LIMITED,"MSFT * E0300KOD6V     	ON 18 OCT BDC	", 11.28 ,, 11.28 ,
05/08/2022,6. Aug'22 to Oct'22,Q4 - 2022,MMBA ACCOUNTANTS LIMITED,"GOCARDLESS            	TZACO-X8QDNZZVJHKS DD", 400.00 ,, 400.00 ,
05/09/2022,6. Aug'22 to Oct'22,Q4 - 2022,MMBA ACCOUNTANTS LIMITED,"GOCARDLESS            	TZACO-X8QDNZZVJHKS DD", 400.00 ,, 400.00 ,
05/10/2022,6. Aug'22 to Oct'22,Q4 - 2022,MMBA ACCOUNTANTS LIMITED,"GOCARDLESS            	TZACO-X8QDNZZVJHKS DD", 400.00 ,, 400.00 ,
12/08/2022,6. Aug'22 to Oct'22,Q4 - 2022,MOUNTPACE LTD,"MOUNT PACE            	79 HOE STREET STO	"," 1,458.33 ",," 1,458.33 ",
12/09/2022,6. Aug'22 to Oct'22,Q4 - 2022,MOUNTPACE LTD,"MOUNT PACE            	79 HOE STREET STO	"," 1,458.33 ",," 1,458.33 ",
31/10/2022,6. Aug'22 to Oct'22,Q4 - 2022,MR CHRISTOPHER JOH,"MR CHRISTOPHER JOH    	GROSVENOR HOUSE BBP	"," 1,750.00 ", 291.67 ," 1,458.33 ",
03/10/2022,6. Aug'22 to Oct'22,Q4 - 2022,Mughal Multiple Services Ltd ,"MUGHAL MULTIPLE SE    	INVOICE BBP	"," 1,506.00 ", 251.00 ," 1,255.00 ",
31/10/2022,6. Aug'22 to Oct'22,Q4 - 2022,NAME-CHEAP.COM,"NAME-CHEAP.COM* PE    USA	AMOUNT IN USD	14.8", 13.30 ,, 13.30 ,
25/08/2022,6. Aug'22 to Oct'22,Q4 - 2022,NPB SECURITY LTD,"NPB SECURITY LTD      	AS INVOICED BBP	"," 1,344.00 ", 224.00 ," 1,120.00 ",
28/09/2022,6. Aug'22 to Oct'22,Q4 - 2022,NPB SECURITY LTD,"NPB SECURITY LTD      	AS INVOICED BBP	"," 3,358.98 ", 559.83 ," 2,799.15 ",
26/10/2022,6. Aug'22 to Oct'22,Q4 - 2022,NPB SECURITY LTD,"NPB SECURITY LTD      	AS INVOICED BBP	"," 7,161.00 "," 1,193.50 "," 5,967.50 ",
31/10/2022,6. Aug'22 to Oct'22,Q4 - 2022,NPB SECURITY LTD,"NPB SECURITY LTD      	AS INVOICED BBP	"," 4,500.00 ", 750.00 ," 3,750.00 ",
04/08/2022,6. Aug'22 to Oct'22,Q4 - 2022,ONE CALL INSURANCE,"ONECALL*7661221-22    	ON 03 AUG BDC	", 33.12 ,, 33.12 ,
23/08/2022,6. Aug'22 to Oct'22,Q4 - 2022,ONE CALL INSURANCE,"ONE CALL INSURANCE    OCAS03336	FIRST DDR PA", 29.96 ,, 29.96 ,
23/09/2022,6. Aug'22 to Oct'22,Q4 - 2022,ONE CALL INSURANCE,"ONE CALL INSURANCE    	OCAS03336 DDR	", 29.94 ,, 29.94 ,
24/10/2022,6. Aug'22 to Oct'22,Q4 - 2022,ONE CALL INSURANCE,"ONE CALL INSURANCE    	OCAS03336 DDR	", 29.94 ,, 29.94 ,
22/08/2022,6. Aug'22 to Oct'22,Q4 - 2022,One.com,"One.com               SWEDEN	ON 19 AUG BDC	", 13.19 ,, 13.19 ,
28/09/2022,6. Aug'22 to Oct'22,Q4 - 2022,One.com,"One.com               SWEDEN	ON 27 SEP BDC	", 20.39 ,, 20.39 ,
06/10/2022,6. Aug'22 to Oct'22,Q4 - 2022,One.com,"One.com               SWEDEN	ON 05 OCT BDC	", 236.24 ,, 236.24 ,
17/10/2022,6. Aug'22 to Oct'22,Q4 - 2022,One.com,"One.com               SWEDEN	ON 14 OCT BDC	", 20.39 ,, 20.39 ,
27/10/2022,6. Aug'22 to Oct'22,Q4 - 2022,One.com,"One.com               SWEDEN	ON 26 OCT BDC	", 20.39 ,, 20.39 ,
30/08/2022,6. Aug'22 to Oct'22,Q4 - 2022,OPUS ENERGY LTD,"OPUS ENERGY LTD       	0890104 DDR	", 106.66 , 17.78 , 88.88 ,
29/09/2022,6. Aug'22 to Oct'22,Q4 - 2022,OPUS ENERGY LTD,"OPUS ENERGY LTD       	0890104 DDR	", 86.44 , 14.41 , 72.03 ,
31/10/2022,6. Aug'22 to Oct'22,Q4 - 2022,OPUS ENERGY LTD,"OPUS ENERGY LTD       	0890104 DDR	", 119.72 , 19.95 , 99.77 ,
26/08/2022,6. Aug'22 to Oct'22,Q4 - 2022,Peace UK Security Ltd ,"PEACE UK SECURITY     	INVOICE FT	"," 4,206.00 ", 701.00 ," 3,505.00 ",
23/09/2022,6. Aug'22 to Oct'22,Q4 - 2022,Peace UK Security Ltd ,"PEACE UK SECURITY     	INVOICE BBP	"," 13,536.93 "," 2,256.16 "," 11,280.78 ",
26/09/2022,6. Aug'22 to Oct'22,Q4 - 2022,Peace UK Security Ltd ,"PEACE UK SECURITY     	INVOICE FT	"," 13,536.93 "," 2,256.16 "," 11,280.78 ",
24/10/2022,6. Aug'22 to Oct'22,Q4 - 2022,Peace UK Security Ltd ,"PEACE UK SECURITY     	INVOICE BBP	"," 7,676.57 "," 1,279.43 "," 6,397.14 ",
22/08/2022,6. Aug'22 to Oct'22,Q4 - 2022,Principal Protection & Events Ltd,"ADVANTEDGE COMMERC    	GUAR001 BBP	"," 23,385.60 "," 3,897.60 "," 19,488.00 ",
30/08/2022,6. Aug'22 to Oct'22,Q4 - 2022,Principal Protection & Events Ltd,"ADVANTEDGE COMMERC    	GUAR001 BBP	"," 9,275.60 "," 1,545.93 "," 7,729.67 ",
03/10/2022,6. Aug'22 to Oct'22,Q4 - 2022,Principal Protection & Events Ltd,"ADVANTEDGE COMMERC    	14435/PPE BBP	"," 11,692.80 "," 1,948.80 "," 9,744.00 ",
31/10/2022,6. Aug'22 to Oct'22,Q4 - 2022,Principal Protection & Events Ltd,"ADVANTEDGE COMMERC    	14435/PPE BBP	"," 14,397.60 "," 2,399.60 "," 11,998.00 ",
04/08/2022,6. Aug'22 to Oct'22,Q4 - 2022,PROPERTYDATA,"PROPERTYDATA          	ON 03 AUG BDC	", 52.80 ,, 52.80 ,
05/09/2022,6. Aug'22 to Oct'22,Q4 - 2022,PROPERTYDATA,"PROPERTYDATA          	ON 03 SEP BDC	", 52.80 ,, 52.80 ,
04/10/2022,6. Aug'22 to Oct'22,Q4 - 2022,PROPERTYDATA,"PROPERTYDATA          	ON 03 OCT BDC	", 52.80 ,, 52.80 ,
18/08/2022,6. Aug'22 to Oct'22,Q4 - 2022,Prosec Solutions Ltd ,"PROSEC SOLUTIONS L    	INVOICE 0259 FT	"," 6,000.00 "," 1,000.00 "," 5,000.00 ",
21/09/2022,6. Aug'22 to Oct'22,Q4 - 2022,Prosec Solutions Ltd ,"PROSEC SOLUTIONS L    	INVOICE 0284 FT	"," 16,134.00 "," 2,689.00 "," 13,445.00 ",
26/09/2022,6. Aug'22 to Oct'22,Q4 - 2022,Prosec Solutions Ltd ,"PROSEC SOLUTIONS L    	INVOICE 0264 FT	"," 22,984.70 "," 3,830.78 "," 19,153.92 ",
26/10/2022,6. Aug'22 to Oct'22,Q4 - 2022,Prosec Solutions Ltd ,"PROSEC SOLUTIONS L    	AS INVOICED BBP	"," 25,302.00 "," 4,217.00 "," 21,085.00 ",
30/08/2022,6. Aug'22 to Oct'22,Q4 - 2022,QATARAIRWAYS,"7848#QATARAIRWAYS.    QATAR	AMOUNT IN QAR	19", 462.77 ,, 462.77 ,
12/09/2022,6. Aug'22 to Oct'22,Q4 - 2022,Red Apple Branding and Marketing Consultancy Ltd,"RED APPLE MARKETIN    	00967192BBL FT	", 950.00 , 158.33 , 791.67 ,
05/10/2022,6. Aug'22 to Oct'22,Q4 - 2022,Redbridge Council,"LONDONBOROOFREDBRI    	ON 04 OCT BDC	", 55.00 ,, 55.00 ,
05/09/2022,6. Aug'22 to Oct'22,Q4 - 2022,RKFM Ltd,"RK FM LTD             	AS INVOICED FT	"," 6,977.00 "," 1,162.83 "," 5,814.17 ",
28/09/2022,6. Aug'22 to Oct'22,Q4 - 2022,RKFM Ltd,"RK FM LTD             	AS INVOICED BBP	"," 10,308.29 "," 1,718.05 "," 8,590.24 ",
12/09/2022,6. Aug'22 to Oct'22,Q4 - 2022,Roxen Security Limited ,"ROXEN SECURITY LTD    	AS INVOICED FT	"," 4,500.00 ", 750.00 ," 3,750.00 ",
16/09/2022,6. Aug'22 to Oct'22,Q4 - 2022,Roxen Security Limited ,"ROXEN SECURITY LTD    	AS INVOICED FT	"," 2,780.75 ", 463.46 ," 2,317.29 ",
11/10/2022,6. Aug'22 to Oct'22,Q4 - 2022,Roxen Security Limited ,"ROXEN SECURITY LTD    	AS INVOICED FT	"," 22,915.25 "," 3,819.21 "," 19,096.04 ",
24/10/2022,6. Aug'22 to Oct'22,Q4 - 2022,Roxen Security Limited ,"ROXEN SECURITY LTD    	AS INVOICED BBP	"," 20,000.00 "," 3,333.33 "," 16,666.67 ",
15/08/2022,6. Aug'22 to Oct'22,Q4 - 2022,RR Security Services Ltd ,"RR SECURITY LIMITE    	AS INVOICED FT	"," 2,000.00 ", 333.33 ," 1,666.67 ",
16/08/2022,6. Aug'22 to Oct'22,Q4 - 2022,RR Security Services Ltd ,"RR SECURITY LIMITE    	INVOICE 245 FT	"," 3,000.00 ", 500.00 ," 2,500.00 ",
02/09/2022,6. Aug'22 to Oct'22,Q4 - 2022,RR Security Services Ltd ,"RR SECURITY LIMITE    	INVOICE 251 FT	"," 10,000.00 "," 1,666.67 "," 8,333.33 ",
05/09/2022,6. Aug'22 to Oct'22,Q4 - 2022,RR Security Services Ltd ,"RR SECURITY LIMITE    	AS INVOICED BBP	"," 10,000.00 "," 1,666.67 "," 8,333.33 ",
05/09/2022,6. Aug'22 to Oct'22,Q4 - 2022,RR Security Services Ltd ,"RR SECURITY LIMITE    	INVOICE 235 FT	"," 10,000.00 "," 1,666.67 "," 8,333.33 ",
05/09/2022,6. Aug'22 to Oct'22,Q4 - 2022,RR Security Services Ltd ,"RR SECURITY LIMITE    	INVOICE 265 BBP	"," 11,000.00 "," 1,833.33 "," 9,166.67 ",
22/08/2022,6. Aug'22 to Oct'22,Q4 - 2022,SANTANDER CONSUMER,"SANTANDER CONSUMER    	10021049636182 DDR	", 999.07 , 166.51 , 832.56 ,
22/09/2022,6. Aug'22 to Oct'22,Q4 - 2022,SANTANDER CONSUMER,"SANTANDER CONSUMER    	10021049636182 DDR	", 999.07 , 166.51 , 832.56 ,
24/10/2022,6. Aug'22 to Oct'22,Q4 - 2022,SANTANDER CONSUMER,"SANTANDER CONSUMER    	10021049636182 DDR	", 999.07 , 166.51 , 832.56 ,
10/10/2022,6. Aug'22 to Oct'22,Q4 - 2022,Screwfix Romford Gallo ROMFORD,"SCREWFIX DIR LTD      	ON 08 OCT BDC	", 23.86 , 3.98 , 19.88 ,
10/10/2022,6. Aug'22 to Oct'22,Q4 - 2022,Screwfix Romford Gallo ROMFORD,"SCREWFIX DIR LTD      	ON 08 OCT BDC	", 13.98 , 2.33 , 11.65 ,
31/10/2022,6. Aug'22 to Oct'22,Q4 - 2022,Screwfix Romford Gallo ROMFORD,"SCREWFIX ROMFORD G    	ON 30 OCT CLP	", 36.99 , 6.17 , 30.83 ,
25/08/2022,6. Aug'22 to Oct'22,Q4 - 2022,Secure FirstFM Ltd,"SECURE FIRST FM LT    	GUARDIAN FM / 71 BBP	"," 10,767.30 "," 1,794.55 "," 8,972.75 ",
28/09/2022,6. Aug'22 to Oct'22,Q4 - 2022,Secure FirstFM Ltd,"SECURE FIRST FM LT    	AS INVOICED BBP	"," 15,030.30 "," 2,505.05 "," 12,525.25 ",
24/10/2022,6. Aug'22 to Oct'22,Q4 - 2022,Secure FirstFM Ltd,"SECURE FIRST FM LT    	AS INVOICED BBP	"," 19,406.34 "," 3,234.39 "," 16,171.95 ",
20/10/2022,6. Aug'22 to Oct'22,Q4 - 2022,SECUREPAY.MBNA.CO.,"SECUREPAY.MBNA.CO.    	ON 19 OCT BDC	"," 6,500.00 "," 1,083.33 "," 5,416.67 ",
26/08/2022,6. Aug'22 to Oct'22,Q4 - 2022,SECURITY ZONE MIDLANDS LIMITED,"SECURITY ZONE MIDL    	INVOICE225 FT	"," 24,373.00 "," 4,062.17 "," 20,310.83 ",
30/08/2022,6. Aug'22 to Oct'22,Q4 - 2022,SECURITY ZONE MIDLANDS LIMITED,"SECURITY ZONE MIDL    	INVOICE239 BBP	"," 10,000.00 "," 1,666.67 "," 8,333.33 ",
03/10/2022,6. Aug'22 to Oct'22,Q4 - 2022,SECURITY ZONE MIDLANDS LIMITED,"SECURITY ZONE MIDL    	INVOICE BBP	"," 24,428.40 "," 4,071.40 "," 20,357.00 ",
24/10/2022,6. Aug'22 to Oct'22,Q4 - 2022,SECURITY ZONE MIDLANDS LIMITED,"SECURITY ZONE MIDL    	INVOICE BBP	"," 9,447.00 "," 1,574.50 "," 7,872.50 ",
26/10/2022,6. Aug'22 to Oct'22,Q4 - 2022,SECURITY ZONE MIDLANDS LIMITED,"SECURITY ZONE MIDL    	INVOICE BBP	"," 20,896.80 "," 3,482.80 "," 17,414.00 ",
15/08/2022,6. Aug'22 to Oct'22,Q4 - 2022,SHOPIFY,"SHOPIFY* 149275251    IRELAND	AMOUNT IN USD	", 24.63 ,, 24.63 ,
24/08/2022,6. Aug'22 to Oct'22,Q4 - 2022,SHOPIFY,"SHOPIFY* 150101328    IRELAND	AMOUNT IN USD	", 38.53 ,, 38.53 ,
14/09/2022,6. Aug'22 to Oct'22,Q4 - 2022,SHOPIFY,"SHOPIFY* 151966216    IRELAND	AMOUNT IN USD	", 25.93 ,, 25.93 ,
23/09/2022,6. Aug'22 to Oct'22,Q4 - 2022,SHOPIFY,"SHOPIFY* 152833015    IRELAND	AMOUNT IN USD	", 40.28 ,, 40.28 ,
14/10/2022,6. Aug'22 to Oct'22,Q4 - 2022,SHOPIFY,"SHOPIFY* 154796350    IRELAND	AMOUNT IN USD	", 26.89 ,, 26.89 ,
27/09/2022,6. Aug'22 to Oct'22,Q4 - 2022,SILVER LINE GRAPHICS LIMITED,"SILVER LINE GRAPHI    	3668 FT	", 66.00 ,, 66.00 ,
19/10/2022,6. Aug'22 to Oct'22,Q4 - 2022,SP DAALS.CO.UK,"SP DAALS.CO.UK        	ON 18 OCT BDC	", 299.96 , 49.99 , 249.97 ,
24/10/2022,6. Aug'22 to Oct'22,Q4 - 2022,THE LONDON CLEANER,"THE LONDON CLEANER    	IG74ND FT	", 65.00 , 10.83 , 54.17 ,
13/09/2022,6. Aug'22 to Oct'22,Q4 - 2022,TMT Security Ltd ,"TMT SECURITY SERVI    	AS INVOICED FT	"," 4,588.00 ", 764.67 ," 3,823.33 ",
28/09/2022,6. Aug'22 to Oct'22,Q4 - 2022,TMT Security Ltd ,"TMT SECURITY SERVI    	AS INVOICED BBP	"," 4,588.00 ", 764.67 ," 3,823.33 ",
17/10/2022,6. Aug'22 to Oct'22,Q4 - 2022,TMT Security Ltd ,"TMT SECURITY SERVI    	AS INVOICED FT	"," 7,224.00 "," 1,204.00 "," 6,020.00 ",
01/08/2022,6. Aug'22 to Oct'22,Q4 - 2022,VERISURE SERVICES,"VERISURE SERVICES     	G874BM9-207803 DDR	", 60.58 , 10.10 , 50.48 ,
01/09/2022,6. Aug'22 to Oct'22,Q4 - 2022,VERISURE SERVICES,"VERISURE SERVICES     	G874BM9-207803 DDR	", 60.58 , 10.10 , 50.48 ,
03/10/2022,6. Aug'22 to Oct'22,Q4 - 2022,VERISURE SERVICES,"VERISURE SERVICES     	G874BM9-207803 DDR	", 60.58 , 10.10 , 50.48 ,
20/10/2022,6. Aug'22 to Oct'22,Q4 - 2022,VERISURE SERVICES,"ZTL*VERISURE SERVI    	ON 19 OCT BDC	", 759.49 , 126.58 , 632.91 ,
05/08/2022,6. Aug'22 to Oct'22,Q4 - 2022,Wages,"BRIAN SMITH           	INVOICE 045 BBP	"," 3,185.00 ", 530.83 ," 2,654.17 ",
09/08/2022,6. Aug'22 to Oct'22,Q4 - 2022,Wages,"JAWARIA KHALID        	PAY BBP	"," 4,404.29 ",," 4,404.29 ",
10/08/2022,6. Aug'22 to Oct'22,Q4 - 2022,Wages,"ABDUL SHAIK           	PAY FT	", 622.50 ,, 622.50 ,
10/08/2022,6. Aug'22 to Oct'22,Q4 - 2022,Wages,"ADNAN HANIF           	PAY FT	", 400.00 ,, 400.00 ,
10/08/2022,6. Aug'22 to Oct'22,Q4 - 2022,Wages,"DR DILPREET BOLA      	PAY FT	", 342.00 ,, 342.00 ,
10/08/2022,6. Aug'22 to Oct'22,Q4 - 2022,Wages,"LUKE T S BUTCHER      	PAY FT	"," 1,695.75 ",," 1,695.75 ",
10/08/2022,6. Aug'22 to Oct'22,Q4 - 2022,Wages,"MIRZA SARFARAZ UDD    	PAY FT	", 570.00 ,, 570.00 ,
10/08/2022,6. Aug'22 to Oct'22,Q4 - 2022,Wages,"MR COLIN A JONES      	PAY FT	", 256.50 ,, 256.50 ,
10/08/2022,6. Aug'22 to Oct'22,Q4 - 2022,Wages,"MR CRAIG HAWKINS      	PAY FT	", 608.00 ,, 608.00 ,
10/08/2022,6. Aug'22 to Oct'22,Q4 - 2022,Wages,"MUHAMMAD HAMZA MUN    	PAY FT	", 560.00 ,, 560.00 ,
10/08/2022,6. Aug'22 to Oct'22,Q4 - 2022,Wages,"MUHAMMAD ZEESHAN      	PAY FT	"," 1,500.00 ",," 1,500.00 ",
10/08/2022,6. Aug'22 to Oct'22,Q4 - 2022,Wages,"PUNEET KUMAR          	PAY FT	", 114.00 ,, 114.00 ,
10/08/2022,6. Aug'22 to Oct'22,Q4 - 2022,Wages,"SAI PRASANNA RAO M    	PAY FT	", 242.25 ,, 242.25 ,
10/08/2022,6. Aug'22 to Oct'22,Q4 - 2022,Wages,"SUMANTH MOPARTHI      	PAY FT	", 152.00 ,, 152.00 ,
10/08/2022,6. Aug'22 to Oct'22,Q4 - 2022,Wages,"WAQAS AHMAD           	PAY FT	", 427.50 ,, 427.50 ,
11/08/2022,6. Aug'22 to Oct'22,Q4 - 2022,Wages,"JAWARIA KHALID        	PAY FT	", 148.90 ,, 148.90 ,
15/08/2022,6. Aug'22 to Oct'22,Q4 - 2022,Wages,"KALEEM AHTESHAM       	PAY FT	", 480.00 ,, 480.00 ,
15/08/2022,6. Aug'22 to Oct'22,Q4 - 2022,Wages,"SAMUEL ADESANYA       	PAY FT	", 228.00 ,, 228.00 ,
15/08/2022,6. Aug'22 to Oct'22,Q4 - 2022,Wages,"UMME SANA             	PAY FT	", 816.50 ,, 816.50 ,
22/08/2022,6. Aug'22 to Oct'22,Q4 - 2022,Wages,"MUHAMMAD ZEESHAN      	PAY FT	", 696.00 ,, 696.00 ,
30/08/2022,6. Aug'22 to Oct'22,Q4 - 2022,Wages,"HANA OSMAN MOHAMED    	PAY FT	"," 1,183.04 ",," 1,183.04 ",
31/08/2022,6. Aug'22 to Oct'22,Q4 - 2022,Wages,"LUKE WALKER           	INVOICE FT	"," 2,673.00 ",," 2,673.00 ",
05/09/2022,6. Aug'22 to Oct'22,Q4 - 2022,Wages,"BRIAN SMITH           	INVOICE 050 BBP	"," 22,059.32 "," 3,676.55 "," 18,382.77 ",
05/09/2022,6. Aug'22 to Oct'22,Q4 - 2022,Wages,"A KHAN                	PAY GRP	"," 1,488.37 ",," 1,488.37 ",
05/09/2022,6. Aug'22 to Oct'22,Q4 - 2022,Wages,"ABDUL HAFEEZ MOHAM    	PAY GRP	"," 1,022.00 ",," 1,022.00 ",
05/09/2022,6. Aug'22 to Oct'22,Q4 - 2022,Wages,"ABDUL MOHAMMED        	PAY GRP	"," 1,294.05 ",," 1,294.05 ",
05/09/2022,6. Aug'22 to Oct'22,Q4 - 2022,Wages,"ABDUL MOHAMMED        	PAY GRP	"," 1,177.46 ",," 1,177.46 ",
05/09/2022,6. Aug'22 to Oct'22,Q4 - 2022,Wages,"ABDUL QADEER KHAN     	PAY GRP	", 537.60 ,, 537.60 ,
05/09/2022,6. Aug'22 to Oct'22,Q4 - 2022,Wages,"ABDUL SATTAR SYED     	PAY GRP	", 940.80 ,, 940.80 ,
05/09/2022,6. Aug'22 to Oct'22,Q4 - 2022,Wages,"ABDULLAH ABDULLAH     	PAY GRP	"," 1,138.59 ",," 1,138.59 ",
05/09/2022,6. Aug'22 to Oct'22,Q4 - 2022,Wages,"ABDUS SALAM           	PAY GRP	"," 1,022.00 ",," 1,022.00 ",
05/09/2022,6. Aug'22 to Oct'22,Q4 - 2022,Wages,"AFTAB AHMAD           	PAY GRP	"," 1,488.37 ",," 1,488.37 ",
05/09/2022,6. Aug'22 to Oct'22,Q4 - 2022,Wages,"AITHUR SAI RAJA       	PAY GRP	"," 1,488.37 ",," 1,488.37 ",
05/09/2022,6. Aug'22 to Oct'22,Q4 - 2022,Wages,"AKHIL KUMAR GANGAM    	PAY GRP	"," 1,138.59 ",," 1,138.59 ",
05/09/2022,6. Aug'22 to Oct'22,Q4 - 2022,Wages,"AKHILA KUNTIMEKALA    	PAY GRP	"," 1,138.59 ",," 1,138.59 ",
05/09/2022,6. Aug'22 to Oct'22,Q4 - 2022,Wages,"ALAMZEB HAMID         	PAY GRP	"," 1,488.37 ",," 1,488.37 ",
05/09/2022,6. Aug'22 to Oct'22,Q4 - 2022,Wages,"ALI NAWAZ             	PAY GRP	", 268.80 ,, 268.80 ,
05/09/2022,6. Aug'22 to Oct'22,Q4 - 2022,Wages,"ALTHAF MOHAMMAD       	PAY GRP	"," 1,138.59 ",," 1,138.59 ",
05/09/2022,6. Aug'22 to Oct'22,Q4 - 2022,Wages,"AZAM MIRZA            	PAY GRP	", 672.00 ,, 672.00 ,
05/09/2022,6. Aug'22 to Oct'22,Q4 - 2022,Wages,"HAFIZ TANZEEL UR R    	PAY GRP	"," 1,488.37 ",," 1,488.37 ",
05/09/2022,6. Aug'22 to Oct'22,Q4 - 2022,Wages,"HAMZA MAQBOOL         	PAY GRP	", 358.40 ,, 358.40 ,
05/09/2022,6. Aug'22 to Oct'22,Q4 - 2022,Wages,"HARSHA VARDHAN RED    	PAY GRP	"," 1,488.37 ",," 1,488.37 ",
05/09/2022,6. Aug'22 to Oct'22,Q4 - 2022,Wages,"HIMAPRIYA GOTTUMUK    	PAY GRP	"," 1,022.00 ",," 1,022.00 ",
05/09/2022,6. Aug'22 to Oct'22,Q4 - 2022,Wages,"IHTESHAM ULLAH        	PAY GRP	"," 1,488.37 ",," 1,488.37 ",
05/09/2022,6. Aug'22 to Oct'22,Q4 - 2022,Wages,"IMRAN MOHAMMED        	PAY GRP	", 672.00 ,, 672.00 ,
05/09/2022,6. Aug'22 to Oct'22,Q4 - 2022,Wages,"JALEEL PASHA MOHAM    	PAY GRP	"," 1,371.49 ",," 1,371.49 ",
05/09/2022,6. Aug'22 to Oct'22,Q4 - 2022,Wages,"KELASH SINGH RAJPU    	PAY GRP	"," 1,488.37 ",," 1,488.37 ",
05/09/2022,6. Aug'22 to Oct'22,Q4 - 2022,Wages,"MALLESH OGURTHA       	PAY GRP	"," 1,059.22 ",," 1,059.22 ",
05/09/2022,6. Aug'22 to Oct'22,Q4 - 2022,Wages,"MANASAPURNASAI YAL    	PAY GRP	"," 1,138.59 ",," 1,138.59 ",
05/09/2022,6. Aug'22 to Oct'22,Q4 - 2022,Wages,"MANOHAR R DILLI       	PAY GRP	"," 1,371.78 ",," 1,371.78 ",
05/09/2022,6. Aug'22 to Oct'22,Q4 - 2022,Wages,"MANSOOR KHAN          	PAY GRP	"," 1,255.18 ",," 1,255.18 ",
05/09/2022,6. Aug'22 to Oct'22,Q4 - 2022,Wages,"MASTAN VALLI GURRA    	PAY GRP	"," 1,488.37 ",," 1,488.37 ",
05/09/2022,6. Aug'22 to Oct'22,Q4 - 2022,Wages,"MEHTAB HUSSAIN        	PAY GRP	", 89.60 ,, 89.60 ,
05/09/2022,6. Aug'22 to Oct'22,Q4 - 2022,Wages,"MIR MURTAZA ALI KH    	PAY GRP	", 888.00 ,, 888.00 ,
05/09/2022,6. Aug'22 to Oct'22,Q4 - 2022,Wages,"MIRZA BAIG            	PAY GRP	", 134.40 ,, 134.40 ,
05/09/2022,6. Aug'22 to Oct'22,Q4 - 2022,Wages,"MOHAMMAD KALIM        	PAY GRP	"," 1,022.00 ",," 1,022.00 ",
05/09/2022,6. Aug'22 to Oct'22,Q4 - 2022,Wages,"MOHAMMED ABDUL KAR    	PAY GRP	"," 1,313.48 ",," 1,313.48 ",
05/09/2022,6. Aug'22 to Oct'22,Q4 - 2022,Wages,"MOHAMMED AMER KHAN    	PAY GRP	"," 1,255.18 ",," 1,255.18 ",
05/09/2022,6. Aug'22 to Oct'22,Q4 - 2022,Wages,"MOHAMMED IRFAN ALI    	PAY GRP	", 864.00 ,, 864.00 ,
05/09/2022,6. Aug'22 to Oct'22,Q4 - 2022,Wages,"MOHAMMED IRFAN ALI    	PAY GRP	", 0.10 ,, 0.10 ,
05/09/2022,6. Aug'22 to Oct'22,Q4 - 2022,Wages,"MOHAMMED ISAQ WAHE    	PAY GRP	", 403.20 ,, 403.20 ,
05/09/2022,6. Aug'22 to Oct'22,Q4 - 2022,Wages,"MOHAMMED SHAZLI       	PAY GRP	"," 1,371.78 ",," 1,371.78 ",
05/09/2022,6. Aug'22 to Oct'22,Q4 - 2022,Wages,"MOHAN KUMAR VUYYUR    	PAY GRP	"," 1,255.18 ",," 1,255.18 ",
05/09/2022,6. Aug'22 to Oct'22,Q4 - 2022,Wages,"MOHANA SRI GOWRI A    	PAY GRP	"," 1,255.18 ",," 1,255.18 ",
05/09/2022,6. Aug'22 to Oct'22,Q4 - 2022,Wages,"MOHD SAIF M MITHAW    	PAY GRP	"," 1,255.18 ",," 1,255.18 ",
05/09/2022,6. Aug'22 to Oct'22,Q4 - 2022,Wages,"MOHSIN SAJID          	PAY GRP	", 627.20 ,, 627.20 ,
05/09/2022,6. Aug'22 to Oct'22,Q4 - 2022,Wages,"MR MAJID SHAIK        	PAY GRP	", 0.10 ,, 0.10 ,
05/09/2022,6. Aug'22 to Oct'22,Q4 - 2022,Wages,"MR PATHAN PATHAN U    	PAY GRP	"," 1,488.37 ",," 1,488.37 ",
05/09/2022,6. Aug'22 to Oct'22,Q4 - 2022,Wages,"MR RAHUL SARSAN       	PAY GRP	"," 1,371.49 ",," 1,371.49 ",
05/09/2022,6. Aug'22 to Oct'22,Q4 - 2022,Wages,"MR S P CHAMBETI       	PAY GRP	"," 1,488.37 ",," 1,488.37 ",
05/09/2022,6. Aug'22 to Oct'22,Q4 - 2022,Wages,"MR SAI TEJA NIMMAN    	PAY GRP	"," 1,371.49 ",," 1,371.49 ",
05/09/2022,6. Aug'22 to Oct'22,Q4 - 2022,Wages,"MRUTHUMJAYA MUNNAN    	PAY GRP	"," 1,371.49 ",," 1,371.49 ",
05/09/2022,6. Aug'22 to Oct'22,Q4 - 2022,Wages,"MUHAMMAD A SOHAIL     	PAY GRP	"," 1,138.59 ",," 1,138.59 ",
05/09/2022,6. Aug'22 to Oct'22,Q4 - 2022,Wages,"MUHAMMAD AMMAR HAI    	PAY GRP	", 358.40 ,, 358.40 ,
05/09/2022,6. Aug'22 to Oct'22,Q4 - 2022,Wages,"MUHAMMAD ARSLAN SA    	PAY GRP	"," 1,294.05 ",," 1,294.05 ",
05/09/2022,6. Aug'22 to Oct'22,Q4 - 2022,Wages,"MUHAMMAD BILAL        	PAY GRP	"," 1,488.37 ",," 1,488.37 ",
05/09/2022,6. Aug'22 to Oct'22,Q4 - 2022,Wages,"MUHAMMAD DURAB        	PAY GRP	"," 1,371.78 ",," 1,371.78 ",
05/09/2022,6. Aug'22 to Oct'22,Q4 - 2022,Wages,"MUHAMMAD FAHEEM       	PAY GRP	"," 1,138.59 ",," 1,138.59 ",
05/09/2022,6. Aug'22 to Oct'22,Q4 - 2022,Wages,"MUHAMMAD FARID        	PAY GRP	"," 1,488.37 ",," 1,488.37 ",
05/09/2022,6. Aug'22 to Oct'22,Q4 - 2022,Wages,"MUHAMMAD H N MIRZA    	PAY GRP	", 940.80 ,, 940.80 ,
05/09/2022,6. Aug'22 to Oct'22,Q4 - 2022,Wages,"MUHAMMAD ISMAIL       	PAY GRP	"," 1,488.37 ",," 1,488.37 ",
05/09/2022,6. Aug'22 to Oct'22,Q4 - 2022,Wages,"MUHAMMAD KALEEM       	PAY GRP	"," 1,114.30 ",," 1,114.30 ",
05/09/2022,6. Aug'22 to Oct'22,Q4 - 2022,Wages,"MUHAMMAD KASHIF       	PAY GRP	"," 1,138.59 ",," 1,138.59 ",
05/09/2022,6. Aug'22 to Oct'22,Q4 - 2022,Wages,"MUHAMMAD KASHIF NI    	PAY GRP	"," 1,022.00 ",," 1,022.00 ",
05/09/2022,6. Aug'22 to Oct'22,Q4 - 2022,Wages,"MUHAMMAD MALOOK       	PAY GRP	"," 1,022.00 ",," 1,022.00 ",
05/09/2022,6. Aug'22 to Oct'22,Q4 - 2022,Wages,"MUHAMMAD RAHEEL AB    	PAY GRP	"," 1,138.59 ",," 1,138.59 ",
05/09/2022,6. Aug'22 to Oct'22,Q4 - 2022,Wages,"MUHAMMAD SHOAIB       	PAY GRP	"," 1,488.37 ",," 1,488.37 ",
05/09/2022,6. Aug'22 to Oct'22,Q4 - 2022,Wages,"MUHAMMAD YASIR        	PAY GRP	", 800.00 ,, 800.00 ,
05/09/2022,6. Aug'22 to Oct'22,Q4 - 2022,Wages,"MUHAMMAD YASIR        	PAY GRP	", 0.10 ,, 0.10 ,
05/09/2022,6. Aug'22 to Oct'22,Q4 - 2022,Wages,"NAGA CHAITANYA RED    	PAY GRP	"," 1,138.59 ",," 1,138.59 ",
05/09/2022,6. Aug'22 to Oct'22,Q4 - 2022,Wages,"NARESH DANTHALA       	PAY GRP	"," 1,138.59 ",," 1,138.59 ",
05/09/2022,6. Aug'22 to Oct'22,Q4 - 2022,Wages,"NASEER UDDIN SYED     	PAY GRP	"," 1,410.64 ",," 1,410.64 ",
05/09/2022,6. Aug'22 to Oct'22,Q4 - 2022,Wages,"NAWAB SHAREEF MOHA    	PAY GRP	"," 1,255.18 ",," 1,255.18 ",
05/09/2022,6. Aug'22 to Oct'22,Q4 - 2022,Wages,"NIKHIL VASA           	PAY GRP	"," 1,284.33 ",," 1,284.33 ",
05/09/2022,6. Aug'22 to Oct'22,Q4 - 2022,Wages,"NIKHITHA KALASHIKA    	PAY GRP	"," 1,299.69 ",," 1,299.69 ",
05/09/2022,6. Aug'22 to Oct'22,Q4 - 2022,Wages,"NIRISHA DEVI VANAC    	PAY GRP	"," 1,138.59 ",," 1,138.59 ",
05/09/2022,6. Aug'22 to Oct'22,Q4 - 2022,Wages,"NIROSHA RAMAVATH      	PAY GRP	", 0.10 ,, 0.10 ,
05/09/2022,6. Aug'22 to Oct'22,Q4 - 2022,Wages,"OMAIR AHMED MOHAMM    	PAY GRP	", 672.00 ,, 672.00 ,
05/09/2022,6. Aug'22 to Oct'22,Q4 - 2022,Wages,"OMER HAYAT            	PAY GRP	"," 1,488.37 ",," 1,488.37 ",
05/09/2022,6. Aug'22 to Oct'22,Q4 - 2022,Wages,"OSIM SHAIK            	PAY GRP	"," 1,022.00 ",," 1,022.00 ",
05/09/2022,6. Aug'22 to Oct'22,Q4 - 2022,Wages,"PAVAN KUMAR GANGA     	PAY GRP	"," 1,022.00 ",," 1,022.00 ",
05/09/2022,6. Aug'22 to Oct'22,Q4 - 2022,Wages,"PAVAN KUMAR GUNAKA    	PAY GRP	"," 1,255.18 ",," 1,255.18 ",
05/09/2022,6. Aug'22 to Oct'22,Q4 - 2022,Wages,"PAVAN KUMAR PERAMC    	PAY GRP	"," 1,488.37 ",," 1,488.37 ",
05/09/2022,6. Aug'22 to Oct'22,Q4 - 2022,Wages,"POOJA RANI            	PAY GRP	"," 1,488.37 ",," 1,488.37 ",
05/09/2022,6. Aug'22 to Oct'22,Q4 - 2022,Wages,"PRATHYUSHA REDDY      	PAY GRP	", 268.80 ,, 268.80 ,
05/09/2022,6. Aug'22 to Oct'22,Q4 - 2022,Wages,"RAHMAN ULLAH          	PAY GRP	"," 1,488.37 ",," 1,488.37 ",
05/09/2022,6. Aug'22 to Oct'22,Q4 - 2022,Wages,"RAJ MUHAMMAD          	PAY GRP	", 403.20 ,, 403.20 ,
05/09/2022,6. Aug'22 to Oct'22,Q4 - 2022,Wages,"RAJASHEKAR REDDY N    	PAY GRP	", 627.20 ,, 627.20 ,
05/09/2022,6. Aug'22 to Oct'22,Q4 - 2022,Wages,"RAVIKUMAR KASULA      	PAY GRP	"," 1,371.78 ",," 1,371.78 ",
05/09/2022,6. Aug'22 to Oct'22,Q4 - 2022,Wages,"REHAN MASOOD ABBAS    	PAY GRP	"," 1,138.59 ",," 1,138.59 ",
05/09/2022,6. Aug'22 to Oct'22,Q4 - 2022,Wages,"REVANTH POTLURI       	PAY GRP	"," 1,138.59 ",," 1,138.59 ",
05/09/2022,6. Aug'22 to Oct'22,Q4 - 2022,Wages,"REVANTH REDDY CHUN    	PAY GRP	"," 1,371.78 ",," 1,371.78 ",
05/09/2022,6. Aug'22 to Oct'22,Q4 - 2022,Wages,"RITHISH MACHARLA      	PAY GRP	", 403.20 ,, 403.20 ,
05/09/2022,6. Aug'22 to Oct'22,Q4 - 2022,Wages,"SAAD ASHRAF           	PAY GRP	"," 1,488.37 ",," 1,488.37 ",
05/09/2022,6. Aug'22 to Oct'22,Q4 - 2022,Wages,"SABOOD MUNIR          	PAY GRP	"," 1,138.59 ",," 1,138.59 ",
05/09/2022,6. Aug'22 to Oct'22,Q4 - 2022,Wages,"SAFDAR SALEEM         	PAY GRP	"," 1,464.08 ",," 1,464.08 ",
05/09/2022,6. Aug'22 to Oct'22,Q4 - 2022,Wages,"SARA ASMAT            	PAY GRP	", 0.10 ,, 0.10 ,
05/09/2022,6. Aug'22 to Oct'22,Q4 - 2022,Wages,"SATYANARAYANA PATI    	PAY GRP	", 492.80 ,, 492.80 ,
05/09/2022,6. Aug'22 to Oct'22,Q4 - 2022,Wages,"SHAFEE KHAN MOHAMM    	PAY GRP	"," 1,177.46 ",," 1,177.46 ",
05/09/2022,6. Aug'22 to Oct'22,Q4 - 2022,Wages,"SHAHEER IHSAN         	PAY GRP	", 806.40 ,, 806.40 ,
05/09/2022,6. Aug'22 to Oct'22,Q4 - 2022,Wages,"SHAHZAD HAIDER        	PAY GRP	", 0.10 ,, 0.10 ,
05/09/2022,6. Aug'22 to Oct'22,Q4 - 2022,Wages,"SHAHZAD NOOR          	PAY GRP	", 0.10 ,, 0.10 ,
05/09/2022,6. Aug'22 to Oct'22,Q4 - 2022,Wages,"SHAHZAIB SHAKEEL      	PAY GRP	", 0.10 ,, 0.10 ,
05/09/2022,6. Aug'22 to Oct'22,Q4 - 2022,Wages,"SHAHZEB KHAN          	PAY GRP	", 0.10 ,, 0.10 ,
05/09/2022,6. Aug'22 to Oct'22,Q4 - 2022,Wages,"SHAIK DAWOOD IBRAH    	PAY GRP	", 0.10 ,, 0.10 ,
05/09/2022,6. Aug'22 to Oct'22,Q4 - 2022,Wages,"SYED GHALIB           	PAY GRP	", 0.10 ,, 0.10 ,
05/09/2022,6. Aug'22 to Oct'22,Q4 - 2022,Wages,"SYED IQBAL HUSSAIN    	PAY GRP	", 0.10 ,, 0.10 ,
05/09/2022,6. Aug'22 to Oct'22,Q4 - 2022,Wages,"SYED NASEER SHAH      	PAY GRP	", 89.60 ,, 89.60 ,
05/09/2022,6. Aug'22 to Oct'22,Q4 - 2022,Wages,"THANVEER FATIMA       	PAY GRP	", 806.40 ,, 806.40 ,
05/09/2022,6. Aug'22 to Oct'22,Q4 - 2022,Wages,"VENKATESH POTHAKAM    	PAY GRP	", 492.80 ,, 492.80 ,
05/09/2022,6. Aug'22 to Oct'22,Q4 - 2022,Wages,"WAHED MOHAMMED NOM    	PAY GRP	", 940.80 ,, 940.80 ,
05/09/2022,6. Aug'22 to Oct'22,Q4 - 2022,Wages,"YUVARAJ BANOTH        	PAY GRP	", 806.40 ,, 806.40 ,
05/09/2022,6. Aug'22 to Oct'22,Q4 - 2022,Wages,"YUVARAJ BANOTH        	PAY GRP	", 0.10 ,, 0.10 ,
06/09/2022,6. Aug'22 to Oct'22,Q4 - 2022,Wages,"ABDUL AFROZ MOHAMM    	PAY GRP	"," 1,138.59 ",," 1,138.59 ",
06/09/2022,6. Aug'22 to Oct'22,Q4 - 2022,Wages,"ABDUL HYDER MOHAMM    	PAY GRP	"," 1,488.37 ",," 1,488.37 ",
06/09/2022,6. Aug'22 to Oct'22,Q4 - 2022,Wages,"AHMED YASER           	PAY GRP	"," 1,022.00 ",," 1,022.00 ",
06/09/2022,6. Aug'22 to Oct'22,Q4 - 2022,Wages,"AMAIR MOHAMED         	PAY GRP	"," 1,371.78 ",," 1,371.78 ",
06/09/2022,6. Aug'22 to Oct'22,Q4 - 2022,Wages,"AMANI KASULA          	PAY GRP	"," 1,371.78 ",," 1,371.78 ",
06/09/2022,6. Aug'22 to Oct'22,Q4 - 2022,Wages,"AMER SHAIK            	PAY GRP	"," 1,488.37 ",," 1,488.37 ",
06/09/2022,6. Aug'22 to Oct'22,Q4 - 2022,Wages,"ARBAZ KHAN            	PAY GRP	"," 1,255.18 ",," 1,255.18 ",
06/09/2022,6. Aug'22 to Oct'22,Q4 - 2022,Wages,"ASAD NADEEM           	PAY GRP	"," 1,371.78 ",," 1,371.78 ",
06/09/2022,6. Aug'22 to Oct'22,Q4 - 2022,Wages,"ASAD ULLAH            	PAY GRP	", 896.00 ,, 896.00 ,
06/09/2022,6. Aug'22 to Oct'22,Q4 - 2022,Wages,"ASHWIN SAI BHEEMAN    	PAY GRP	", 896.00 ,, 896.00 ,
06/09/2022,6. Aug'22 to Oct'22,Q4 - 2022,Wages,"ASIF ZADA             	PAY GRP	"," 1,488.37 ",," 1,488.37 ",
06/09/2022,6. Aug'22 to Oct'22,Q4 - 2022,Wages,"AVINASH GANGURU       	PAY GRP	"," 1,138.59 ",," 1,138.59 ",
06/09/2022,6. Aug'22 to Oct'22,Q4 - 2022,Wages,"AWAIS UR RAHMAN       	PAY GRP	"," 1,488.37 ",," 1,488.37 ",
06/09/2022,6. Aug'22 to Oct'22,Q4 - 2022,Wages,"AYESHA JABEEN         	PAY GRP	"," 1,415.40 ",," 1,415.40 ",
06/09/2022,6. Aug'22 to Oct'22,Q4 - 2022,Wages,"AYESHA TARANNUM       	PAY GRP	"," 1,371.78 ",," 1,371.78 ",
06/09/2022,6. Aug'22 to Oct'22,Q4 - 2022,Wages,"BALA SRINIVAS ANCH    	PAY GRP	"," 1,488.37 ",," 1,488.37 ",
06/09/2022,6. Aug'22 to Oct'22,Q4 - 2022,Wages,"BASIT NAZIR           	PAY GRP	", 896.00 ,, 896.00 ,
06/09/2022,6. Aug'22 to Oct'22,Q4 - 2022,Wages,"BHARATHI BATTULA      	PAY GRP	"," 1,051.15 ",," 1,051.15 ",
06/09/2022,6. Aug'22 to Oct'22,Q4 - 2022,Wages,"BHASKAR KAKUMANU      	PAY GRP	"," 1,371.49 ",," 1,371.49 ",
06/09/2022,6. Aug'22 to Oct'22,Q4 - 2022,Wages,"BILAL BAIG            	PAY GRP	"," 1,488.37 ",," 1,488.37 ",
06/09/2022,6. Aug'22 to Oct'22,Q4 - 2022,Wages,"CHAITANYA KOLLURU     	PAY GRP	"," 1,072.43 ",," 1,072.43 ",
06/09/2022,6. Aug'22 to Oct'22,Q4 - 2022,Wages,"CHANDRA MOULI DWAR    	PAY GRP	"," 1,255.18 ",," 1,255.18 ",
06/09/2022,6. Aug'22 to Oct'22,Q4 - 2022,Wages,"DAHSHAT KHAN          	PAY GRP	"," 1,138.59 ",," 1,138.59 ",
06/09/2022,6. Aug'22 to Oct'22,Q4 - 2022,Wages,"DAWOOD HAIDER         	PAY GRP	"," 1,488.37 ",," 1,488.37 ",
06/09/2022,6. Aug'22 to Oct'22,Q4 - 2022,Wages,"DHANAPRAKASH TIRUM    	PAY GRP	"," 1,288.18 ",," 1,288.18 ",
06/09/2022,6. Aug'22 to Oct'22,Q4 - 2022,Wages,"DHANURDHAR DOOSA      	PAY GRP	"," 1,138.59 ",," 1,138.59 ",
06/09/2022,6. Aug'22 to Oct'22,Q4 - 2022,Wages,"DINESH REDDY PEDDI    	PAY GRP	"," 1,255.18 ",," 1,255.18 ",
06/09/2022,6. Aug'22 to Oct'22,Q4 - 2022,Wages,"ESHWAR REDDY BANDA    	PAY GRP	"," 1,138.59 ",," 1,138.59 ",
06/09/2022,6. Aug'22 to Oct'22,Q4 - 2022,Wages,"FAIZ ULLAH            	PAY GRP	"," 1,410.64 ",," 1,410.64 ",
06/09/2022,6. Aug'22 to Oct'22,Q4 - 2022,Wages,"FAROOQ MOHAMMED       	PAY GRP	"," 1,022.00 ",," 1,022.00 ",
06/09/2022,6. Aug'22 to Oct'22,Q4 - 2022,Wages,"GOPI KRISHNA DAMMA    	PAY GRP	"," 1,255.18 ",," 1,255.18 ",
06/09/2022,6. Aug'22 to Oct'22,Q4 - 2022,Wages,"HAFIZ MUHAMMAD AKM    	PAY GRP	"," 1,371.49 ",," 1,371.49 ",
06/09/2022,6. Aug'22 to Oct'22,Q4 - 2022,Wages,"HAJI MASTAN           	PAY GRP	"," 1,371.78 ",," 1,371.78 ",
06/09/2022,6. Aug'22 to Oct'22,Q4 - 2022,Wages,"HAMMAD KHAN           	PAY GRP	"," 1,255.18 ",," 1,255.18 ",
06/09/2022,6. Aug'22 to Oct'22,Q4 - 2022,Wages,"HAMZA GHOURI          	PAY GRP	"," 1,138.59 ",," 1,138.59 ",
06/09/2022,6. Aug'22 to Oct'22,Q4 - 2022,Wages,"HARSHA VUDUMULA       	PAY GRP	"," 1,255.18 ",," 1,255.18 ",
06/09/2022,6. Aug'22 to Oct'22,Q4 - 2022,Wages,"HASEEB UL HASSAN      	PAY GRP	"," 1,488.37 ",," 1,488.37 ",
06/09/2022,6. Aug'22 to Oct'22,Q4 - 2022,Wages,"HASSAM IBRAHIM        	PAY GRP	"," 1,488.37 ",," 1,488.37 ",
06/09/2022,6. Aug'22 to Oct'22,Q4 - 2022,Wages,"HAZRAT BILAL          	PAY GRP	", 896.00 ,, 896.00 ,
06/09/2022,6. Aug'22 to Oct'22,Q4 - 2022,Wages,"HEMANTH VEGINATI      	PAY GRP	", 791.20 ,, 791.20 ,
06/09/2022,6. Aug'22 to Oct'22,Q4 - 2022,Wages,"HENNA MOHAMMED        	PAY GRP	"," 1,138.59 ",," 1,138.59 ",
06/09/2022,6. Aug'22 to Oct'22,Q4 - 2022,Wages,"INAYAT ULLAH          	PAY GRP	"," 1,138.59 ",," 1,138.59 ",
06/09/2022,6. Aug'22 to Oct'22,Q4 - 2022,Wages,"IRAM HUSSAIN          	PAY GRP	"," 1,347.49 ",," 1,347.49 ",
06/09/2022,6. Aug'22 to Oct'22,Q4 - 2022,Wages,"IZHAR KHAN            	PAY GRP	"," 1,488.37 ",," 1,488.37 ",
06/09/2022,6. Aug'22 to Oct'22,Q4 - 2022,Wages,"J MIRIYALA            	PAY GRP	", 940.80 ,, 940.80 ,
06/09/2022,6. Aug'22 to Oct'22,Q4 - 2022,Wages,"JAYANTH BUDDE         	PAY GRP	"," 1,371.78 ",," 1,371.78 ",
06/09/2022,6. Aug'22 to Oct'22,Q4 - 2022,Wages,"JEEVANKUMAR PASUPU    	PAY GRP	", 896.00 ,, 896.00 ,
06/09/2022,6. Aug'22 to Oct'22,Q4 - 2022,Wages,"KRANTHI VELAGAPUDI    	PAY GRP	"," 1,060.86 ",," 1,060.86 ",
06/09/2022,6. Aug'22 to Oct'22,Q4 - 2022,Wages,"MADHU CHELAMMLA       	PAY GRP	"," 1,255.18 ",," 1,255.18 ",
06/09/2022,6. Aug'22 to Oct'22,Q4 - 2022,Wages,"MAHENDRA REDDY KON    	PAY GRP	", 896.00 ,, 896.00 ,
06/09/2022,6. Aug'22 to Oct'22,Q4 - 2022,Wages,"MAIMUNA RUHI          	PAY GRP	"," 1,488.37 ",," 1,488.37 ",
06/09/2022,6. Aug'22 to Oct'22,Q4 - 2022,Wages,"MOHAMMED INAMULLAH    	PAY GRP	"," 1,488.37 ",," 1,488.37 ",
06/09/2022,6. Aug'22 to Oct'22,Q4 - 2022,Wages,"MR A A KHAN           	PAY GRP	"," 1,488.37 ",," 1,488.37 ",
06/09/2022,6. Aug'22 to Oct'22,Q4 - 2022,Wages,"MR ANKIT ANKIT        	PAY GRP	"," 1,022.00 ",," 1,022.00 ",
06/09/2022,6. Aug'22 to Oct'22,Q4 - 2022,Wages,"MR MUJEEB SHAIK       	PAY GRP	"," 1,488.37 ",," 1,488.37 ",
06/09/2022,6. Aug'22 to Oct'22,Q4 - 2022,Wages,"MR SAYA REDDY GAIN    	PAY GRP	"," 1,418.90 ",," 1,418.90 ",
06/09/2022,6. Aug'22 to Oct'22,Q4 - 2022,Wages,"MR SHAIK AHMED        	PAY GRP	"," 1,488.37 ",," 1,488.37 ",
06/09/2022,6. Aug'22 to Oct'22,Q4 - 2022,Wages,"PRIYANKA PULUKURI     	PAY GRP	"," 1,371.49 ",," 1,371.49 ",
06/09/2022,6. Aug'22 to Oct'22,Q4 - 2022,Wages,"S ALI                 	PAY GRP	"," 1,488.37 ",," 1,488.37 ",
06/09/2022,6. Aug'22 to Oct'22,Q4 - 2022,Wages,"SAIF ULLAH            	PAY GRP	"," 1,488.37 ",," 1,488.37 ",
06/09/2022,6. Aug'22 to Oct'22,Q4 - 2022,Wages,"SAIKIRAN KOTAGIRI     	PAY GRP	"," 1,371.78 ",," 1,371.78 ",
06/09/2022,6. Aug'22 to Oct'22,Q4 - 2022,Wages,"SAIRAM ATIRACHA       	PAY GRP	"," 1,255.18 ",," 1,255.18 ",
06/09/2022,6. Aug'22 to Oct'22,Q4 - 2022,Wages,"SAMI ULLAH            	PAY GRP	", 896.00 ,, 896.00 ,
06/09/2022,6. Aug'22 to Oct'22,Q4 - 2022,Wages,"SAMREEN NAAZ          	PAY GRP	"," 1,371.78 ",," 1,371.78 ",
07/09/2022,6. Aug'22 to Oct'22,Q4 - 2022,Wages,"DILEEP CHIRAVURI      	PAY GRP	", 677.20 ,, 677.20 ,
07/09/2022,6. Aug'22 to Oct'22,Q4 - 2022,Wages,"GOUD BOMMAKANTI       	PAY GRP	"," 1,022.40 ",," 1,022.40 ",
07/09/2022,6. Aug'22 to Oct'22,Q4 - 2022,Wages,"JAWARIA KHALID        	PAY BBP	"," 4,404.09 ",," 4,404.09 ",
07/09/2022,6. Aug'22 to Oct'22,Q4 - 2022,Wages,"KUNAL MANN            	PAY GRP	"," 1,138.80 ",," 1,138.80 ",
07/09/2022,6. Aug'22 to Oct'22,Q4 - 2022,Wages,"MOHAMMED ABDUL RAH    	PAY GRP	", 806.40 ,, 806.40 ,
07/09/2022,6. Aug'22 to Oct'22,Q4 - 2022,Wages,"MR MOHAMMED SYED      	PAY GRP	"," 1,060.86 ",," 1,060.86 ",
07/09/2022,6. Aug'22 to Oct'22,Q4 - 2022,Wages,"MR VEERENDRA GOTTI    	PAY GRP	"," 1,138.59 ",," 1,138.59 ",
07/09/2022,6. Aug'22 to Oct'22,Q4 - 2022,Wages,"MR VENKATA SUDDAPA    	PAY GRP	"," 1,148.31 ",," 1,148.31 ",
07/09/2022,6. Aug'22 to Oct'22,Q4 - 2022,Wages,"S ALI                 	PAY FT	"," 2,609.60 ",," 2,609.60 ",
07/09/2022,6. Aug'22 to Oct'22,Q4 - 2022,Wages,"SUNDER REDDY NELAK    	PAY GRP	"," 1,255.18 ",," 1,255.18 ",
07/09/2022,6. Aug'22 to Oct'22,Q4 - 2022,Wages,"SYED ARSALAN ALI      	PAY GRP	"," 1,488.37 ",," 1,488.37 ",
07/09/2022,6. Aug'22 to Oct'22,Q4 - 2022,Wages,"SYED NAQVI            	PAY GRP	", 627.20 ,, 627.20 ,
07/09/2022,6. Aug'22 to Oct'22,Q4 - 2022,Wages,"SYED OMER ALI         	PAY GRP	"," 1,030.40 ",," 1,030.40 ",
07/09/2022,6. Aug'22 to Oct'22,Q4 - 2022,Wages,"TAMHID ANWAR MOHAM    	PAY GRP	"," 1,410.64 ",," 1,410.64 ",
07/09/2022,6. Aug'22 to Oct'22,Q4 - 2022,Wages,"TANUJA VELAGA         	PAY GRP	"," 1,232.00 ",," 1,232.00 ",
07/09/2022,6. Aug'22 to Oct'22,Q4 - 2022,Wages,"TOUQEER AHMED SYED    	PAY GRP	"," 1,138.59 ",," 1,138.59 ",
07/09/2022,6. Aug'22 to Oct'22,Q4 - 2022,Wages,"TUSHAR RAJ CHARI H    	PAY GRP	"," 1,488.37 ",," 1,488.37 ",
07/09/2022,6. Aug'22 to Oct'22,Q4 - 2022,Wages,"UMAR IHSAN            	PAY GRP	"," 1,138.59 ",," 1,138.59 ",
07/09/2022,6. Aug'22 to Oct'22,Q4 - 2022,Wages,"UZAIR AHMAD           	PAY GRP	"," 1,371.78 ",," 1,371.78 ",
07/09/2022,6. Aug'22 to Oct'22,Q4 - 2022,Wages,"VENKATA CHALAPATHI    	PAY GRP	"," 1,022.00 ",," 1,022.00 ",
07/09/2022,6. Aug'22 to Oct'22,Q4 - 2022,Wages,"VENKATA LOKESH MAD    	PAY GRP	"," 1,022.00 ",," 1,022.00 ",
07/09/2022,6. Aug'22 to Oct'22,Q4 - 2022,Wages,"VENKATESWARA BOLLI    	PAY GRP	"," 1,488.37 ",," 1,488.37 ",
07/09/2022,6. Aug'22 to Oct'22,Q4 - 2022,Wages,"VENKATESWARA RAO S    	PAY GRP	"," 1,255.18 ",," 1,255.18 ",
07/09/2022,6. Aug'22 to Oct'22,Q4 - 2022,Wages,"VIJAYA KRISHNA YAN    	PAY GRP	"," 1,255.18 ",," 1,255.18 ",
07/09/2022,6. Aug'22 to Oct'22,Q4 - 2022,Wages,"VINAY KUMAR MUSINA    	PAY GRP	"," 1,022.00 ",," 1,022.00 ",
07/09/2022,6. Aug'22 to Oct'22,Q4 - 2022,Wages,"YASIN MOHAMMED        	PAY GRP	"," 1,138.59 ",," 1,138.59 ",
07/09/2022,6. Aug'22 to Oct'22,Q4 - 2022,Wages,"YASIR UMER            	PAY GRP	"," 1,488.37 ",," 1,488.37 ",
07/09/2022,6. Aug'22 to Oct'22,Q4 - 2022,Wages,"ZEESHAN AHMED         	PAY GRP	", 753.60 ,, 753.60 ,
07/09/2022,6. Aug'22 to Oct'22,Q4 - 2022,Wages,"ZESHAN MEHDI          	PAY GRP	"," 1,138.59 ",," 1,138.59 ",
09/09/2022,6. Aug'22 to Oct'22,Q4 - 2022,Wages,"BHANDARU REVANTH      	PAY GRP	", 753.60 ,, 753.60 ,
09/09/2022,6. Aug'22 to Oct'22,Q4 - 2022,Wages,"DILEEP CHIRAVURI      	PAY GRP	"," 1,138.59 ",," 1,138.59 ",
09/09/2022,6. Aug'22 to Oct'22,Q4 - 2022,Wages,"INTURI SIVA RAM CH    	PAY GRP	"," 1,060.86 ",," 1,060.86 ",
09/09/2022,6. Aug'22 to Oct'22,Q4 - 2022,Wages,"LAKSHMI VARA PRASA    	PAY GRP	", 753.60 ,, 753.60 ,
09/09/2022,6. Aug'22 to Oct'22,Q4 - 2022,Wages,"MALIK ASIF            	PAY GRP	"," 1,488.37 ",," 1,488.37 ",
09/09/2022,6. Aug'22 to Oct'22,Q4 - 2022,Wages,"MOHAMMED TAQIUDDIN    	PAY GRP	"," 1,294.05 ",," 1,294.05 ",
09/09/2022,6. Aug'22 to Oct'22,Q4 - 2022,Wages,"MR SHAIK SALMAN       	PAY GRP	"," 1,488.37 ",," 1,488.37 ",
09/09/2022,6. Aug'22 to Oct'22,Q4 - 2022,Wages,"RAGHAVENDRARAO KAN    	PAY GRP	"," 1,255.18 ",," 1,255.18 ",
09/09/2022,6. Aug'22 to Oct'22,Q4 - 2022,Wages,"RAJASHEKAR REDDY N    	PAY GRP	", 627.20 ,, 627.20 ,
09/09/2022,6. Aug'22 to Oct'22,Q4 - 2022,Wages,"REHAN MASOOD ABBAS    	PAY GRP	", 896.00 ,, 896.00 ,
09/09/2022,6. Aug'22 to Oct'22,Q4 - 2022,Wages,"REVANTH REDDY CHUN    	PAY GRP	"," 1,371.78 ",," 1,371.78 ",
09/09/2022,6. Aug'22 to Oct'22,Q4 - 2022,Wages,"SAIRAM ATIRACHA       	PAY GRP	"," 1,255.18 ",," 1,255.18 ",
09/09/2022,6. Aug'22 to Oct'22,Q4 - 2022,Wages,"SAMBA SIVA RAO SEE    	PAY GRP	"," 1,255.18 ",," 1,255.18 ",
09/09/2022,6. Aug'22 to Oct'22,Q4 - 2022,Wages,"SAMEER ALI MIRZA      	PAY GRP	", 960.96 ,, 960.96 ,
09/09/2022,6. Aug'22 to Oct'22,Q4 - 2022,Wages,"SHAIK IRFAN AHMED     	PAY GRP	"," 1,138.59 ",," 1,138.59 ",
09/09/2022,6. Aug'22 to Oct'22,Q4 - 2022,Wages,"SHAIK SHABEER         	PAY GRP	"," 1,255.18 ",," 1,255.18 ",
09/09/2022,6. Aug'22 to Oct'22,Q4 - 2022,Wages,"SREE AMRUTH KOYALK    	PAY GRP	"," 1,371.78 ",," 1,371.78 ",
09/09/2022,6. Aug'22 to Oct'22,Q4 - 2022,Wages,"SRI DADABOINA         	PAY GRP	"," 1,138.59 ",," 1,138.59 ",
09/09/2022,6. Aug'22 to Oct'22,Q4 - 2022,Wages,"SRINIDHI PENTA        	PAY GRP	"," 1,609.82 ",," 1,609.82 ",
09/09/2022,6. Aug'22 to Oct'22,Q4 - 2022,Wages,"SUMANTH REDDY BURR    	PAY GRP	"," 1,240.61 ",," 1,240.61 ",
09/09/2022,6. Aug'22 to Oct'22,Q4 - 2022,Wages,"SYEDA JAVERIA         	PAY GRP	"," 1,371.78 ",," 1,371.78 ",
09/09/2022,6. Aug'22 to Oct'22,Q4 - 2022,Wages,"UZER AHMED KHAN       	PAY GRP	"," 1,829.90 ",," 1,829.90 ",
09/09/2022,6. Aug'22 to Oct'22,Q4 - 2022,Wages,"VAMSHIKRISHNA REDD    	PAY GRP	"," 1,022.00 ",," 1,022.00 ",
09/09/2022,6. Aug'22 to Oct'22,Q4 - 2022,Wages,"WAJAHAT ALI MIR       	PAY GRP	"," 1,488.37 ",," 1,488.37 ",
12/09/2022,6. Aug'22 to Oct'22,Q4 - 2022,Wages,"A MANNAN MOHAMMED     	PAY GRP	", 888.00 ,, 888.00 ,
12/09/2022,6. Aug'22 to Oct'22,Q4 - 2022,Wages,"ABDUL MOHAMMED        	PAY GRP	"," 1,177.46 ",," 1,177.46 ",
12/09/2022,6. Aug'22 to Oct'22,Q4 - 2022,Wages,"AZEEM ULLAH           	PAY GRP	"," 1,138.59 ",," 1,138.59 ",
12/09/2022,6. Aug'22 to Oct'22,Q4 - 2022,Wages,"KHALEELUDDIN MOHAM    	PAY GRP	"," 1,371.78 ",," 1,371.78 ",
12/09/2022,6. Aug'22 to Oct'22,Q4 - 2022,Wages,"LUKE WALKER           	INVOICE FT	"," 5,054.00 ",," 5,054.00 ",
12/09/2022,6. Aug'22 to Oct'22,Q4 - 2022,Wages,"MR MAJID SHAIK        	PAY GRP	", 888.00 ,, 888.00 ,
12/09/2022,6. Aug'22 to Oct'22,Q4 - 2022,Wages,"MUHAMMAD ZEESHAN      	PAY GRP	", 700.00 ,, 700.00 ,
12/09/2022,6. Aug'22 to Oct'22,Q4 - 2022,Wages,"NIROSHA RAMAVATH      	PAY GRP	", 627.20 ,, 627.20 ,
12/09/2022,6. Aug'22 to Oct'22,Q4 - 2022,Wages,"SARA ASMAT            	PAY GRP	"," 1,255.18 ",," 1,255.18 ",
12/09/2022,6. Aug'22 to Oct'22,Q4 - 2022,Wages,"SATYANARAYANA PATI    	PAY GRP	", 492.80 ,, 492.80 ,
12/09/2022,6. Aug'22 to Oct'22,Q4 - 2022,Wages,"SHAHZAD HAIDER        	PAY GRP	"," 1,371.49 ",," 1,371.49 ",
12/09/2022,6. Aug'22 to Oct'22,Q4 - 2022,Wages,"SHAHZAD NOOR          	PAY GRP	"," 1,138.59 ",," 1,138.59 ",
12/09/2022,6. Aug'22 to Oct'22,Q4 - 2022,Wages,"SHAIK DAWOOD IBRAH    	PAY GRP	"," 1,488.37 ",," 1,488.37 ",
12/09/2022,6. Aug'22 to Oct'22,Q4 - 2022,Wages,"SYED GHALIB           	PAY GRP	"," 1,488.37 ",," 1,488.37 ",
12/09/2022,6. Aug'22 to Oct'22,Q4 - 2022,Wages,"SYED IQBAL HUSSAIN    	PAY GRP	"," 1,488.37 ",," 1,488.37 ",
12/09/2022,6. Aug'22 to Oct'22,Q4 - 2022,Wages,"A SADIQ               	SHERAZ FT	", 151.70 ,, 151.70 ,
13/09/2022,6. Aug'22 to Oct'22,Q4 - 2022,Wages,"ABDUL QUIYUM MOHAM    	PAY GRP	", 741.00 ,, 741.00 ,
13/09/2022,6. Aug'22 to Oct'22,Q4 - 2022,Wages,"ABDUL RAMEEZ SHEIK    	PAY GRP	", 456.00 ,, 456.00 ,
13/09/2022,6. Aug'22 to Oct'22,Q4 - 2022,Wages,"ABDUL SHAIK           	PAY GRP	", 745.00 ,, 745.00 ,
13/09/2022,6. Aug'22 to Oct'22,Q4 - 2022,Wages,"ADNAN HANIF           	PAY GRP	", 215.00 ,, 215.00 ,
13/09/2022,6. Aug'22 to Oct'22,Q4 - 2022,Wages,"ANANIA RABOSEA        	PAY GRP	", 783.75 ,, 783.75 ,
13/09/2022,6. Aug'22 to Oct'22,Q4 - 2022,Wages,"ASIF NAWAZ            	PAY GRP	", 120.00 ,, 120.00 ,
13/09/2022,6. Aug'22 to Oct'22,Q4 - 2022,Wages,"ASIF ZADA             	PAY GRP	", 243.50 ,, 243.50 ,
13/09/2022,6. Aug'22 to Oct'22,Q4 - 2022,Wages,"AZAM MIRZA            	PAY GRP	", 845.50 ,, 845.50 ,
13/09/2022,6. Aug'22 to Oct'22,Q4 - 2022,Wages,"AZEEM ULLAH           	PAY GRP	", 712.70 ,, 712.70 ,
13/09/2022,6. Aug'22 to Oct'22,Q4 - 2022,Wages,"BHARATHI BATTULA      	PAY GRP	", 114.00 ,, 114.00 ,
13/09/2022,6. Aug'22 to Oct'22,Q4 - 2022,Wages,"CHLOE ELIZABETH CO    	PAY GRP	", 152.00 ,, 152.00 ,
13/09/2022,6. Aug'22 to Oct'22,Q4 - 2022,Wages,"DR DILPREET BOLA      	PAY GRP	"," 1,141.91 ",," 1,141.91 ",
13/09/2022,6. Aug'22 to Oct'22,Q4 - 2022,Wages,"HASHAM AMJAD          	PAY GRP	", 213.84 ,, 213.84 ,
13/09/2022,6. Aug'22 to Oct'22,Q4 - 2022,Wages,"JAMSHED AHMED KHAN    	PAY GRP	"," 1,614.37 ",," 1,614.37 ",
13/09/2022,6. Aug'22 to Oct'22,Q4 - 2022,Wages,"KALEEM AHTESHAM       	PAY GRP	", 360.00 ,, 360.00 ,
13/09/2022,6. Aug'22 to Oct'22,Q4 - 2022,Wages,"MALIK ASIF            	PAY GRP	", 800.00 ,, 800.00 ,
13/09/2022,6. Aug'22 to Oct'22,Q4 - 2022,Wages,"MANSOOR KHAN          	PAY GRP	", 799.60 ,, 799.60 ,
13/09/2022,6. Aug'22 to Oct'22,Q4 - 2022,Wages,"MOHAMMED IRFAN ALI    	PAY GRP	", 806.40 ,, 806.40 ,
13/09/2022,6. Aug'22 to Oct'22,Q4 - 2022,Wages,"MR COLIN A JONES      	PAY GRP	", 85.50 ,, 85.50 ,
13/09/2022,6. Aug'22 to Oct'22,Q4 - 2022,Wages,"MR MUHAMMAD ADNAN     	PAY GRP	", 190.00 ,, 190.00 ,
13/09/2022,6. Aug'22 to Oct'22,Q4 - 2022,Wages,"MR MUHAMMAD FAISAL    	PAY GRP	", 806.40 ,, 806.40 ,
13/09/2022,6. Aug'22 to Oct'22,Q4 - 2022,Wages,"MR WAQAR MAHMOOD      	PAY GRP	", 715.68 ,, 715.68 ,
13/09/2022,6. Aug'22 to Oct'22,Q4 - 2022,Wages,"MUHAMMAD ABDULLAH     	PAY GRP	", 95.00 ,, 95.00 ,
13/09/2022,6. Aug'22 to Oct'22,Q4 - 2022,Wages,"MUHAMMAD ARSHAD       	PAY GRP	", 240.00 ,, 240.00 ,
13/09/2022,6. Aug'22 to Oct'22,Q4 - 2022,Wages,"MUHAMMAD ASIF         	PAY GRP	", 120.00 ,, 120.00 ,
13/09/2022,6. Aug'22 to Oct'22,Q4 - 2022,Wages,"MUHAMMAD BABAR        	PAY GRP	", 445.41 ,, 445.41 ,
13/09/2022,6. Aug'22 to Oct'22,Q4 - 2022,Wages,"MUHAMMAD HAMZA MUN    	PAY GRP	", 619.26 ,, 619.26 ,
13/09/2022,6. Aug'22 to Oct'22,Q4 - 2022,Wages,"MUHAMMAD ISMAIL       	PAY GRP	", 243.50 ,, 243.50 ,
13/09/2022,6. Aug'22 to Oct'22,Q4 - 2022,Wages,"MUHAMMAD SHAHROZ K    	PAY GRP	", 456.00 ,, 456.00 ,
13/09/2022,6. Aug'22 to Oct'22,Q4 - 2022,Wages,"MUNAF AHMED SYED      	PAY GRP	", 680.00 ,, 680.00 ,
13/09/2022,6. Aug'22 to Oct'22,Q4 - 2022,Wages,"PUNEET KUMAR          	PAY GRP	", 556.51 ,, 556.51 ,
13/09/2022,6. Aug'22 to Oct'22,Q4 - 2022,Wages,"RIZWAN AHMED          	PAY GRP	", 114.00 ,, 114.00 ,
13/09/2022,6. Aug'22 to Oct'22,Q4 - 2022,Wages,"SAFDAR SALEEM         	PAY GRP	", 806.40 ,, 806.40 ,
13/09/2022,6. Aug'22 to Oct'22,Q4 - 2022,Wages,"SAIF ULLAH            	PAY GRP	", 600.00 ,, 600.00 ,
13/09/2022,6. Aug'22 to Oct'22,Q4 - 2022,Wages,"SAMEER ALI MIRZA      	PAY GRP	", 114.00 ,, 114.00 ,
13/09/2022,6. Aug'22 to Oct'22,Q4 - 2022,Wages,"SARFARAZ MIRZA        	PAY GRP	", 684.00 ,, 684.00 ,
13/09/2022,6. Aug'22 to Oct'22,Q4 - 2022,Wages,"SHAHEER IHSAN         	PAY GRP	", 169.70 ,, 169.70 ,
13/09/2022,6. Aug'22 to Oct'22,Q4 - 2022,Wages,"SUKHJINDER SINGH      	PAY GRP	", 342.00 ,, 342.00 ,
13/09/2022,6. Aug'22 to Oct'22,Q4 - 2022,Wages,"SUMANTH MOPARTHI      	PAY GRP	", 524.12 ,, 524.12 ,
13/09/2022,6. Aug'22 to Oct'22,Q4 - 2022,Wages,"SYED IQBAL HUSSAIN    	PAY GRP	", 884.80 ,, 884.80 ,
13/09/2022,6. Aug'22 to Oct'22,Q4 - 2022,Wages,"SYED NAQVI            	PAY GRP	", 120.00 ,, 120.00 ,
13/09/2022,6. Aug'22 to Oct'22,Q4 - 2022,Wages,"UMME SANA             	PAY GRP	"," 1,138.50 ",," 1,138.50 ",
13/09/2022,6. Aug'22 to Oct'22,Q4 - 2022,Wages,"WAQAS AHMAD           	PAY GRP	", 660.00 ,, 660.00 ,
13/09/2022,6. Aug'22 to Oct'22,Q4 - 2022,Wages,"YUVA RAJ BANOTH       	PAY GRP	", 806.40 ,, 806.40 ,
15/09/2022,6. Aug'22 to Oct'22,Q4 - 2022,Wages,"ABDUL MUQEETH AHSA    	PAY GRP	", 940.80 ,, 940.80 ,
15/09/2022,6. Aug'22 to Oct'22,Q4 - 2022,Wages,"ABHINAV REDDY         	PAY GRP	"," 1,294.05 ",," 1,294.05 ",
15/09/2022,6. Aug'22 to Oct'22,Q4 - 2022,Wages,"AHMED AFTAB           	PAY GRP	"," 1,294.05 ",," 1,294.05 ",
15/09/2022,6. Aug'22 to Oct'22,Q4 - 2022,Wages,"ALI HAIDER            	PAY GRP	", 806.40 ,, 806.40 ,
15/09/2022,6. Aug'22 to Oct'22,Q4 - 2022,Wages,"ANIL KUMAR VURIPIN    	PAY GRP	"," 1,138.59 ",," 1,138.59 ",
15/09/2022,6. Aug'22 to Oct'22,Q4 - 2022,Wages,"ARAVALLI KRISHNA      	PAY GRP	", 672.00 ,, 672.00 ,
15/09/2022,6. Aug'22 to Oct'22,Q4 - 2022,Wages,"CHARITHA UPPALAPAT    	PAY GRP	", 888.00 ,, 888.00 ,
15/09/2022,6. Aug'22 to Oct'22,Q4 - 2022,Wages,"DANISH ABDUL KAREE    	PAY GRP	"," 1,294.05 ",," 1,294.05 ",
15/09/2022,6. Aug'22 to Oct'22,Q4 - 2022,Wages,"DIPAKKUMAR R PATEL    	PAY GRP	", 896.00 ,, 896.00 ,
15/09/2022,6. Aug'22 to Oct'22,Q4 - 2022,Wages,"DIVYA BHUKYA          	PAY GRP	"," 1,410.64 ",," 1,410.64 ",
15/09/2022,6. Aug'22 to Oct'22,Q4 - 2022,Wages,"MITESHKUMAR PATEL     	PAY GRP	"," 1,177.46 ",," 1,177.46 ",
15/09/2022,6. Aug'22 to Oct'22,Q4 - 2022,Wages,"MOHAMMAD ABDUL MUQ    	PAY GRP	", 134.40 ,, 134.40 ,
15/09/2022,6. Aug'22 to Oct'22,Q4 - 2022,Wages,"MOHAMMED SOFIYAN      	PAY GRP	", 403.20 ,, 403.20 ,
15/09/2022,6. Aug'22 to Oct'22,Q4 - 2022,Wages,"MR -- MOHIT           	PAY GRP	", 940.80 ,, 940.80 ,
15/09/2022,6. Aug'22 to Oct'22,Q4 - 2022,Wages,"MR A PAKKER           	PAY GRP	", 940.80 ,, 940.80 ,
15/09/2022,6. Aug'22 to Oct'22,Q4 - 2022,Wages,"MR ASFANDYAR KHAN     	PAY GRP	"," 1,410.64 ",," 1,410.64 ",
15/09/2022,6. Aug'22 to Oct'22,Q4 - 2022,Wages,"MR FARHAN SHABBIR     	PAY GRP	"," 1,294.05 ",," 1,294.05 ",
15/09/2022,6. Aug'22 to Oct'22,Q4 - 2022,Wages,"MR K ANWAR            	PAY GRP	"," 1,294.05 ",," 1,294.05 ",
15/09/2022,6. Aug'22 to Oct'22,Q4 - 2022,Wages,"MR MOHAMMED MOHAMM    	PAY GRP	"," 1,371.78 ",," 1,371.78 ",
15/09/2022,6. Aug'22 to Oct'22,Q4 - 2022,Wages,"MR MUHAMMAD AFTAB     	PAY GRP	"," 1,177.46 ",," 1,177.46 ",
15/09/2022,6. Aug'22 to Oct'22,Q4 - 2022,Wages,"MR MUHAMMAD HAMZA     	PAY GRP	"," 1,177.46 ",," 1,177.46 ",
15/09/2022,6. Aug'22 to Oct'22,Q4 - 2022,Wages,"MR S PANUGANTI        	PAY GRP	"," 1,410.64 ",," 1,410.64 ",
15/09/2022,6. Aug'22 to Oct'22,Q4 - 2022,Wages,"MR SAI BANDI          	PAY GRP	"," 1,294.05 ",," 1,294.05 ",
15/09/2022,6. Aug'22 to Oct'22,Q4 - 2022,Wages,"MR SANTHOSH REDDY     	PAY GRP	"," 1,488.37 ",," 1,488.37 ",
15/09/2022,6. Aug'22 to Oct'22,Q4 - 2022,Wages,"MR SYED SYED ABDUL    	PAY GRP	"," 1,488.37 ",," 1,488.37 ",
15/09/2022,6. Aug'22 to Oct'22,Q4 - 2022,Wages,"MR ZEESHAN AKBAR      	PAY GRP	", 806.40 ,, 806.40 ,
15/09/2022,6. Aug'22 to Oct'22,Q4 - 2022,Wages,"MS I LIAQUAT          	PAY GRP	"," 1,386.35 ",," 1,386.35 ",
15/09/2022,6. Aug'22 to Oct'22,Q4 - 2022,Wages,"MUHAMMAD ARSLAN KH    	PAY GRP	"," 1,410.64 ",," 1,410.64 ",
15/09/2022,6. Aug'22 to Oct'22,Q4 - 2022,Wages,"NAVEEN KUMAR KUKAT    	PAY GRP	"," 1,186.39 ",," 1,186.39 ",
15/09/2022,6. Aug'22 to Oct'22,Q4 - 2022,Wages,"NULL ABDULAAHI JAM    	PAY GRP	", 537.60 ,, 537.60 ,
15/09/2022,6. Aug'22 to Oct'22,Q4 - 2022,Wages,"OMER SHAREEF          	PAY GRP	", 403.20 ,, 403.20 ,
15/09/2022,6. Aug'22 to Oct'22,Q4 - 2022,Wages,"RACHERLA CHIRANJEE    	PAY GRP	"," 1,291.20 ",," 1,291.20 ",
15/09/2022,6. Aug'22 to Oct'22,Q4 - 2022,Wages,"SANDHYA DOSALE        	PAY GRP	"," 1,177.46 ",," 1,177.46 ",
15/09/2022,6. Aug'22 to Oct'22,Q4 - 2022,Wages,"SHABAAZ MOHAMMED      	PAY GRP	"," 1,294.05 ",," 1,294.05 ",
15/09/2022,6. Aug'22 to Oct'22,Q4 - 2022,Wages,"SHAHZAIB SHAKEEL      	PAY GRP	"," 1,371.78 ",," 1,371.78 ",
15/09/2022,6. Aug'22 to Oct'22,Q4 - 2022,Wages,"SUNIL DUGGINENI       	PAY GRP	"," 1,177.46 ",," 1,177.46 ",
15/09/2022,6. Aug'22 to Oct'22,Q4 - 2022,Wages,"SWETHA PALEM          	PAY GRP	"," 1,431.53 ",," 1,431.53 ",
15/09/2022,6. Aug'22 to Oct'22,Q4 - 2022,Wages,"SYED ABRAR ALI        	PAY GRP	", 537.60 ,, 537.60 ,
15/09/2022,6. Aug'22 to Oct'22,Q4 - 2022,Wages,"TASLEEM AFROZ         	PAY GRP	"," 1,313.48 ",," 1,313.48 ",
15/09/2022,6. Aug'22 to Oct'22,Q4 - 2022,Wages,"VIJAY KUMAR CHERIP    	PAY GRP	"," 1,060.86 ",," 1,060.86 ",
15/09/2022,6. Aug'22 to Oct'22,Q4 - 2022,Wages,"VITTAL ROY GADDAM     	PAY GRP	", 806.40 ,, 806.40 ,
20/09/2022,6. Aug'22 to Oct'22,Q4 - 2022,Wages,"A KHAN                	ADV-PAY GRP	"," 1,410.64 ",," 1,410.64 ",
20/09/2022,6. Aug'22 to Oct'22,Q4 - 2022,Wages,"A MANNAN MOHAMMED     	ADV-PAY GRP	"," 1,410.64 ",," 1,410.64 ",
20/09/2022,6. Aug'22 to Oct'22,Q4 - 2022,Wages,"ABDUL HAFEEZ MOHAM    	ADV-PAY GRP	"," 1,410.64 ",," 1,410.64 ",
20/09/2022,6. Aug'22 to Oct'22,Q4 - 2022,Wages,"ABDUL MOHAMMED        	PAY GRP	"," 1,410.64 ",," 1,410.64 ",
20/09/2022,6. Aug'22 to Oct'22,Q4 - 2022,Wages,"ABDUS SALAM           	PAY GRP	"," 1,410.64 ",," 1,410.64 ",
20/09/2022,6. Aug'22 to Oct'22,Q4 - 2022,Wages,"AFTAB AHMAD           	ADV-PAY GRP	"," 1,410.64 ",," 1,410.64 ",
20/09/2022,6. Aug'22 to Oct'22,Q4 - 2022,Wages,"AITHUR SAI RAJA       	ADV-PAY GRP	"," 1,410.64 ",," 1,410.64 ",
20/09/2022,6. Aug'22 to Oct'22,Q4 - 2022,Wages,"AKHIL KUMAR GANGAM    	ADV-PAY GRP	"," 1,410.64 ",," 1,410.64 ",
20/09/2022,6. Aug'22 to Oct'22,Q4 - 2022,Wages,"ALTHAF MOHAMMAD       	PAY GRP	"," 1,410.64 ",," 1,410.64 ",
20/09/2022,6. Aug'22 to Oct'22,Q4 - 2022,Wages,"ASHWIN SAI BHEEMAN    	PAY GRP	"," 1,410.64 ",," 1,410.64 ",
20/09/2022,6. Aug'22 to Oct'22,Q4 - 2022,Wages,"ASIF KHAN             	PAY GRP	", 403.20 ,, 403.20 ,
20/09/2022,6. Aug'22 to Oct'22,Q4 - 2022,Wages,"AVINASH GANGURU       	PAY GRP	"," 1,410.64 ",," 1,410.64 ",
20/09/2022,6. Aug'22 to Oct'22,Q4 - 2022,Wages,"AZIZ ULLAH            	PAY GRP	"," 1,449.50 ",," 1,449.50 ",
20/09/2022,6. Aug'22 to Oct'22,Q4 - 2022,Wages,"BHARATHI BATTULA      	ADV-PAY GRP	"," 1,410.64 ",," 1,410.64 ",
20/09/2022,6. Aug'22 to Oct'22,Q4 - 2022,Wages,"CHAITANYA KOLLURU     	ADV-PAY GRP	"," 1,420.36 ",," 1,420.36 ",
20/09/2022,6. Aug'22 to Oct'22,Q4 - 2022,Wages,"DAHSHAT KHAN          	PAY GRP	"," 1,410.64 ",," 1,410.64 ",
20/09/2022,6. Aug'22 to Oct'22,Q4 - 2022,Wages,"DINESH REDDY PEDDI    	PAY GRP	"," 1,410.64 ",," 1,410.64 ",
20/09/2022,6. Aug'22 to Oct'22,Q4 - 2022,Wages,"ESHWAR REDDY BANDA    	ADV-PAY GRP	"," 1,410.64 ",," 1,410.64 ",
20/09/2022,6. Aug'22 to Oct'22,Q4 - 2022,Wages,"FARHAN KHAN           	PAY GRP	"," 1,294.05 ",," 1,294.05 ",
20/09/2022,6. Aug'22 to Oct'22,Q4 - 2022,Wages,"FAROOQ MOHAMMED       	PAY GRP	"," 1,410.64 ",," 1,410.64 ",
20/09/2022,6. Aug'22 to Oct'22,Q4 - 2022,Wages,"FAWAD KHAN            	PAY GRP	"," 1,304.78 ",," 1,304.78 ",
20/09/2022,6. Aug'22 to Oct'22,Q4 - 2022,Wages,"HAFIZ TANZEEL UR R    	PAY GRP	"," 1,410.64 ",," 1,410.64 ",
20/09/2022,6. Aug'22 to Oct'22,Q4 - 2022,Wages,"HAMMAD KHAN           	ADV-PAY GRP	"," 1,410.64 ",," 1,410.64 ",
20/09/2022,6. Aug'22 to Oct'22,Q4 - 2022,Wages,"HAMZA GHOURI          	PAY GRP	", 268.40 ,, 268.40 ,
20/09/2022,6. Aug'22 to Oct'22,Q4 - 2022,Wages,"HAMZA MAQBOOL         	PAY GRP	"," 1,410.64 ",," 1,410.64 ",
20/09/2022,6. Aug'22 to Oct'22,Q4 - 2022,Wages,"HANA OSMAN MOHAMED    	PAY BBP	"," 1,182.84 ",," 1,182.84 ",
20/09/2022,6. Aug'22 to Oct'22,Q4 - 2022,Wages,"HARSHA VARDHAN RED    	ADV-PAY GRP	"," 1,410.64 ",," 1,410.64 ",
20/09/2022,6. Aug'22 to Oct'22,Q4 - 2022,Wages,"HASSAM IBRAHIM        	ADV-PAY GRP	"," 1,410.64 ",," 1,410.64 ",
20/09/2022,6. Aug'22 to Oct'22,Q4 - 2022,Wages,"HAZRAT BILAL          	PAY GRP	"," 1,410.64 ",," 1,410.64 ",
20/09/2022,6. Aug'22 to Oct'22,Q4 - 2022,Wages,"HEMANTH VEGINATI      	PAY GRP	"," 1,410.64 ",," 1,410.64 ",
20/09/2022,6. Aug'22 to Oct'22,Q4 - 2022,Wages,"IHTESHAM ULLAH        	ADV-PAY GRP	"," 1,410.64 ",," 1,410.64 ",
20/09/2022,6. Aug'22 to Oct'22,Q4 - 2022,Wages,"ILYAS WAHID           	PAY GRP	", 940.80 ,, 940.80 ,
20/09/2022,6. Aug'22 to Oct'22,Q4 - 2022,Wages,"INAYAT ULLAH          	PAY GRP	"," 1,410.64 ",," 1,410.64 ",
20/09/2022,6. Aug'22 to Oct'22,Q4 - 2022,Wages,"INTURI SIVA RAM CH    	PAY GRP	"," 1,410.64 ",," 1,410.64 ",
20/09/2022,6. Aug'22 to Oct'22,Q4 - 2022,Wages,"JALEEL PASHA MOHAM    	ADV-PAY GRP	"," 1,410.64 ",," 1,410.64 ",
20/09/2022,6. Aug'22 to Oct'22,Q4 - 2022,Wages,"JAWAHARLAL RAMAVAT    	PAY GRP	"," 1,410.64 ",," 1,410.64 ",
20/09/2022,6. Aug'22 to Oct'22,Q4 - 2022,Wages,"JAYANTH BUDDE         	ADV-PAY GRP	"," 1,410.64 ",," 1,410.64 ",
20/09/2022,6. Aug'22 to Oct'22,Q4 - 2022,Wages,"KELASH SINGH RAJPU    	PAY GRP	"," 1,410.64 ",," 1,410.64 ",
20/09/2022,6. Aug'22 to Oct'22,Q4 - 2022,Wages,"KUNAL MANN            	ADV-PAY GRP	"," 1,410.64 ",," 1,410.64 ",
20/09/2022,6. Aug'22 to Oct'22,Q4 - 2022,Wages,"MADHU CHELAMMLA       	PAY GRP	"," 1,410.64 ",," 1,410.64 ",
20/09/2022,6. Aug'22 to Oct'22,Q4 - 2022,Wages,"MALLESH OGURTHA       	ADV-PAY GRP	"," 1,410.64 ",," 1,410.64 ",
20/09/2022,6. Aug'22 to Oct'22,Q4 - 2022,Wages,"MAMATHA CHIKATIMAM    	PAY GRP	"," 1,410.64 ",," 1,410.64 ",
20/09/2022,6. Aug'22 to Oct'22,Q4 - 2022,Wages,"MANASAPURNASAI YAL    	ADV-PAY GRP	"," 1,410.64 ",," 1,410.64 ",
20/09/2022,6. Aug'22 to Oct'22,Q4 - 2022,Wages,"MANIKANTA ALLURI      	PAY GRP	", 0.10 ,, 0.10 ,
20/09/2022,6. Aug'22 to Oct'22,Q4 - 2022,Wages,"MANOHAR R DILLI       	ADV-PAY GRP	"," 1,410.64 ",," 1,410.64 ",
20/09/2022,6. Aug'22 to Oct'22,Q4 - 2022,Wages,"MOHAMMAD KALIM        	ADV-PAY GRP	"," 1,410.64 ",," 1,410.64 ",
20/09/2022,6. Aug'22 to Oct'22,Q4 - 2022,Wages,"MOHANA SRI GOWRI A    	ADV-PAY GRP	"," 1,410.64 ",," 1,410.64 ",
20/09/2022,6. Aug'22 to Oct'22,Q4 - 2022,Wages,"MOHD SAIF M MITHAW    	PAY GRP	"," 1,410.64 ",," 1,410.64 ",
20/09/2022,6. Aug'22 to Oct'22,Q4 - 2022,Wages,"MR DEEPAK KOLLIPAR    	PAY GRP	"," 1,294.00 ",," 1,294.00 ",
20/09/2022,6. Aug'22 to Oct'22,Q4 - 2022,Wages,"MR MOHAMMED MOHAMM    	PAY GRP	"," 1,410.64 ",," 1,410.64 ",
20/09/2022,6. Aug'22 to Oct'22,Q4 - 2022,Wages,"MR MUNEEB KHAN        	PAY GRP	", 810.10 ,, 810.10 ,
20/09/2022,6. Aug'22 to Oct'22,Q4 - 2022,Wages,"MR PATHAN PATHAN U    	PAY GRP	"," 1,410.64 ",," 1,410.64 ",
20/09/2022,6. Aug'22 to Oct'22,Q4 - 2022,Wages,"MR S P CHAMBETI       	PAY GRP	"," 1,410.64 ",," 1,410.64 ",
20/09/2022,6. Aug'22 to Oct'22,Q4 - 2022,Wages,"MUHAMMAD BILAL        	PAY GRP	"," 1,410.64 ",," 1,410.64 ",
20/09/2022,6. Aug'22 to Oct'22,Q4 - 2022,Wages,"MUHAMMAD DURAB        	PAY GRP	"," 1,410.64 ",," 1,410.64 ",
20/09/2022,6. Aug'22 to Oct'22,Q4 - 2022,Wages,"MUHAMMAD FARID        	PAY GRP	"," 1,410.64 ",," 1,410.64 ",
20/09/2022,6. Aug'22 to Oct'22,Q4 - 2022,Wages,"MUHAMMAD H N MIRZA    	ADV-PAY GRP	"," 1,410.64 ",," 1,410.64 ",
20/09/2022,6. Aug'22 to Oct'22,Q4 - 2022,Wages,"MUHAMMAD ISMAIL       	PAY GRP	"," 1,410.64 ",," 1,410.64 ",
20/09/2022,6. Aug'22 to Oct'22,Q4 - 2022,Wages,"MUHAMMAD NISAR        	PAY GRP	"," 1,410.60 ",," 1,410.60 ",
20/09/2022,6. Aug'22 to Oct'22,Q4 - 2022,Wages,"MUHAMMAD RAHEEL AB    	PAY GRP	"," 1,410.64 ",," 1,410.64 ",
20/09/2022,6. Aug'22 to Oct'22,Q4 - 2022,Wages,"MUHAMMAD SHOAIB       	PAY GRP	"," 1,410.64 ",," 1,410.64 ",
20/09/2022,6. Aug'22 to Oct'22,Q4 - 2022,Wages,"MUHAMMAD TARIQ        	PAY GRP	"," 1,478.40 ",," 1,478.40 ",
20/09/2022,6. Aug'22 to Oct'22,Q4 - 2022,Wages,"NAGA CHAITANYA RED    	ADV-PAY GRP	"," 1,410.64 ",," 1,410.64 ",
20/09/2022,6. Aug'22 to Oct'22,Q4 - 2022,Wages,"NAQASH KHAN           	PAY GRP	"," 1,304.70 ",," 1,304.70 ",
20/09/2022,6. Aug'22 to Oct'22,Q4 - 2022,Wages,"NOOR HUSSAIN          	PAY GRP	"," 1,386.30 ",," 1,386.30 ",
20/09/2022,6. Aug'22 to Oct'22,Q4 - 2022,Wages,"OMAIR AHMED MOHAMM    	ADV-PAY GRP	"," 1,410.64 ",," 1,410.64 ",
20/09/2022,6. Aug'22 to Oct'22,Q4 - 2022,Wages,"OMER HAYAT            	PAY GRP	", 537.60 ,, 537.60 ,
20/09/2022,6. Aug'22 to Oct'22,Q4 - 2022,Wages,"PAVAN KUMAR GANGA     	ADV-PAY GRP	"," 1,410.64 ",," 1,410.64 ",
20/09/2022,6. Aug'22 to Oct'22,Q4 - 2022,Wages,"POOJA RANI            	PAY GRP	"," 1,410.64 ",," 1,410.64 ",
20/09/2022,6. Aug'22 to Oct'22,Q4 - 2022,Wages,"PRASHANTH SEEMALA     	PAY GRP	"," 1,294.00 ",," 1,294.00 ",
20/09/2022,6. Aug'22 to Oct'22,Q4 - 2022,Wages,"PRUDHVI MANDAVA       	PAY GRP	", 940.80 ,, 940.80 ,
20/09/2022,6. Aug'22 to Oct'22,Q4 - 2022,Wages,"RAB KHAN              	PAY GRP	"," 1,421.30 ",," 1,421.30 ",
20/09/2022,6. Aug'22 to Oct'22,Q4 - 2022,Wages,"RAHMAN ULLAH          	PAY GRP	"," 1,410.64 ",," 1,410.64 ",
20/09/2022,6. Aug'22 to Oct'22,Q4 - 2022,Wages,"RAJA AMISH ALI        	PAY GRP	"," 1,060.80 ",," 1,060.80 ",
20/09/2022,6. Aug'22 to Oct'22,Q4 - 2022,Wages,"RANDHIR TRILOCHUN     	THANKS BBP	"," 1,500.00 ",," 1,500.00 ",
20/09/2022,6. Aug'22 to Oct'22,Q4 - 2022,Wages,"REHAN MASOOD ABBAS    	ADV-PAY GRP	"," 1,410.64 ",," 1,410.64 ",
20/09/2022,6. Aug'22 to Oct'22,Q4 - 2022,Wages,"SAMBA SIVA RAO SEE    	PAY GRP	"," 1,410.64 ",," 1,410.64 ",
20/09/2022,6. Aug'22 to Oct'22,Q4 - 2022,Wages,"SAMEER ALI MIRZA      	ADV-PAY GRP	"," 1,410.64 ",," 1,410.64 ",
20/09/2022,6. Aug'22 to Oct'22,Q4 - 2022,Wages,"SAMI ULLAH            	PAY GRP	"," 1,410.64 ",," 1,410.64 ",
20/09/2022,6. Aug'22 to Oct'22,Q4 - 2022,Wages,"SAMREEN NAAZ          	PAY GRP	"," 1,410.64 ",," 1,410.64 ",
20/09/2022,6. Aug'22 to Oct'22,Q4 - 2022,Wages,"SHAH KHAN             	PAY GRP	"," 1,304.78 ",," 1,304.78 ",
20/09/2022,6. Aug'22 to Oct'22,Q4 - 2022,Wages,"SHAHZAD HAIDER        	ADV-PAY GRP	"," 1,410.64 ",," 1,410.64 ",
20/09/2022,6. Aug'22 to Oct'22,Q4 - 2022,Wages,"SHAHZAD NOOR          	PAY GRP	"," 1,410.64 ",," 1,410.64 ",
20/09/2022,6. Aug'22 to Oct'22,Q4 - 2022,Wages,"SHAHZEB KHAN          	PAY GRP	"," 1,255.18 ",," 1,255.18 ",
20/09/2022,6. Aug'22 to Oct'22,Q4 - 2022,Wages,"SHAIK DAWOOD IBRAH    	ADV-PAY GRP	"," 1,410.64 ",," 1,410.64 ",
20/09/2022,6. Aug'22 to Oct'22,Q4 - 2022,Wages,"SHAIK SHABEER         	PAY GRP	"," 1,410.64 ",," 1,410.64 ",
20/09/2022,6. Aug'22 to Oct'22,Q4 - 2022,Wages,"SUMANTH REDDY SAND    	PAY GRP	"," 1,187.60 ",," 1,187.60 ",
20/09/2022,6. Aug'22 to Oct'22,Q4 - 2022,Wages,"SYEDA JAVERIA         	PAY GRP	", 0.10 ,, 0.10 ,
20/09/2022,6. Aug'22 to Oct'22,Q4 - 2022,Wages,"TADI REDDY            	PAY GRP	"," 1,421.37 ",," 1,421.37 ",
20/09/2022,6. Aug'22 to Oct'22,Q4 - 2022,Wages,"TAMHID ANWAR MOHAM    	ADV-PAY GRP	"," 1,527.23 ",," 1,527.23 ",
20/09/2022,6. Aug'22 to Oct'22,Q4 - 2022,Wages,"TUSHAR RAJ CHARI H    	PAY GRP	", 0.10 ,, 0.10 ,
20/09/2022,6. Aug'22 to Oct'22,Q4 - 2022,Wages,"VAMSHIKRISHNA REDD    	ADV-PAY GRP	"," 1,410.64 ",," 1,410.64 ",
20/09/2022,6. Aug'22 to Oct'22,Q4 - 2022,Wages,"VIJAYA KRISHNA YAN    	ADV-PAY GRP	"," 1,410.64 ",," 1,410.64 ",
20/09/2022,6. Aug'22 to Oct'22,Q4 - 2022,Wages,"VINAY KUMAR MUSINA    	PAY GRP	", 0.10 ,, 0.10 ,
20/09/2022,6. Aug'22 to Oct'22,Q4 - 2022,Wages,"WAJAHAT ALI MIR       	ADV-PAY GRP	"," 1,410.64 ",," 1,410.64 ",
20/09/2022,6. Aug'22 to Oct'22,Q4 - 2022,Wages,"YASIN MOHAMMED        	PAY GRP	", 0.10 ,, 0.10 ,
20/09/2022,6. Aug'22 to Oct'22,Q4 - 2022,Wages,"YASIR ARAFAT          	PAY GRP	", 537.60 ,, 537.60 ,
20/09/2022,6. Aug'22 to Oct'22,Q4 - 2022,Wages,"ZEESHAN AHMED         	PAY GRP	"," 1,410.64 ",," 1,410.64 ",
20/09/2022,6. Aug'22 to Oct'22,Q4 - 2022,Wages,"ZESHAN MEHDI          	PAY GRP	"," 1,410.64 ",," 1,410.64 ",
21/09/2022,6. Aug'22 to Oct'22,Q4 - 2022,Wages,"ABDUL AFROZ MOHAMM    	PAY GRP	"," 1,410.64 ",," 1,410.64 ",
21/09/2022,6. Aug'22 to Oct'22,Q4 - 2022,Wages,"ARBAZ KHAN            	PAY GRP	"," 1,410.64 ",," 1,410.64 ",
21/09/2022,6. Aug'22 to Oct'22,Q4 - 2022,Wages,"BILAL BAIG            	PAY GRP	"," 1,410.64 ",," 1,410.64 ",
21/09/2022,6. Aug'22 to Oct'22,Q4 - 2022,Wages,"GOUD BOMMAKANTI       	PAY GRP	"," 1,410.64 ",," 1,410.64 ",
21/09/2022,6. Aug'22 to Oct'22,Q4 - 2022,Wages,"HARSHA VUDUMULA       	PAY GRP	"," 1,410.64 ",," 1,410.64 ",
21/09/2022,6. Aug'22 to Oct'22,Q4 - 2022,Wages,"KHALEELUDDIN MOHAM    	PAY GRP	"," 1,410.64 ",," 1,410.64 ",
21/09/2022,6. Aug'22 to Oct'22,Q4 - 2022,Wages,"MALIK ASIF            	PAY GRP	"," 1,410.64 ",," 1,410.64 ",
21/09/2022,6. Aug'22 to Oct'22,Q4 - 2022,Wages,"REVANTH REDDY CHUN    	PAY GRP	"," 1,410.64 ",," 1,410.64 ",
22/09/2022,6. Aug'22 to Oct'22,Q4 - 2022,Wages,"NULL JATIN BATHULA    	PAY GRP	"," 1,410.60 ",," 1,410.60 ",
26/09/2022,6. Aug'22 to Oct'22,Q4 - 2022,Wages,"ABDUL HYDER MOHAMM    	PAY GRP	"," 1,410.64 ",," 1,410.64 ",
26/09/2022,6. Aug'22 to Oct'22,Q4 - 2022,Wages,"ABDUL QADEER KHAN     	PAY GRP	"," 1,410.64 ",," 1,410.64 ",
26/09/2022,6. Aug'22 to Oct'22,Q4 - 2022,Wages,"ABDUL RAHMAN BIN S    	PAY GRP	"," 1,421.37 ",," 1,421.37 ",
26/09/2022,6. Aug'22 to Oct'22,Q4 - 2022,Wages,"AHMED YASER           	PAY GRP	"," 1,410.16 ",," 1,410.16 ",
26/09/2022,6. Aug'22 to Oct'22,Q4 - 2022,Wages,"AKHILA KUNTIMEKALA    	PAY GRP	"," 1,410.64 ",," 1,410.64 ",
26/09/2022,6. Aug'22 to Oct'22,Q4 - 2022,Wages,"ALAMZEB HAMID         	PAY GRP	", 134.40 ,, 134.40 ,
26/09/2022,6. Aug'22 to Oct'22,Q4 - 2022,Wages,"ALI NAWAZ             	PAY GRP	"," 1,410.64 ",," 1,410.64 ",
26/09/2022,6. Aug'22 to Oct'22,Q4 - 2022,Wages,"AMAIR MOHAMED         	PAY GRP	"," 1,410.64 ",," 1,410.64 ",
26/09/2022,6. Aug'22 to Oct'22,Q4 - 2022,Wages,"AMANI KASULA          	PAY GRP	"," 1,410.64 ",," 1,410.64 ",
26/09/2022,6. Aug'22 to Oct'22,Q4 - 2022,Wages,"AMER SHAIK            	PAY GRP	"," 1,410.64 ",," 1,410.64 ",
26/09/2022,6. Aug'22 to Oct'22,Q4 - 2022,Wages,"ANIL KUMAR VURIPIN    	PAY GRP	"," 1,410.64 ",," 1,410.64 ",
26/09/2022,6. Aug'22 to Oct'22,Q4 - 2022,Wages,"ASAD ULLAH            	PAY GRP	", 268.80 ,, 268.80 ,
26/09/2022,6. Aug'22 to Oct'22,Q4 - 2022,Wages,"ASIF ZADA             	PAY GRP	"," 1,410.64 ",," 1,410.64 ",
26/09/2022,6. Aug'22 to Oct'22,Q4 - 2022,Wages,"AWAIS UR RAHMAN       	PAY GRP	"," 1,410.64 ",," 1,410.64 ",
26/09/2022,6. Aug'22 to Oct'22,Q4 - 2022,Wages,"AYESHA JABEEN         	PAY GRP	"," 1,187.17 ",," 1,187.17 ",
26/09/2022,6. Aug'22 to Oct'22,Q4 - 2022,Wages,"AYESHA TARANNUM       	PAY GRP	"," 1,410.64 ",," 1,410.64 ",
26/09/2022,6. Aug'22 to Oct'22,Q4 - 2022,Wages,"AZAM BAIG MIRZA       	PAY GRP	"," 1,410.64 ",," 1,410.64 ",
26/09/2022,6. Aug'22 to Oct'22,Q4 - 2022,Wages,"AZEEM ULLAH           	PAY GRP	", 134.40 ,, 134.40 ,
26/09/2022,6. Aug'22 to Oct'22,Q4 - 2022,Wages,"BALA SRINIVAS ANCH    	PAY GRP	"," 1,410.64 ",," 1,410.64 ",
26/09/2022,6. Aug'22 to Oct'22,Q4 - 2022,Wages,"BHANDARU REVANTH      	PAY GRP	"," 1,410.64 ",," 1,410.64 ",
26/09/2022,6. Aug'22 to Oct'22,Q4 - 2022,Wages,"BHASKAR KAKUMANU      	PAY GRP	"," 1,410.64 ",," 1,410.64 ",
26/09/2022,6. Aug'22 to Oct'22,Q4 - 2022,Wages,"CHANDRA MOULI DWAR    	PAY GRP	"," 1,410.64 ",," 1,410.64 ",
26/09/2022,6. Aug'22 to Oct'22,Q4 - 2022,Wages,"CHARITHA UPPALAPAT    	PAY GRP	"," 1,410.64 ",," 1,410.64 ",
26/09/2022,6. Aug'22 to Oct'22,Q4 - 2022,Wages,"DAWOOD HAIDER         	PAY GRP	"," 1,410.64 ",," 1,410.64 ",
26/09/2022,6. Aug'22 to Oct'22,Q4 - 2022,Wages,"DHANAPRAKASH TIRUM    	PAY GRP	"," 1,410.64 ",," 1,410.64 ",
26/09/2022,6. Aug'22 to Oct'22,Q4 - 2022,Wages,"DHANURDHAR DOOSA      	PAY GRP	"," 1,410.64 ",," 1,410.64 ",
26/09/2022,6. Aug'22 to Oct'22,Q4 - 2022,Wages,"FAIZ ULLAH            	PAY GRP	"," 1,410.64 ",," 1,410.64 ",
26/09/2022,6. Aug'22 to Oct'22,Q4 - 2022,Wages,"GOPI KRISHNA DAMMA    	PAY GRP	", 940.80 ,, 940.80 ,
26/09/2022,6. Aug'22 to Oct'22,Q4 - 2022,Wages,"HAFIZ MUHAMMAD AKM    	PAY GRP	"," 1,410.64 ",," 1,410.64 ",
26/09/2022,6. Aug'22 to Oct'22,Q4 - 2022,Wages,"HAJI MASTAN           	PAY GRP	"," 1,410.64 ",," 1,410.64 ",
26/09/2022,6. Aug'22 to Oct'22,Q4 - 2022,Wages,"HASEEB UL HASSAN      	PAY GRP	"," 1,410.64 ",," 1,410.64 ",
26/09/2022,6. Aug'22 to Oct'22,Q4 - 2022,Wages,"ILYAS WAHID           	PAY GRP	"," 1,294.05 ",," 1,294.05 ",
26/09/2022,6. Aug'22 to Oct'22,Q4 - 2022,Wages,"IMRAN MOHAMMED        	PAY GRP	"," 1,410.64 ",," 1,410.64 ",
26/09/2022,6. Aug'22 to Oct'22,Q4 - 2022,Wages,"IRAM HUSSAIN          	PAY GRP	"," 1,410.64 ",," 1,410.64 ",
26/09/2022,6. Aug'22 to Oct'22,Q4 - 2022,Wages,"IZHAR KHAN            	PAY GRP	"," 1,410.64 ",," 1,410.64 ",
26/09/2022,6. Aug'22 to Oct'22,Q4 - 2022,Wages,"J MIRIYALA            	PAY GRP	"," 1,410.64 ",," 1,410.64 ",
26/09/2022,6. Aug'22 to Oct'22,Q4 - 2022,Wages,"JEEVANKUMAR PASUPU    	PAY GRP	"," 1,410.64 ",," 1,410.64 ",
26/09/2022,6. Aug'22 to Oct'22,Q4 - 2022,Wages,"KRANTHI VELAGAPUDI    	PAY GRP	"," 1,410.64 ",," 1,410.64 ",
26/09/2022,6. Aug'22 to Oct'22,Q4 - 2022,Wages,"LAKSHMI VARA PRASA    	PAY GRP	"," 1,410.64 ",," 1,410.64 ",
26/09/2022,6. Aug'22 to Oct'22,Q4 - 2022,Wages,"MAHENDRA REDDY KON    	PAY GRP	", 672.00 ,, 672.00 ,
26/09/2022,6. Aug'22 to Oct'22,Q4 - 2022,Wages,"MAIMUNA RUHI          	PAY GRP	"," 1,410.64 ",," 1,410.64 ",
26/09/2022,6. Aug'22 to Oct'22,Q4 - 2022,Wages,"MANIKANTA ALLURI      	PAY GRP	"," 1,488.37 ",," 1,488.37 ",
26/09/2022,6. Aug'22 to Oct'22,Q4 - 2022,Wages,"MANIKANTA ALLURI      	PAY GRP	"," 1,410.00 ",," 1,410.00 ",
26/09/2022,6. Aug'22 to Oct'22,Q4 - 2022,Wages,"MASTAN VALLI GURRA    	PAY GRP	"," 1,410.64 ",," 1,410.64 ",
26/09/2022,6. Aug'22 to Oct'22,Q4 - 2022,Wages,"MIR MURTAZA ALI KH    	PAY GRP	"," 1,410.64 ",," 1,410.64 ",
26/09/2022,6. Aug'22 to Oct'22,Q4 - 2022,Wages,"MOHAMMED ABDUL KAR    	PAY GRP	"," 1,410.64 ",," 1,410.64 ",
26/09/2022,6. Aug'22 to Oct'22,Q4 - 2022,Wages,"MOHAMMED ABDUL RAH    	PAY GRP	"," 1,410.64 ",," 1,410.64 ",
26/09/2022,6. Aug'22 to Oct'22,Q4 - 2022,Wages,"MOHAMMED AMER KHAN    	PAY GRP	"," 1,410.64 ",," 1,410.64 ",
26/09/2022,6. Aug'22 to Oct'22,Q4 - 2022,Wages,"MOHAMMED INAMULLAH    	PAY GRP	"," 1,410.64 ",," 1,410.64 ",
26/09/2022,6. Aug'22 to Oct'22,Q4 - 2022,Wages,"MOHAMMED ISAQ WAHE    	PAY GRP	"," 1,410.64 ",," 1,410.64 ",
26/09/2022,6. Aug'22 to Oct'22,Q4 - 2022,Wages,"MOHAMMED SHAZLI       	PAY GRP	"," 1,410.64 ",," 1,410.64 ",
26/09/2022,6. Aug'22 to Oct'22,Q4 - 2022,Wages,"MOHAN KUMAR VUYYUR    	PAY GRP	"," 1,410.64 ",," 1,410.64 ",
26/09/2022,6. Aug'22 to Oct'22,Q4 - 2022,Wages,"MOHSIN SAJID          	PAY GRP	"," 1,410.64 ",," 1,410.64 ",
26/09/2022,6. Aug'22 to Oct'22,Q4 - 2022,Wages,"MR ANKIT ANKIT        	PAY GRP	"," 1,060.86 ",," 1,060.86 ",
26/09/2022,6. Aug'22 to Oct'22,Q4 - 2022,Wages,"MR MAJID SHAIK        	PAY GRP	"," 1,410.64 ",," 1,410.64 ",
26/09/2022,6. Aug'22 to Oct'22,Q4 - 2022,Wages,"MR MOHAMMED SYED      	PAY GRP	"," 1,410.64 ",," 1,410.64 ",
26/09/2022,6. Aug'22 to Oct'22,Q4 - 2022,Wages,"MR MUJEEB SHAIK       	PAY GRP	"," 1,410.64 ",," 1,410.64 ",
26/09/2022,6. Aug'22 to Oct'22,Q4 - 2022,Wages,"MR RAHUL SARSAN       	PAY GRP	"," 1,410.64 ",," 1,410.64 ",
26/09/2022,6. Aug'22 to Oct'22,Q4 - 2022,Wages,"MR SAI TEJA NIMMAN    	PAY GRP	"," 1,410.64 ",," 1,410.64 ",
26/09/2022,6. Aug'22 to Oct'22,Q4 - 2022,Wages,"MR SANTHOSH REDDY     	PAY GRP	"," 1,410.64 ",," 1,410.64 ",
26/09/2022,6. Aug'22 to Oct'22,Q4 - 2022,Wages,"MR SAYA REDDY GAIN    	PAY GRP	"," 1,410.64 ",," 1,410.64 ",
26/09/2022,6. Aug'22 to Oct'22,Q4 - 2022,Wages,"MR SHAIK AHMED        	PAY GRP	"," 1,410.64 ",," 1,410.64 ",
26/09/2022,6. Aug'22 to Oct'22,Q4 - 2022,Wages,"MR SHAIK SALMAN       	PAY GRP	"," 1,410.64 ",," 1,410.64 ",
26/09/2022,6. Aug'22 to Oct'22,Q4 - 2022,Wages,"MR SYED SYED ABDUL    	PAY GRP	"," 1,410.64 ",," 1,410.64 ",
26/09/2022,6. Aug'22 to Oct'22,Q4 - 2022,Wages,"MR VEERENDRA GOTTI    	PAY GRP	"," 1,410.64 ",," 1,410.64 ",
26/09/2022,6. Aug'22 to Oct'22,Q4 - 2022,Wages,"MRUTHUMJAYA MUNNAN    	PAY GRP	"," 1,410.64 ",," 1,410.64 ",
26/09/2022,6. Aug'22 to Oct'22,Q4 - 2022,Wages,"MUHAMMAD A SOHAIL     	PAY GRP	"," 1,410.64 ",," 1,410.64 ",
26/09/2022,6. Aug'22 to Oct'22,Q4 - 2022,Wages,"MUHAMMAD AMMAR HAI    	PAY GRP	", 268.80 ,, 268.80 ,
26/09/2022,6. Aug'22 to Oct'22,Q4 - 2022,Wages,"MUHAMMAD ARSLAN SA    	PAY GRP	"," 1,410.64 ",," 1,410.64 ",
26/09/2022,6. Aug'22 to Oct'22,Q4 - 2022,Wages,"MUHAMMAD KASHIF       	PAY GRP	", 672.00 ,, 672.00 ,
26/09/2022,6. Aug'22 to Oct'22,Q4 - 2022,Wages,"MUHAMMAD KASHIF       	PAY GRP	", 0.10 ,, 0.10 ,
26/09/2022,6. Aug'22 to Oct'22,Q4 - 2022,Wages,"MUHAMMAD KASHIF NI    	PAY GRP	"," 1,410.64 ",," 1,410.64 ",
26/09/2022,6. Aug'22 to Oct'22,Q4 - 2022,Wages,"MUHAMMAD KASHIF NI    	PAY GRP	", 0.64 ,, 0.64 ,
26/09/2022,6. Aug'22 to Oct'22,Q4 - 2022,Wages,"NARESH DANTHALA       	PAY GRP	"," 1,410.64 ",," 1,410.64 ",
26/09/2022,6. Aug'22 to Oct'22,Q4 - 2022,Wages,"NARESH DANTHALA       	PAY GRP	", 0.64 ,, 0.64 ,
26/09/2022,6. Aug'22 to Oct'22,Q4 - 2022,Wages,"NASEER UDDIN SYED     	PAY GRP	"," 1,410.64 ",," 1,410.64 ",
26/09/2022,6. Aug'22 to Oct'22,Q4 - 2022,Wages,"NASEER UDDIN SYED     	PAY GRP	", 0.64 ,, 0.64 ,
26/09/2022,6. Aug'22 to Oct'22,Q4 - 2022,Wages,"NAWAB SHAREEF MOHA    	PAY GRP	"," 1,410.64 ",," 1,410.64 ",
26/09/2022,6. Aug'22 to Oct'22,Q4 - 2022,Wages,"NAWAB SHAREEF MOHA    	PAY GRP	", 0.64 ,, 0.64 ,
26/09/2022,6. Aug'22 to Oct'22,Q4 - 2022,Wages,"NIKHITHA KALASHIKA    	PAY GRP	"," 1,332.91 ",," 1,332.91 ",
26/09/2022,6. Aug'22 to Oct'22,Q4 - 2022,Wages,"NIRISHA DEVI VANAC    	PAY GRP	", 940.80 ,, 940.80 ,
26/09/2022,6. Aug'22 to Oct'22,Q4 - 2022,Wages,"NIROSHA RAMAVATH      	PAY GRP	"," 1,410.64 ",," 1,410.64 ",
26/09/2022,6. Aug'22 to Oct'22,Q4 - 2022,Wages,"OSIM SHAIK            	PAY GRP	"," 1,410.64 ",," 1,410.64 ",
26/09/2022,6. Aug'22 to Oct'22,Q4 - 2022,Wages,"PAVAN KUMAR GUNAKA    	PAY GRP	"," 1,410.64 ",," 1,410.64 ",
26/09/2022,6. Aug'22 to Oct'22,Q4 - 2022,Wages,"PAVAN KUMAR PERAMC    	PAY GRP	"," 1,410.64 ",," 1,410.64 ",
26/09/2022,6. Aug'22 to Oct'22,Q4 - 2022,Wages,"PRATHYUSHA REDDY      	PAY GRP	"," 1,294.05 ",," 1,294.05 ",
26/09/2022,6. Aug'22 to Oct'22,Q4 - 2022,Wages,"PUNEET KUMAR          	PAY GRP	"," 1,410.64 ",," 1,410.64 ",
26/09/2022,6. Aug'22 to Oct'22,Q4 - 2022,Wages,"RACHERLA CHIRANJEE    	PAY GRP	"," 1,410.64 ",," 1,410.64 ",
26/09/2022,6. Aug'22 to Oct'22,Q4 - 2022,Wages,"RAGHAVENDRARAO KAN    	PAY GRP	"," 1,410.64 ",," 1,410.64 ",
26/09/2022,6. Aug'22 to Oct'22,Q4 - 2022,Wages,"RAJ MUHAMMAD          	PAY GRP	"," 1,410.64 ",," 1,410.64 ",
26/09/2022,6. Aug'22 to Oct'22,Q4 - 2022,Wages,"RAJASHEKAR REDDY N    	PAY GRP	"," 1,410.64 ",," 1,410.64 ",
26/09/2022,6. Aug'22 to Oct'22,Q4 - 2022,Wages,"RAVIKUMAR KASULA      	PAY GRP	"," 1,410.64 ",," 1,410.64 ",
26/09/2022,6. Aug'22 to Oct'22,Q4 - 2022,Wages,"REVANTH POTLURI       	PAY GRP	"," 1,410.64 ",," 1,410.64 ",
26/09/2022,6. Aug'22 to Oct'22,Q4 - 2022,Wages,"RITHISH MACHARLA      	PAY GRP	"," 1,993.60 ",," 1,993.60 ",
26/09/2022,6. Aug'22 to Oct'22,Q4 - 2022,Wages,"SAAD ASHRAF           	PAY GRP	"," 1,410.64 ",," 1,410.64 ",
26/09/2022,6. Aug'22 to Oct'22,Q4 - 2022,Wages,"SABOOD MUNIR          	PAY GRP	"," 1,060.86 ",," 1,060.86 ",
26/09/2022,6. Aug'22 to Oct'22,Q4 - 2022,Wages,"SAFDAR SALEEM         	PAY GRP	", 806.40 ,, 806.40 ,
26/09/2022,6. Aug'22 to Oct'22,Q4 - 2022,Wages,"SAIF ULLAH            	PAY GRP	"," 1,410.64 ",," 1,410.64 ",
26/09/2022,6. Aug'22 to Oct'22,Q4 - 2022,Wages,"SAIKIRAN KOTAGIRI     	PAY GRP	"," 1,410.64 ",," 1,410.64 ",
26/09/2022,6. Aug'22 to Oct'22,Q4 - 2022,Wages,"SARA ASMAT            	PAY GRP	", 403.20 ,, 403.20 ,
26/09/2022,6. Aug'22 to Oct'22,Q4 - 2022,Wages,"SATYANARAYANA PATI    	PAY GRP	"," 1,410.64 ",," 1,410.64 ",
26/09/2022,6. Aug'22 to Oct'22,Q4 - 2022,Wages,"SHAFEE KHAN MOHAMM    	PAY GRP	"," 1,410.64 ",," 1,410.64 ",
26/09/2022,6. Aug'22 to Oct'22,Q4 - 2022,Wages,"SHAHEER IHSAN         	PAY GRP	"," 1,410.64 ",," 1,410.64 ",
26/09/2022,6. Aug'22 to Oct'22,Q4 - 2022,Wages,"SHAHZAIB SHAKEEL      	PAY GRP	"," 1,410.64 ",," 1,410.64 ",
26/09/2022,6. Aug'22 to Oct'22,Q4 - 2022,Wages,"SHAHZEB KHAN          	PAY GRP	"," 1,294.05 ",," 1,294.05 ",
26/09/2022,6. Aug'22 to Oct'22,Q4 - 2022,Wages,"SHAIK IRFAN AHMED     	PAY GRP	"," 1,410.64 ",," 1,410.64 ",
26/09/2022,6. Aug'22 to Oct'22,Q4 - 2022,Wages,"SREE AMRUTH KOYALK    	PAY GRP	"," 1,410.64 ",," 1,410.64 ",
26/09/2022,6. Aug'22 to Oct'22,Q4 - 2022,Wages,"SRINIDHI PENTA        	PAY GRP	"," 1,313.48 ",," 1,313.48 ",
26/09/2022,6. Aug'22 to Oct'22,Q4 - 2022,Wages,"SUMANTH REDDY BURR    	PAY GRP	"," 1,332.91 ",," 1,332.91 ",
26/09/2022,6. Aug'22 to Oct'22,Q4 - 2022,Wages,"SUNDER REDDY NELAK    	PAY GRP	"," 1,410.64 ",," 1,410.64 ",
26/09/2022,6. Aug'22 to Oct'22,Q4 - 2022,Wages,"SWETHA PALEM          	PAY GRP	"," 1,191.64 ",," 1,191.64 ",
26/09/2022,6. Aug'22 to Oct'22,Q4 - 2022,Wages,"SYED ARSALAN ALI      	PAY GRP	"," 1,410.64 ",," 1,410.64 ",
26/09/2022,6. Aug'22 to Oct'22,Q4 - 2022,Wages,"SYED GHALIB           	PAY GRP	"," 1,410.64 ",," 1,410.64 ",
26/09/2022,6. Aug'22 to Oct'22,Q4 - 2022,Wages,"SYED IQBAL HUSSAIN    	PAY GRP	"," 1,060.86 ",," 1,060.86 ",
26/09/2022,6. Aug'22 to Oct'22,Q4 - 2022,Wages,"SYEDA JAVERIA         	PAY GRP	"," 1,410.64 ",," 1,410.64 ",
26/09/2022,6. Aug'22 to Oct'22,Q4 - 2022,Wages,"TANUJA VELAGA         	PAY GRP	"," 1,313.48 ",," 1,313.48 ",
26/09/2022,6. Aug'22 to Oct'22,Q4 - 2022,Wages,"TASLEEM AFROZ         	PAY GRP	"," 1,410.64 ",," 1,410.64 ",
26/09/2022,6. Aug'22 to Oct'22,Q4 - 2022,Wages,"THANVEER FATIMA       	PAY GRP	"," 1,410.64 ",," 1,410.64 ",
26/09/2022,6. Aug'22 to Oct'22,Q4 - 2022,Wages,"TOUQEER AHMED SYED    	PAY GRP	"," 1,410.64 ",," 1,410.64 ",
26/09/2022,6. Aug'22 to Oct'22,Q4 - 2022,Wages,"TUSHAR RAJ CHARI H    	PAY GRP	"," 1,410.64 ",," 1,410.64 ",
26/09/2022,6. Aug'22 to Oct'22,Q4 - 2022,Wages,"UZER AHMED KHAN       	PAY GRP	"," 1,294.05 ",," 1,294.05 ",
26/09/2022,6. Aug'22 to Oct'22,Q4 - 2022,Wages,"VAMSHIKRISHNA REDD    	PAY GRP	"," 1,410.64 ",," 1,410.64 ",
26/09/2022,6. Aug'22 to Oct'22,Q4 - 2022,Wages,"VENKATA CHALAPATHI    	PAY GRP	"," 1,410.64 ",," 1,410.64 ",
26/09/2022,6. Aug'22 to Oct'22,Q4 - 2022,Wages,"VENKATA LOKESH MAD    	PAY GRP	"," 1,410.64 ",," 1,410.64 ",
26/09/2022,6. Aug'22 to Oct'22,Q4 - 2022,Wages,"VENKATESWARA RAO S    	PAY GRP	"," 1,410.64 ",," 1,410.64 ",
26/09/2022,6. Aug'22 to Oct'22,Q4 - 2022,Wages,"VINAY KUMAR MUSINA    	PAY GRP	"," 1,410.64 ",," 1,410.64 ",
26/09/2022,6. Aug'22 to Oct'22,Q4 - 2022,Wages,"WAHED MOHAMMED NOM    	PAY GRP	"," 1,410.64 ",," 1,410.64 ",
26/09/2022,6. Aug'22 to Oct'22,Q4 - 2022,Wages,"YASIN MOHAMMED        	PAY GRP	"," 1,410.64 ",," 1,410.64 ",
26/09/2022,6. Aug'22 to Oct'22,Q4 - 2022,Wages,"YASIR ARAFAT          	PAY GRP	"," 1,410.64 ",," 1,410.64 ",
26/09/2022,6. Aug'22 to Oct'22,Q4 - 2022,Wages,"YASIR UMER            	PAY GRP	"," 1,410.64 ",," 1,410.64 ",
27/09/2022,6. Aug'22 to Oct'22,Q4 - 2022,Wages,"MUHAMMAD FAHEEM       	PAY GRP	"," 1,410.64 ",," 1,410.64 ",
27/09/2022,6. Aug'22 to Oct'22,Q4 - 2022,Wages,"MUHAMMAD KALEEM       	PAY GRP	", 940.80 ,, 940.80 ,
28/09/2022,6. Aug'22 to Oct'22,Q4 - 2022,Wages,"HIMAPRIYA GOTTUMUK    	PAY FT	"," 1,457.00 ",," 1,457.00 ",
28/09/2022,6. Aug'22 to Oct'22,Q4 - 2022,Wages,"MOHAMMED TAQIUDDIN    	PAY GRP	"," 1,410.64 ",," 1,410.64 ",
28/09/2022,6. Aug'22 to Oct'22,Q4 - 2022,Wages,"PRIYANKA PULUKURI     	PAY GRP	"," 1,410.64 ",," 1,410.64 ",
30/09/2022,6. Aug'22 to Oct'22,Q4 - 2022,Wages,"ABDUL MOHAMMED        	PAY GRP	", 233.00 ,, 233.00 ,
30/09/2022,6. Aug'22 to Oct'22,Q4 - 2022,Wages,"ABDUL MUQEETH AHSA    	PAY GRP	", 469.84 ,, 469.84 ,
30/09/2022,6. Aug'22 to Oct'22,Q4 - 2022,Wages,"ALI HAIDER            	PAY GRP	", 604.24 ,, 604.24 ,
30/09/2022,6. Aug'22 to Oct'22,Q4 - 2022,Wages,"DILEEP CHIRAVURI      	PAY GRP	", 403.00 ,, 403.00 ,
30/09/2022,6. Aug'22 to Oct'22,Q4 - 2022,Wages,"MR A A KHAN           	PAY GRP	"," 1,410.64 ",," 1,410.64 ",
30/09/2022,6. Aug'22 to Oct'22,Q4 - 2022,Wages,"MR A PAKKER           	PAY GRP	", 469.84 ,, 469.84 ,
30/09/2022,6. Aug'22 to Oct'22,Q4 - 2022,Wages,"MR MUHAMMAD FAISAL    	PAY GRP	"," 1,410.64 ",," 1,410.64 ",
30/09/2022,6. Aug'22 to Oct'22,Q4 - 2022,Wages,"MR ZEESHAN AKBAR      	PAY GRP	", 604.24 ,, 604.24 ,
30/09/2022,6. Aug'22 to Oct'22,Q4 - 2022,Wages,"NIKHIL VASA           	PAY GRP	"," 1,449.50 ",," 1,449.50 ",
30/09/2022,6. Aug'22 to Oct'22,Q4 - 2022,Wages,"NULL ABDULAAHI JAM    	PAY GRP	", 537.60 ,, 537.60 ,
30/09/2022,6. Aug'22 to Oct'22,Q4 - 2022,Wages,"RAJA AMISH ALI        	PAY GRP	"," 1,410.64 ",," 1,410.64 ",
30/09/2022,6. Aug'22 to Oct'22,Q4 - 2022,Wages,"SAIRAM ATIRACHA       	PAY GRP	", 155.64 ,, 155.64 ,
30/09/2022,6. Aug'22 to Oct'22,Q4 - 2022,Wages,"SRI DADABOINA         	PAY GRP	"," 1,410.64 ",," 1,410.64 ",
30/09/2022,6. Aug'22 to Oct'22,Q4 - 2022,Wages,"SYED ABRAR ALI        	PAY GRP	", 873.04 ,, 873.04 ,
30/09/2022,6. Aug'22 to Oct'22,Q4 - 2022,Wages,"VENKATESWARA BOLLI    	PAY GRP	"," 1,410.64 ",," 1,410.64 ",
30/09/2022,6. Aug'22 to Oct'22,Q4 - 2022,Wages,"VITTAL ROY GADDAM     	PAY GRP	", 604.24 ,, 604.24 ,
30/09/2022,6. Aug'22 to Oct'22,Q4 - 2022,Wages,"YUVARAJ BANOTH        	PAY GRP	"," 1,177.46 ",," 1,177.46 ",
04/10/2022,6. Aug'22 to Oct'22,Q4 - 2022,Wages,"ABDUL MOHAMMED        	PAY GRP	"," 1,410.64 ",," 1,410.64 ",
04/10/2022,6. Aug'22 to Oct'22,Q4 - 2022,Wages,"ABDUL MUQEETH AHSA    	PAY GRP	"," 1,060.86 ",," 1,060.86 ",
04/10/2022,6. Aug'22 to Oct'22,Q4 - 2022,Wages,"ABDUL RAHMAN ALI S    	PAY GRP	", 268.80 ,, 268.80 ,
04/10/2022,6. Aug'22 to Oct'22,Q4 - 2022,Wages,"ABDUL RAHMAN ALI S    	PAY GRP	"," 1,410.64 ",," 1,410.64 ",
04/10/2022,6. Aug'22 to Oct'22,Q4 - 2022,Wages,"ABDULLAH              	PAY GRP	"," 1,410.64 ",," 1,410.64 ",
04/10/2022,6. Aug'22 to Oct'22,Q4 - 2022,Wages,"ABDULLAH              	PAY GRP	", 0.10 ,, 0.10 ,
04/10/2022,6. Aug'22 to Oct'22,Q4 - 2022,Wages,"ABHINAV REDDY         	PAY GRP	"," 1,410.64 ",," 1,410.64 ",
04/10/2022,6. Aug'22 to Oct'22,Q4 - 2022,Wages,"AHMED AFTAB           	PAY GRP	"," 1,060.86 ",," 1,060.86 ",
04/10/2022,6. Aug'22 to Oct'22,Q4 - 2022,Wages,"ALI HAIDER            	PAY GRP	", 940.80 ,, 940.80 ,
04/10/2022,6. Aug'22 to Oct'22,Q4 - 2022,Wages,"AZIZ ULLAH            	PAY GRP	", 806.40 ,, 806.40 ,
04/10/2022,6. Aug'22 to Oct'22,Q4 - 2022,Wages,"DANISH ABDUL KAREE    	PAY GRP	"," 1,410.64 ",," 1,410.64 ",
04/10/2022,6. Aug'22 to Oct'22,Q4 - 2022,Wages,"DIVYA BHUKYA          	PAY GRP	"," 1,332.91 ",," 1,332.91 ",
04/10/2022,6. Aug'22 to Oct'22,Q4 - 2022,Wages,"FARHAN KHAN           	PAY GRP	"," 1,410.64 ",," 1,410.64 ",
04/10/2022,6. Aug'22 to Oct'22,Q4 - 2022,Wages,"FAWAD KHAN            	PAY GRP	"," 1,410.64 ",," 1,410.64 ",
04/10/2022,6. Aug'22 to Oct'22,Q4 - 2022,Wages,"JAWAHARLAL RAMAVAT    	PAY GRP	"," 1,410.64 ",," 1,410.64 ",
04/10/2022,6. Aug'22 to Oct'22,Q4 - 2022,Wages,"KRISHNA ARAVALLI      	PAY GRP	", 806.40 ,, 806.40 ,
04/10/2022,6. Aug'22 to Oct'22,Q4 - 2022,Wages,"KRISHNA ARAVALLI      	PAY GRP	"," 1,410.64 ",," 1,410.64 ",
04/10/2022,6. Aug'22 to Oct'22,Q4 - 2022,Wages,"MAMATHA CHIKATIMAM    	PAY GRP	"," 1,060.86 ",," 1,060.86 ",
04/10/2022,6. Aug'22 to Oct'22,Q4 - 2022,Wages,"MITESHKUMAR PATEL     	PAY GRP	"," 1,410.64 ",," 1,410.64 ",
04/10/2022,6. Aug'22 to Oct'22,Q4 - 2022,Wages,"MR -- MOHIT           	PAY GRP	", 806.40 ,, 806.40 ,
04/10/2022,6. Aug'22 to Oct'22,Q4 - 2022,Wages,"MR A PAKKER           	PAY GRP	"," 1,177.46 ",," 1,177.46 ",
04/10/2022,6. Aug'22 to Oct'22,Q4 - 2022,Wages,"MR ASFANDYAR KHAN     	PAY GRP	"," 1,410.64 ",," 1,410.64 ",
04/10/2022,6. Aug'22 to Oct'22,Q4 - 2022,Wages,"MR DEEPAK KOLLIPAR    	PAY GRP	"," 1,177.46 ",," 1,177.46 ",
04/10/2022,6. Aug'22 to Oct'22,Q4 - 2022,Wages,"MR FARHAN SHABBIR     	PAY GRP	"," 1,332.91 ",," 1,332.91 ",
04/10/2022,6. Aug'22 to Oct'22,Q4 - 2022,Wages,"MR K ANWAR            	PAY GRP	"," 1,410.64 ",," 1,410.64 ",
04/10/2022,6. Aug'22 to Oct'22,Q4 - 2022,Wages,"MR MUHAMMAD AFTAB     	PAY GRP	"," 1,332.91 ",," 1,332.91 ",
04/10/2022,6. Aug'22 to Oct'22,Q4 - 2022,Wages,"MR MUHAMMAD HAMZA     	PAY GRP	"," 1,410.64 ",," 1,410.64 ",
04/10/2022,6. Aug'22 to Oct'22,Q4 - 2022,Wages,"MR SAI BANDI          	PAY GRP	"," 1,410.64 ",," 1,410.64 ",
04/10/2022,6. Aug'22 to Oct'22,Q4 - 2022,Wages,"MR ZEESHAN AKBAR      	PAY GRP	", 940.80 ,, 940.80 ,
04/10/2022,6. Aug'22 to Oct'22,Q4 - 2022,Wages,"MS I LIAQUAT          	PAY GRP	"," 1,177.46 ",," 1,177.46 ",
04/10/2022,6. Aug'22 to Oct'22,Q4 - 2022,Wages,"MUHAMMAD ARSLAN KH    	PAY GRP	"," 1,410.64 ",," 1,410.64 ",
04/10/2022,6. Aug'22 to Oct'22,Q4 - 2022,Wages,"MUHAMMAD NISAR        	PAY GRP	"," 1,410.64 ",," 1,410.64 ",
04/10/2022,6. Aug'22 to Oct'22,Q4 - 2022,Wages,"NAQASH KHAN           	PAY GRP	"," 1,410.64 ",," 1,410.64 ",
04/10/2022,6. Aug'22 to Oct'22,Q4 - 2022,Wages,"NAVEEN KUMAR KUKAT    	PAY GRP	", 940.80 ,, 940.80 ,
04/10/2022,6. Aug'22 to Oct'22,Q4 - 2022,Wages,"NULL IMRAN MOHAMME    	PAY GRP	"," 2,082.64 ",," 2,082.64 ",
04/10/2022,6. Aug'22 to Oct'22,Q4 - 2022,Wages,"NULL JATIN BATHULA    	PAY GRP	"," 1,177.46 ",," 1,177.46 ",
04/10/2022,6. Aug'22 to Oct'22,Q4 - 2022,Wages,"PRASHANTH SEEMALA     	PAY GRP	"," 1,177.46 ",," 1,177.46 ",
04/10/2022,6. Aug'22 to Oct'22,Q4 - 2022,Wages,"PRUDHVI MANDAVA       	PAY GRP	", 940.80 ,, 940.80 ,
04/10/2022,6. Aug'22 to Oct'22,Q4 - 2022,Wages,"PRUDHVI MANDAVA       	PAY GRP	", 469.84 ,, 469.84 ,
04/10/2022,6. Aug'22 to Oct'22,Q4 - 2022,Wages,"PUNEET KUMAR          	PAY GRP	", 806.40 ,, 806.40 ,
04/10/2022,6. Aug'22 to Oct'22,Q4 - 2022,Wages,"RAB KHAN              	PAY GRP	"," 1,410.64 ",," 1,410.64 ",
04/10/2022,6. Aug'22 to Oct'22,Q4 - 2022,Wages,"SANDHYA DOSALE        	PAY GRP	", 940.80 ,, 940.80 ,
04/10/2022,6. Aug'22 to Oct'22,Q4 - 2022,Wages,"SHABAAZ MOHAMMED      	PAY GRP	"," 1,410.64 ",," 1,410.64 ",
04/10/2022,6. Aug'22 to Oct'22,Q4 - 2022,Wages,"SUMANTH REDDY SAND    	PAY GRP	"," 1,410.64 ",," 1,410.64 ",
04/10/2022,6. Aug'22 to Oct'22,Q4 - 2022,Wages,"SUNIL DUGGINENI       	PAY GRP	"," 1,060.86 ",," 1,060.86 ",
04/10/2022,6. Aug'22 to Oct'22,Q4 - 2022,Wages,"SYED ABRAR ALI        	PAY GRP	", 806.40 ,, 806.40 ,
04/10/2022,6. Aug'22 to Oct'22,Q4 - 2022,Wages,"TADI REDDY            	PAY GRP	"," 1,177.46 ",," 1,177.46 ",
04/10/2022,6. Aug'22 to Oct'22,Q4 - 2022,Wages,"VIJAY KUMAR CHERIP    	PAY GRP	"," 1,410.64 ",," 1,410.64 ",
04/10/2022,6. Aug'22 to Oct'22,Q4 - 2022,Wages,"VITTAL ROY GADDAM     	PAY GRP	", 873.04 ,, 873.04 ,
06/10/2022,6. Aug'22 to Oct'22,Q4 - 2022,Wages,"JAWARIA KHALID        	PAY GRP	"," 4,168.09 ",," 4,168.09 ",
06/10/2022,6. Aug'22 to Oct'22,Q4 - 2022,Wages,"MR COLIN A JONES      	PAY GRP	", 171.00 ,, 171.00 ,
06/10/2022,6. Aug'22 to Oct'22,Q4 - 2022,Wages,"RANDHIR TRILOCHUN     	THANKS GRP	", 159.99 ,, 159.99 ,
07/10/2022,6. Aug'22 to Oct'22,Q4 - 2022,Wages,"ABDUL SHAIK           	PAY GRP	", 840.00 ,, 840.00 ,
07/10/2022,6. Aug'22 to Oct'22,Q4 - 2022,Wages,"ADNAN HANIF           	PAY GRP	", 800.00 ,, 800.00 ,
07/10/2022,6. Aug'22 to Oct'22,Q4 - 2022,Wages,"ANANIA RABOSEA        	PAY GRP	", 375.25 ,, 375.25 ,
07/10/2022,6. Aug'22 to Oct'22,Q4 - 2022,Wages,"JAMSHED AHMED KHAN    	PAY GRP	"," 2,314.55 ",," 2,314.55 ",
07/10/2022,6. Aug'22 to Oct'22,Q4 - 2022,Wages,"M KHAN                	PAY GRP	", 114.00 ,, 114.00 ,
07/10/2022,6. Aug'22 to Oct'22,Q4 - 2022,Wages,"MANSOOR KHAN          	PAY GRP	", 330.00 ,, 330.00 ,
07/10/2022,6. Aug'22 to Oct'22,Q4 - 2022,Wages,"MIAN RAFI             	PAY GRP	", 765.00 ,, 765.00 ,
07/10/2022,6. Aug'22 to Oct'22,Q4 - 2022,Wages,"MOHAMMED IRFAN ALI    	PAY GRP	", 0.72 ,, 0.72 ,
07/10/2022,6. Aug'22 to Oct'22,Q4 - 2022,Wages,"MR HAJI R MAHOMED     	PAY GRP	", 342.00 ,, 342.00 ,
07/10/2022,6. Aug'22 to Oct'22,Q4 - 2022,Wages,"MR S PANUGANTI        	PAY GRP	"," 1,332.91 ",," 1,332.91 ",
07/10/2022,6. Aug'22 to Oct'22,Q4 - 2022,Wages,"MUHAMMAD HAMZA MUN    	PAY GRP	", 640.00 ,, 640.00 ,
07/10/2022,6. Aug'22 to Oct'22,Q4 - 2022,Wages,"MUNAF AHMED SYED      	PAY GRP	", 730.00 ,, 730.00 ,
07/10/2022,6. Aug'22 to Oct'22,Q4 - 2022,Wages,"SAI PRASANNA RAO M    	PAY GRP	", 204.25 ,, 204.25 ,
07/10/2022,6. Aug'22 to Oct'22,Q4 - 2022,Wages,"UMAR IHSAN            	PAY GRP	", 400.00 ,, 400.00 ,
07/10/2022,6. Aug'22 to Oct'22,Q4 - 2022,Wages,"UMME SANA             	PAY GRP	", 920.00 ,, 920.00 ,
07/10/2022,6. Aug'22 to Oct'22,Q4 - 2022,Wages,"WAQAS AHMAD           	PAY GRP	", 627.00 ,, 627.00 ,
10/10/2022,6. Aug'22 to Oct'22,Q4 - 2022,Wages,"AHSAN RAMZAN          	PAY GRP	", 209.00 ,, 209.00 ,
10/10/2022,6. Aug'22 to Oct'22,Q4 - 2022,Wages,"AKHTIAR AHMED         	PAY GRP	", 114.00 ,, 114.00 ,
10/10/2022,6. Aug'22 to Oct'22,Q4 - 2022,Wages,"ANJALI JHA            	PAY GRP	", 736.25 ,, 736.25 ,
10/10/2022,6. Aug'22 to Oct'22,Q4 - 2022,Wages,"AYUSH AGRAWAL         	PAY GRP	", 641.25 ,, 641.25 ,
10/10/2022,6. Aug'22 to Oct'22,Q4 - 2022,Wages,"IGE OLALEKAN          	PAY GRP	", 114.00 ,, 114.00 ,
10/10/2022,6. Aug'22 to Oct'22,Q4 - 2022,Wages,"KALEEM AHTESHAM       	PAY GRP	", 410.00 ,, 410.00 ,
10/10/2022,6. Aug'22 to Oct'22,Q4 - 2022,Wages,"MR ADNAN KHAN         	PAY GRP	", 720.00 ,, 720.00 ,
10/10/2022,6. Aug'22 to Oct'22,Q4 - 2022,Wages,"MR ARSHAD ARSHAD N    	PAY GRP	", 195.50 ,, 195.50 ,
10/10/2022,6. Aug'22 to Oct'22,Q4 - 2022,Wages,"MR BILAL RAFI         	PAY GRP	", 640.00 ,, 640.00 ,
10/10/2022,6. Aug'22 to Oct'22,Q4 - 2022,Wages,"MR HAFIZ TARIQ        	PAY GRP	"," 1,390.50 ",," 1,390.50 ",
10/10/2022,6. Aug'22 to Oct'22,Q4 - 2022,Wages,"MUHAMMAD HAMMAD AU    	PAY GRP	", 114.00 ,, 114.00 ,
10/10/2022,6. Aug'22 to Oct'22,Q4 - 2022,Wages,"MUHAMMAD YASEEN       	PAY GRP	", 505.00 ,, 505.00 ,
10/10/2022,6. Aug'22 to Oct'22,Q4 - 2022,Wages,"MUSHHOOD KHAN         	PAY GRP	", 456.00 ,, 456.00 ,
10/10/2022,6. Aug'22 to Oct'22,Q4 - 2022,Wages,"RAFIULLAH JABARKHA    	PAY GRP	"," 1,120.00 ",," 1,120.00 ",
10/10/2022,6. Aug'22 to Oct'22,Q4 - 2022,Wages,"SYED JUNAID AFRIDI    	PAY GRP	", 480.00 ,, 480.00 ,
10/10/2022,6. Aug'22 to Oct'22,Q4 - 2022,Wages,"TAHAR HAMOU-ALI       	PAY GRP	", 769.50 ,, 769.50 ,
10/10/2022,6. Aug'22 to Oct'22,Q4 - 2022,Wages,"USAMA SAEED           	PAY GRP	", 665.00 ,, 665.00 ,
10/10/2022,6. Aug'22 to Oct'22,Q4 - 2022,Wages,"VASIL VASILEV         	PAY GRP	", 261.25 ,, 261.25 ,
11/10/2022,6. Aug'22 to Oct'22,Q4 - 2022,Wages,"MUHAMMAD ZEESHAN      	PAY FT	"," 2,062.00 ",," 2,062.00 ",
11/10/2022,6. Aug'22 to Oct'22,Q4 - 2022,Wages,"SYED NAQVI            	PAY GRP	", 480.00 ,, 480.00 ,
17/10/2022,6. Aug'22 to Oct'22,Q4 - 2022,Wages,"MR COLIN A JONES      	PAY FT	", 171.00 ,, 171.00 ,
24/10/2022,6. Aug'22 to Oct'22,Q4 - 2022,Wages,"MANIKANTA ALLURI      	PAY BBP	"," 1,410.00 ",," 1,410.00 ",
31/10/2022,6. Aug'22 to Oct'22,Q4 - 2022,Wages,"MUHAMMAD RAHEEL AB    	PAY FT	", 600.00 ,, 600.00 ,
07/10/2022,6. Aug'22 to Oct'22,Q4 - 2022,Wages,"ARSALAN KHAN          	CLN GRP	", 660.00 , 110.00 , 550.00 ,
15/08/2022,6. Aug'22 to Oct'22,Q4 - 2022,YCB ACADEMY LIMITED,"YCB ACADEMY LIMITE    	CONSULTNACY STO	", 100.00 ,, 100.00 ,
14/09/2022,6. Aug'22 to Oct'22,Q4 - 2022,YCB ACADEMY LIMITED,"YCB ACADEMY LIMITE    	CONSULTNACY STO	", 100.00 ,, 100.00 ,
29/11/2022,7. Nov'22 to Jan'23,Q1 - 2023,ALLDAYPA Communication,"WWW.ALLDAYPA.COM      	ON 28 NOV BDC	", 156.80 , 26.13 , 130.67 ,
29/12/2022,7. Nov'22 to Jan'23,Q1 - 2023,ALLDAYPA Communication,"WWW.ALLDAYPA.COM      	ON 28 DEC BDC	", 177.68 , 29.61 , 148.07 ,
20/12/2022,7. Nov'22 to Jan'23,Q1 - 2023,BERKELEY ROWE LIMITED,"BERKELEY ROWE LIMI    	GUARDIANFM LTD BBP	"," 1,500.00 ", 250.00 ," 1,250.00 ",
21/11/2022,7. Nov'22 to Jan'23,Q1 - 2023,BIFFA WASTE SERVICES LIMITED,"BIFFA WASTE SERVIC    	B41299 DDR	", 83.42 , 13.90 , 69.52 ,
19/12/2022,7. Nov'22 to Jan'23,Q1 - 2023,BIFFA WASTE SERVICES LIMITED,"BIFFA WASTE SERVIC    	B41299 DDR	", 104.28 , 17.38 , 86.90 ,
23/01/2023,7. Nov'22 to Jan'23,Q1 - 2023,BIFFA WASTE SERVICES LIMITED,"BIFFA WASTE SERVIC    	B41299 DDR	", 91.63 , 15.27 , 76.36 ,
25/01/2023,7. Nov'22 to Jan'23,Q1 - 2023,Capital Protections Ltd,"CAPITAL PROTECTION    	PAYMENT BBP	", 811.70 , 135.28 , 676.42 ,
28/11/2022,7. Nov'22 to Jan'23,Q1 - 2023,COMPLIANCE SECURITY SERVICES LTD,"COMPLIANCE SECURIT    	AS INVOICED BBP	"," 29,409.60 "," 4,901.60 "," 24,508.00 ",
03/01/2023,7. Nov'22 to Jan'23,Q1 - 2023,COMPLIANCE SECURITY SERVICES LTD,"COMPLIANCE SECURIT    	AS INVOICED BBP	"," 24,774.44 "," 4,129.07 "," 20,645.37 ",
27/01/2023,7. Nov'22 to Jan'23,Q1 - 2023,COMPLIANCE SECURITY SERVICES LTD,"COMPLIANCE SECURIT    	AS INVOICED BBP	"," 14,000.00 "," 2,333.33 "," 11,666.67 ",
27/01/2023,7. Nov'22 to Jan'23,Q1 - 2023,COMPLIANCE SECURITY SERVICES LTD,"COMPLIANCE SECURIT    	AS INVOICED BBP	"," 8,469.57 "," 1,411.60 "," 7,057.98 ",
20/12/2022,7. Nov'22 to Jan'23,Q1 - 2023,Creditsafe Business Solutions Limited,"CREDIT SAFE           	949818 BBP	"," 1,380.00 ", 230.00 ," 1,150.00 ",
07/11/2022,7. Nov'22 to Jan'23,Q1 - 2023,O2 (UK) LIMITED T/A Telefónica UK Limited,"O2                    	05331910/001 DDR	", 51.32 , 8.55 , 42.77 ,
11/11/2022,7. Nov'22 to Jan'23,Q1 - 2023,O2 (UK) LIMITED T/A Telefónica UK Limited,"O2                    	GED37460874 DDR	", 29.76 , 4.96 , 24.80 ,
21/11/2022,7. Nov'22 to Jan'23,Q1 - 2023,O2 (UK) LIMITED T/A Telefónica UK Limited,"O2                    	GED61207858 DDR	", 21.32 , 3.55 , 17.77 ,
07/12/2022,7. Nov'22 to Jan'23,Q1 - 2023,O2 (UK) LIMITED T/A Telefónica UK Limited,"O2                    	05331910/001 DDR	", 51.32 , 8.55 , 42.77 ,
12/12/2022,7. Nov'22 to Jan'23,Q1 - 2023,O2 (UK) LIMITED T/A Telefónica UK Limited,"O2                    	GED37460874 DDR	", 29.76 , 4.96 , 24.80 ,
20/12/2022,7. Nov'22 to Jan'23,Q1 - 2023,O2 (UK) LIMITED T/A Telefónica UK Limited,"O2                    	GED61207858 DDR	", 21.32 , 3.55 , 17.77 ,
05/01/2023,7. Nov'22 to Jan'23,Q1 - 2023,O2 (UK) LIMITED T/A Telefónica UK Limited,"O2                    	05331910/001 DDR	", 51.32 , 8.55 , 42.77 ,
11/01/2023,7. Nov'22 to Jan'23,Q1 - 2023,O2 (UK) LIMITED T/A Telefónica UK Limited,"O2                    	GED37460874 DDR	", 29.76 , 4.96 , 24.80 ,
20/01/2023,7. Nov'22 to Jan'23,Q1 - 2023,O2 (UK) LIMITED T/A Telefónica UK Limited,"O2                    	GED61207858 DDR	", 21.32 , 3.55 , 17.77 ,
16/11/2022,7. Nov'22 to Jan'23,Q1 - 2023,SAGE SOFTWARE LTD,"SAGE SOFTWARE LTD     	PCNHPQC DDR	", 129.14 , 21.52 , 107.62 ,
16/12/2022,7. Nov'22 to Jan'23,Q1 - 2023,SAGE SOFTWARE LTD,"SAGE SOFTWARE LTD     	PCNHPQC DDR	", 129.14 , 21.52 , 107.62 ,
16/01/2023,7. Nov'22 to Jan'23,Q1 - 2023,SAGE SOFTWARE LTD,"SAGE SOFTWARE LTD     	PCNHPQC DDR	", 129.14 , 21.52 , 107.62 ,
07/11/2022,7. Nov'22 to Jan'23,Q1 - 2023,Wave Tel Ltd,"WAVETEL BUSINESS      	1001054 DDR	", 167.62 , 27.94 , 139.68 ,
07/12/2022,7. Nov'22 to Jan'23,Q1 - 2023,Wave Tel Ltd,"WAVETEL BUSINESS      	1001054 DDR	", 118.07 , 19.68 , 98.39 ,
09/01/2023,7. Nov'22 to Jan'23,Q1 - 2023,Wave Tel Ltd,"WAVETEL BUSINESS      	1001054 DDR	", 114.25 , 19.04 , 95.21 ,
02/11/2022,7. Nov'22 to Jan'23,Q1 - 2023,Xtreme Professional Cleaning Ltd,"XTREME PROFESSIONA    	AS INVOICED FT	"," 6,000.00 "," 1,000.00 "," 5,000.00 ",
11/11/2022,7. Nov'22 to Jan'23,Q1 - 2023,Xtreme Professional Cleaning Ltd,"XTREME PROFESSIONA    	AS INVOICED BBP	"," 20,000.00 "," 3,333.33 "," 16,666.67 ",
14/11/2022,7. Nov'22 to Jan'23,Q1 - 2023,Xtreme Professional Cleaning Ltd,"XTREME PROFESSIONA    	AS INVOICED FT	"," 25,000.00 "," 4,166.67 "," 20,833.33 ",
15/11/2022,7. Nov'22 to Jan'23,Q1 - 2023,Xtreme Professional Cleaning Ltd,"XTREME PROFESSIONA    	AS INVOICED FT	"," 26,000.00 "," 4,333.33 "," 21,666.67 ",
21/11/2022,7. Nov'22 to Jan'23,Q1 - 2023,Xtreme Professional Cleaning Ltd,"XTREME PROFESSIONA    	AS INVOICED BBP	"," 8,000.00 "," 1,333.33 "," 6,666.67 ",
28/11/2022,7. Nov'22 to Jan'23,Q1 - 2023,Xtreme Professional Cleaning Ltd,"XTREME PROFESSIONA    	AS INVOICED FT	"," 6,000.00 "," 1,000.00 "," 5,000.00 ",
08/12/2022,7. Nov'22 to Jan'23,Q1 - 2023,Xtreme Professional Cleaning Ltd,"XTREME PROFESSIONA    	AS INVOICED BBP	"," 35,000.00 "," 5,833.33 "," 29,166.67 ",
12/12/2022,7. Nov'22 to Jan'23,Q1 - 2023,Xtreme Professional Cleaning Ltd,"XTREME PROFESSIONA    	AS INVOICED BBP	"," 30,525.00 "," 5,087.50 "," 25,437.50 ",
14/12/2022,7. Nov'22 to Jan'23,Q1 - 2023,Xtreme Professional Cleaning Ltd,"XTREME PROFESSIONA    	AS INVOICED FT	"," 22,000.00 "," 3,666.67 "," 18,333.33 ",
03/01/2023,7. Nov'22 to Jan'23,Q1 - 2023,Xtreme Professional Cleaning Ltd,"XTREME PROFESSIONA    	AS INVOICED FT	"," 7,000.00 "," 1,166.67 "," 5,833.33 ",
12/01/2023,7. Nov'22 to Jan'23,Q1 - 2023,Xtreme Professional Cleaning Ltd,"XTREME PROFESSIONA    	AS INVOICED BBP	"," 35,000.00 "," 5,833.33 "," 29,166.67 ",
13/01/2023,7. Nov'22 to Jan'23,Q1 - 2023,Xtreme Professional Cleaning Ltd,"XTREME PROFESSIONA    	AS INVOICED BBP	"," 35,000.00 "," 5,833.33 "," 29,166.67 ",
16/01/2023,7. Nov'22 to Jan'23,Q1 - 2023,Xtreme Professional Cleaning Ltd,"XTREME PROFESSIONA    	AS INVOICED FT	"," 22,000.00 "," 3,666.67 "," 18,333.33 ",
18/01/2023,7. Nov'22 to Jan'23,Q1 - 2023,Xtreme Professional Cleaning Ltd,"XTREME PROFESSIONA    	AS INVOICED FT	"," 7,000.00 "," 1,166.67 "," 5,833.33 ",
30/01/2023,7. Nov'22 to Jan'23,Q1 - 2023,Xtreme Professional Cleaning Ltd,"XTREME PROFESSIONA    	AS INVOICED FT	"," 8,000.00 "," 1,333.33 "," 6,666.67 ",
09/11/2022,7. Nov'22 to Jan'23,Q1 - 2023,1Password,"1PASSWORD             CANADA	AMOUNT IN USD	4", 4.49 , 0.75 , 3.74 ,
09/12/2022,7. Nov'22 to Jan'23,Q1 - 2023,1Password,"1PASSWORD             CANADA	AMOUNT IN USD	4", 4.22 , 0.70 , 3.52 ,
10/01/2023,7. Nov'22 to Jan'23,Q1 - 2023,1Password,"1PASSWORD             CANADA	AMOUNT IN USD	4", 4.25 , 0.71 , 3.54 ,
23/11/2022,7. Nov'22 to Jan'23,Q1 - 2023,AAGUARD LTD,"AAGUARD LTD           	AS INVOICED BBP	"," 6,503.04 "," 1,083.84 "," 5,419.20 ",
28/12/2022,7. Nov'22 to Jan'23,Q1 - 2023,AAGUARD LTD,"AAGUARD LTD           	AS INVOICED BBP	"," 4,896.11 ", 816.02 ," 4,080.09 ",
27/01/2023,7. Nov'22 to Jan'23,Q1 - 2023,AAGUARD LTD,"AAGUARD LTD           	AS INVOICED BBP	"," 4,892.46 ", 815.41 ," 4,077.05 ",
03/01/2023,7. Nov'22 to Jan'23,Q1 - 2023,AB SALUTE GYM LTD,"AB SALUTE             45699BE197251049	FIRST", 37.50 ,, 37.50 ,
28/12/2022,7. Nov'22 to Jan'23,Q1 - 2023,AD2000 GROUP LTD,"AD2000 GROUP LTD      	AS INVOICED BBP	", 702.00 , 117.00 , 585.00 ,
07/11/2022,7. Nov'22 to Jan'23,Q1 - 2023,ADOBE ACROBAT,"ADOBE PRODUCTS        IRELAND	ON 07 NOV CPM	", 9.98 ,, 9.98 ,
10/11/2022,7. Nov'22 to Jan'23,Q1 - 2023,ADOBE ACROBAT,"ADOBE ACROPRO SUBS    IRELAND	ON 10 NOV CPM	", 15.17 ,, 15.17 ,
15/11/2022,7. Nov'22 to Jan'23,Q1 - 2023,ADOBE ACROBAT,"ADOBE ACROPRO SUBS    IRELAND	ON 14 NOV CPM	", 15.17 ,, 15.17 ,
07/12/2022,7. Nov'22 to Jan'23,Q1 - 2023,ADOBE ACROBAT,"ADOBE PRODUCTS        IRELAND	ON 06 DEC CPM	", 9.98 ,, 9.98 ,
12/12/2022,7. Nov'22 to Jan'23,Q1 - 2023,ADOBE ACROBAT,"ADOBE ACROPRO SUBS    IRELAND	ON 10 DEC CPM	", 15.17 ,, 15.17 ,
15/12/2022,7. Nov'22 to Jan'23,Q1 - 2023,ADOBE ACROBAT,"ADOBE ACROPRO SUBS    IRELAND	ON 14 DEC CPM	", 15.17 ,, 15.17 ,
09/01/2023,7. Nov'22 to Jan'23,Q1 - 2023,ADOBE ACROBAT,"ADOBE PRODUCTS        IRELAND	ON 06 JAN CPM	", 9.98 ,, 9.98 ,
10/01/2023,7. Nov'22 to Jan'23,Q1 - 2023,ADOBE ACROBAT,"ADOBE ACROPRO SUBS    IRELAND	ON 10 JAN CPM	", 15.17 ,, 15.17 ,
16/01/2023,7. Nov'22 to Jan'23,Q1 - 2023,ADOBE ACROBAT,"ADOBE ACROPRO SUBS    IRELAND	ON 14 JAN CPM	", 15.17 ,, 15.17 ,
22/11/2022,7. Nov'22 to Jan'23,Q1 - 2023,Alliance Facilities Management Limited,"ALLIANCE FACILITY     	AS INVOICED FT	"," 8,679.72 "," 1,446.62 "," 7,233.10 ",
23/11/2022,7. Nov'22 to Jan'23,Q1 - 2023,Alliance Facilities Management Limited,"ALLIANCE FACILITY     	AS INVOICED BBP	"," 2,176.68 ", 362.78 ," 1,813.90 ",
23/11/2022,7. Nov'22 to Jan'23,Q1 - 2023,Alliance Facilities Management Limited,"ALLIANCE FACILITY     	AS INVOICED BBP	"," 6,647.04 "," 1,107.84 "," 5,539.20 ",
28/11/2022,7. Nov'22 to Jan'23,Q1 - 2023,Alliance Facilities Management Limited,"ALLIANCE FACILITY     	AS INVOICED BBP	"," 6,000.00 "," 1,000.00 "," 5,000.00 ",
28/12/2022,7. Nov'22 to Jan'23,Q1 - 2023,Alliance Facilities Management Limited,"ALLIANCE FACILITY     	AS INVOICED BBP	"," 26,093.15 "," 4,348.86 "," 21,744.29 ",
03/01/2023,7. Nov'22 to Jan'23,Q1 - 2023,Alliance Facilities Management Limited,"ALLIANCE FACILITY     	AS INVOICED BBP	", 551.00 , 91.83 , 459.17 ,
25/01/2023,7. Nov'22 to Jan'23,Q1 - 2023,Alliance Facilities Management Limited,"ALLIANCE FACILITY     	AS INVOICED BBP	"," 25,000.00 "," 4,166.67 "," 20,833.33 ",
10/11/2022,7. Nov'22 to Jan'23,Q1 - 2023,Apple,"APPLE STORE R410      	ON 09 NOV BDC	"," 1,556.95 ", 259.49 ," 1,297.46 ",
18/11/2022,7. Nov'22 to Jan'23,Q1 - 2023,Apple,"APPLE.COM/UK          IRELAND	ON 17 NOV BDC	"," 1,529.00 ", 254.83 ," 1,274.17 ",
30/12/2022,7. Nov'22 to Jan'23,Q1 - 2023,Apple,"APPLE STORE R410      	ON 29 DEC BDC	"," 1,249.00 ", 208.17 ," 1,040.83 ",
04/11/2022,7. Nov'22 to Jan'23,Q1 - 2023,Apple,"APPLE STORE R410      	ON 03 NOV BDC	", 849.00 ,, 849.00 ,
29/12/2022,7. Nov'22 to Jan'23,Q1 - 2023,Apple,"APPLE.COM/UK          IRELAND	ON 28 DEC BDC	", 79.00 , 13.17 , 65.83 ,
07/11/2022,7. Nov'22 to Jan'23,Q1 - 2023,Apple,"APPLE.COM/BILL        IRELAND	ON 06 NOV BDC	", 39.99 , 6.67 , 33.33 ,
29/12/2022,7. Nov'22 to Jan'23,Q1 - 2023,Apple,"APPLE.COM/BILL        IRELAND	ON 28 DEC BDC	", 17.99 , 3.00 , 14.99 ,
25/11/2022,7. Nov'22 to Jan'23,Q1 - 2023,Apple,"APPLE.COM/BILL        IRELAND	ON 24 NOV BDC	", 15.99 , 2.67 , 13.33 ,
28/12/2022,7. Nov'22 to Jan'23,Q1 - 2023,Apple,"APPLE.COM/BILL        IRELAND	ON 24 DEC BDC	", 15.99 , 2.67 , 13.33 ,
27/01/2023,7. Nov'22 to Jan'23,Q1 - 2023,Apple,"APPLE.COM/BILL        IRELAND	ON 27 JAN BDC	", 15.99 ,, 15.99 ,
03/11/2022,7. Nov'22 to Jan'23,Q1 - 2023,Apple,"APPLE.COM/BILL        IRELAND	ON 02 NOV BDC	", 6.99 , 1.17 , 5.83 ,
05/12/2022,7. Nov'22 to Jan'23,Q1 - 2023,Apple,"APPLE.COM/BILL        IRELAND	ON 02 DEC BDC	", 6.99 , 1.17 , 5.83 ,
04/01/2023,7. Nov'22 to Jan'23,Q1 - 2023,Apple,"APPLE.COM/BILL        IRELAND	ON 02 JAN BDC	", 6.99 , 1.17 , 5.83 ,
03/11/2022,7. Nov'22 to Jan'23,Q1 - 2023,ARGOS LTD,"ARGOS LTD             	ON 02 NOV BDC	", 230.00 , 38.33 , 191.67 ,
09/11/2022,7. Nov'22 to Jan'23,Q1 - 2023,ARGOS LTD,"ARGOS LTD             	ON 08 NOV BDC	", 129.99 , 21.67 , 108.33 ,
09/11/2022,7. Nov'22 to Jan'23,Q1 - 2023,ARGOS LTD,"ARGOS LTD             	ON 08 NOV BDC	", 99.99 , 16.67 , 83.33 ,
10/11/2022,7. Nov'22 to Jan'23,Q1 - 2023,ARGOS LTD,"ARGOS LTD             	ON 09 NOV BDC	", 65.98 , 11.00 , 54.98 ,
21/11/2022,7. Nov'22 to Jan'23,Q1 - 2023,ARGOS LTD,"ARGOS LTD             	ON 20 NOV BDC	", 65.25 , 10.88 , 54.38 ,
21/11/2022,7. Nov'22 to Jan'23,Q1 - 2023,ARGOS LTD,"ARGOS LTD             	ON 20 NOV BDC	", 45.00 , 7.50 , 37.50 ,
05/12/2022,7. Nov'22 to Jan'23,Q1 - 2023,AUDRONE URBONIENE,"AUDRONE URBONIENE     	CLEANING FT	", 125.00 ,, 125.00 ,
19/12/2022,7. Nov'22 to Jan'23,Q1 - 2023,AUDRONE URBONIENE,"AUDRONE URBONIENE     	CLEANING FT	", 80.00 ,, 80.00 ,
09/01/2023,7. Nov'22 to Jan'23,Q1 - 2023,AUDRONE URBONIENE,"AUDRONE URBONIENE     	CLEANING FT	", 100.00 ,, 100.00 ,
16/01/2023,7. Nov'22 to Jan'23,Q1 - 2023,AUDRONE URBONIENE,"AUDRONE URBONIENE     	CLEANING FT	", 80.00 ,, 80.00 ,
04/11/2022,7. Nov'22 to Jan'23,Q1 - 2023,B&Q LIMITED,"B&Q LTD               	ON 03 NOV BDC	", 111.00 , 18.50 , 92.50 ,
04/11/2022,7. Nov'22 to Jan'23,Q1 - 2023,Bank Charges,"CHARGES               COMMISSION FOR	PERIOD ", 8.50 ,, 8.50 ,
22/11/2022,7. Nov'22 to Jan'23,Q1 - 2023,Bank Charges,"Wise                  	ON 21 NOV BDC	", 45.00 , 7.50 , 37.50 ,
05/12/2022,7. Nov'22 to Jan'23,Q1 - 2023,Bank Charges,"CHARGES               COMMISSION FOR	PERIOD ", 8.50 ,, 8.50 ,
09/01/2023,7. Nov'22 to Jan'23,Q1 - 2023,Bank Charges,"CHARGES               COMMISSION FOR	PERIOD ", 8.50 ,, 8.50 ,
07/11/2022,7. Nov'22 to Jan'23,Q1 - 2023,BARK.COM GLOBAL LIMITED,"BARK.COM              	ON 04 NOV BDC	", 59.94 , 9.99 , 49.95 ,
05/12/2022,7. Nov'22 to Jan'23,Q1 - 2023,BARK.COM GLOBAL LIMITED,"BARK.COM              	ON 04 DEC BDC	", 59.94 , 9.99 , 49.95 ,
06/01/2023,7. Nov'22 to Jan'23,Q1 - 2023,BARK.COM GLOBAL LIMITED,"BARK.COM              	ON 05 JAN BDC	", 59.94 , 9.99 , 49.95 ,
27/01/2023,7. Nov'22 to Jan'23,Q1 - 2023,BARK.COM GLOBAL LIMITED,"BARK.COM              	ON 26 JAN BDC	", 177.84 , 29.64 , 148.20 ,
28/12/2022,7. Nov'22 to Jan'23,Q1 - 2023,BFB0839 ROMFORD,"BFB0839 ROMFORD       	ON 26 DEC BDC	"," 2,300.00 ", 383.33 ," 1,916.67 ",
30/01/2023,7. Nov'22 to Jan'23,Q1 - 2023,BIZZ DIRECTIONS INC LTD,"BIZZ DIRECTIONS UK    	INVOICE BBP	"," 1,000.00 ",," 1,000.00 ",
14/11/2022,7. Nov'22 to Jan'23,Q1 - 2023,BLUE BIRD HOUSING LTD,"BLUE BIRD HOUSING     	79 HOE STREET E17 STO"," 1,458.33 ", 243.06 ," 1,215.28 ",
12/12/2022,7. Nov'22 to Jan'23,Q1 - 2023,BLUE BIRD HOUSING LTD,"BLUE BIRD HOUSING     	79 HOE STREET E17 STO"," 1,458.33 ", 243.06 ," 1,215.28 ",
12/01/2023,7. Nov'22 to Jan'23,Q1 - 2023,BLUE BIRD HOUSING LTD,"BLUE BIRD HOUSING     	79 HOE STREET E17 STO"," 1,458.33 ", 243.06 ," 1,215.28 ",
30/01/2023,7. Nov'22 to Jan'23,Q1 - 2023,BP,"BP MOTO TODDINGTON    	ON 28 JAN BDC	", 104.38 , 17.40 , 86.98 ,
01/12/2022,7. Nov'22 to Jan'23,Q1 - 2023,BRITANNIA PARKING LIMITED,"BRITANNIA PARKING     	ON 30 NOV BDC	", 60.00 , 10.00 , 50.00 ,
05/12/2022,7. Nov'22 to Jan'23,Q1 - 2023,British Assessment Bureau,"BRITISH ASSESSMENT    	BAB74485 BBP	"," 5,359.20 ", 893.20 ," 4,466.00 ",
13/12/2022,7. Nov'22 to Jan'23,Q1 - 2023,British Assessment Bureau,"BRITISH ASSESSMENT    	BAB75327 BBP	"," 1,159.20 ", 193.20 , 966.00 ,
14/11/2022,7. Nov'22 to Jan'23,Q1 - 2023,BSM DRIVING SCHOOL,"BSM DRIVING SCHOOL    	ON 11 NOV BDC	", 261.00 ,, 261.00 ,
28/11/2022,7. Nov'22 to Jan'23,Q1 - 2023,CASTLE WATER LTD,"CASTLE WATER LTD      	TW6717224001 DDR	", 12.57 ,, 12.57 ,
28/12/2022,7. Nov'22 to Jan'23,Q1 - 2023,CASTLE WATER LTD,"CASTLE WATER LTD      	TW6717224001 DDR	", 12.57 ,, 12.57 ,
30/01/2023,7. Nov'22 to Jan'23,Q1 - 2023,CASTLE WATER LTD,"CASTLE WATER LTD      	TW6717224001 DDR	", 12.57 ,, 12.57 ,
15/11/2022,7. Nov'22 to Jan'23,Q1 - 2023,CAW CONSULTANCY LIMITED,"CRAIG A WILLETTS      	CAW GFM 11 FT	", 350.00 ,, 350.00 ,
14/11/2022,7. Nov'22 to Jan'23,Q1 - 2023,CLOUDWAYSLTD,"CloudwaysLTD          MALTA	AMOUNT IN USD	14", 128.68 ,, 128.68 ,
13/12/2022,7. Nov'22 to Jan'23,Q1 - 2023,CLOUDWAYSLTD,"CloudwaysLTD          MALTA	AMOUNT IN USD	14", 122.80 ,, 122.80 ,
28/11/2022,7. Nov'22 to Jan'23,Q1 - 2023,COINRULE LIMITED,"Coinrule Limited      AMOUNT IN USD	39.99	ON", 34.08 , 5.68 , 28.40 ,
28/12/2022,7. Nov'22 to Jan'23,Q1 - 2023,COINRULE LIMITED,"Coinrule Limited      AMOUNT IN USD	39.99	ON", 34.22 , 5.70 , 28.52 ,
25/01/2023,7. Nov'22 to Jan'23,Q1 - 2023,Delta Force Group Ltd ,"DELTA FORCE GROUP     	AS INVOICED BBP	"," 11,114.40 "," 1,852.40 "," 9,262.00 ",
08/11/2022,7. Nov'22 to Jan'23,Q1 - 2023,DP World,"DPD WL                	ON 07 NOV BDC	", 23.65 , 3.94 , 19.71 ,
03/01/2023,7. Nov'22 to Jan'23,Q1 - 2023,DPM SECURITY MANAGEMENT LTD,"DPM SECURITY MANAG    	AS PER INVIOCE BBP	"," 4,500.00 ", 750.00 ," 3,750.00 ",
27/01/2023,7. Nov'22 to Jan'23,Q1 - 2023,DPM SECURITY MANAGEMENT LTD,"DPM SECURITY MANAG    	AS PER INVIOCE BBP	"," 7,500.00 "," 1,250.00 "," 6,250.00 ",
27/01/2023,7. Nov'22 to Jan'23,Q1 - 2023,DPM SECURITY MANAGEMENT LTD,"DPM SECURITY MANAG    	AS PER INVIOCE BBP	"," 12,000.00 "," 2,000.00 "," 10,000.00 ",
14/11/2022,7. Nov'22 to Jan'23,Q1 - 2023,Dropbox,"Dropbox               IRELAND	ON 13 NOV BDC	", 9.99 ,, 9.99 ,
14/12/2022,7. Nov'22 to Jan'23,Q1 - 2023,Dropbox,"Dropbox               IRELAND	ON 13 DEC BDC	", 9.99 ,, 9.99 ,
12/01/2023,7. Nov'22 to Jan'23,Q1 - 2023,Dropbox,"Dropbox               IRELAND	ON 11 JAN BDC	", 95.88 ,, 95.88 ,
16/01/2023,7. Nov'22 to Jan'23,Q1 - 2023,Dropbox,"Dropbox               IRELAND	ON 13 JAN BDC	", 9.99 ,, 9.99 ,
02/12/2022,7. Nov'22 to Jan'23,Q1 - 2023,DVLA VECHICLE TAX,"DVLA-BD21VXN          	000000000052339988 DD", 273.00 ,, 273.00 ,
15/12/2022,7. Nov'22 to Jan'23,Q1 - 2023,DVLA VECHICLE TAX,"DVLA-VX71XUF          000000000055494130	FIR", 45.50 ,, 45.50 ,
03/01/2023,7. Nov'22 to Jan'23,Q1 - 2023,DVLA VECHICLE TAX,"DVLA-VX71XUF          	000000000055494130 DD", 45.50 ,, 45.50 ,
03/01/2023,7. Nov'22 to Jan'23,Q1 - 2023,EASTWOOD INVESTMENT,"EASTWOOD INVESTMEN    	ON 01 JAN CLP	", 93.00 ,, 93.00 ,
24/11/2022,7. Nov'22 to Jan'23,Q1 - 2023,EE LIMITED,"EE LIMITED            	Q75528830373697348 DD", 90.30 , 15.05 , 75.25 ,
28/12/2022,7. Nov'22 to Jan'23,Q1 - 2023,EE LIMITED,"EE LIMITED            	Q75528830381856452 DD", 71.66 , 11.94 , 59.72 ,
24/01/2023,7. Nov'22 to Jan'23,Q1 - 2023,EE LIMITED,"EE LIMITED            	Q75528830390036331 DD", 64.42 , 10.74 , 53.68 ,
09/11/2022,7. Nov'22 to Jan'23,Q1 - 2023,FACEBOOK,"FACEBK QECLVKPRY2     IRELAND	AMOUNT IN PKR	", 162.44 ,, 162.44 ,
24/11/2022,7. Nov'22 to Jan'23,Q1 - 2023,FACEBOOK,"FACEBK ZSMCNKPQY2     IRELAND	AMOUNT IN PKR	", 232.70 ,, 232.70 ,
25/11/2022,7. Nov'22 to Jan'23,Q1 - 2023,FACEBOOK,"FACEBK UKSCWJTRY2     IRELAND	AMOUNT IN PKR	", 229.32 ,, 229.32 ,
28/11/2022,7. Nov'22 to Jan'23,Q1 - 2023,FACEBOOK,"FACEBK BQYZNKBRY2     IRELAND	AMOUNT IN PKR	", 380.91 ,, 380.91 ,
28/11/2022,7. Nov'22 to Jan'23,Q1 - 2023,FACEBOOK,"FACEBK YK8HMK3RY2     IRELAND	AMOUNT IN PKR	", 380.91 ,, 380.91 ,
30/11/2022,7. Nov'22 to Jan'23,Q1 - 2023,FACEBOOK,"FACEBK DY4HPK3RY2     IRELAND	AMOUNT IN PKR	", 113.79 ,, 113.79 ,
30/11/2022,7. Nov'22 to Jan'23,Q1 - 2023,FACEBOOK,"FACEBK TQN6BKXQY2     IRELAND	AMOUNT IN PKR	", 384.55 ,, 384.55 ,
01/12/2022,7. Nov'22 to Jan'23,Q1 - 2023,FACEBOOK,"PAYPAL *FACEBOOK F    IRELAND	ON 30 NOV CPM	", 17.00 ,, 17.00 ,
16/01/2023,7. Nov'22 to Jan'23,Q1 - 2023,FACEBOOK,"FACEBK N5M3XK7RY2     IRELAND	AMOUNT IN PKR	", 103.09 ,, 103.09 ,
30/01/2023,7. Nov'22 to Jan'23,Q1 - 2023,FACEBOOK,"FACEBK *ZKQZGMPQY2    IRELAND	AMOUNT IN PKR	", 169.22 ,, 169.22 ,
23/11/2022,7. Nov'22 to Jan'23,Q1 - 2023,First Allied Facilities Ltd,"FIRST ALLIED FACIL    	AS INVOICED BBP	"," 2,945.00 ", 490.83 ," 2,454.17 ",
28/12/2022,7. Nov'22 to Jan'23,Q1 - 2023,First Allied Facilities Ltd,"FIRST ALLIED FACIL    	AS INVOICED BBP	"," 2,945.00 ", 490.83 ," 2,454.17 ",
25/01/2023,7. Nov'22 to Jan'23,Q1 - 2023,First Allied Facilities Ltd,"FIRST ALLIED FACIL    	AS INVOICED BBP	"," 2,762.50 ", 460.42 ," 2,302.08 ",
28/12/2022,7. Nov'22 to Jan'23,Q1 - 2023,First Choice FM Ltd,"FIRST CHOICE FM LT    	AS INVOICED BBP	"," 2,364.00 ", 394.00 ," 1,970.00 ",
11/11/2022,7. Nov'22 to Jan'23,Q1 - 2023,First4Freelancers Ltd,"FIRST4FREELANCERS     	GUARDIANFM BBP	"," 11,000.00 "," 1,833.33 "," 9,166.67 ",
11/11/2022,7. Nov'22 to Jan'23,Q1 - 2023,First4Freelancers Ltd,"FIRST4FREELANCERS     	GUARDIANFM FT	"," 50,000.00 "," 8,333.33 "," 41,666.67 ",
16/01/2023,7. Nov'22 to Jan'23,Q1 - 2023,First4Freelancers Ltd,"FIRST4FREELANCERS     	GUARDIANFM FT	"," 25,000.00 "," 4,166.67 "," 20,833.33 ",
03/01/2023,7. Nov'22 to Jan'23,Q1 - 2023,Footasylum,"Footasylum Limited    	ON 01 JAN BDC	", 287.04 , 47.84 , 239.20 ,
28/11/2022,7. Nov'22 to Jan'23,Q1 - 2023,FURNITURE VILLAGE,"FURNITURE VILLAGE     	ON 27 NOV BDC	"," 1,000.00 ", 166.67 , 833.33 ,
13/12/2022,7. Nov'22 to Jan'23,Q1 - 2023,FURNITURE VILLAGE,"FURNITURE VILLAGE     	ON 12 DEC BDC	"," 1,500.00 ", 250.00 ," 1,250.00 ",
23/11/2022,7. Nov'22 to Jan'23,Q1 - 2023,GETADDRESS.IO,"GETADDRESS.IO         	ON 22 NOV BDC	", 14.40 , 2.40 , 12.00 ,
23/12/2022,7. Nov'22 to Jan'23,Q1 - 2023,GETADDRESS.IO,"GETADDRESS.IO         	ON 22 DEC BDC	", 14.40 , 2.40 , 12.00 ,
23/01/2023,7. Nov'22 to Jan'23,Q1 - 2023,GETADDRESS.IO,"GETADDRESS.IO         	ON 22 JAN BDC	", 14.40 , 2.40 , 12.00 ,
03/11/2022,7. Nov'22 to Jan'23,Q1 - 2023,GODADDY,"DNH*GODADDY.COM EU    	ON 02 NOV BDC	", 47.95 ,, 47.95 ,
07/11/2022,7. Nov'22 to Jan'23,Q1 - 2023,GODADDY,"DNH*GO DADDY EUROP    	ON 05 NOV BDC	", 5.99 ,, 5.99 ,
17/11/2022,7. Nov'22 to Jan'23,Q1 - 2023,GODADDY,"DNH*GO DADDY EUROP    	ON 15 NOV BDC	", 21.54 ,, 21.54 ,
06/12/2022,7. Nov'22 to Jan'23,Q1 - 2023,GODADDY,"DNH*GODADDY.COM EU    	ON 05 DEC BDC	", 5.99 ,, 5.99 ,
03/01/2023,7. Nov'22 to Jan'23,Q1 - 2023,Gokyuzu walthamsto,"Gokyuzu walthamsto    	ON 02 JAN CLP	", 99.33 , 16.56 , 82.78 ,
02/11/2022,7. Nov'22 to Jan'23,Q1 - 2023,GOOGLE,"PAYPAL *GOOGLE YOU    	ON 01 NOV BDC	", 11.99 ,, 11.99 ,
29/11/2022,7. Nov'22 to Jan'23,Q1 - 2023,GOOGLE,"GOOGLE *Google Sto    	ON 28 NOV BDC	", 1.59 ,, 1.59 ,
02/12/2022,7. Nov'22 to Jan'23,Q1 - 2023,GOOGLE,"PAYPAL *GOOGLE YOU    	ON 01 DEC BDC	", 11.99 ,, 11.99 ,
29/12/2022,7. Nov'22 to Jan'23,Q1 - 2023,GOOGLE,"GOOGLE *Google Sto    	ON 28 DEC BDC	", 1.59 ,, 1.59 ,
03/01/2023,7. Nov'22 to Jan'23,Q1 - 2023,GOOGLE,"PAYPAL *GOOGLE YOU    	ON 01 JAN BDC	", 11.99 ,, 11.99 ,
16/01/2023,7. Nov'22 to Jan'23,Q1 - 2023,GOOGLE,"PAYPAL *GOOGLE YOU    	ON 14 JAN BDC	", 13.99 ,, 13.99 ,
14/11/2022,7. Nov'22 to Jan'23,Q1 - 2023,GREENMAN SERVICES,"GREENMAN SERVICES    	ON 12 NOV BDC	", 166.97 , 27.83 , 139.14 ,
08/12/2022,7. Nov'22 to Jan'23,Q1 - 2023,HALIFAX,"HALIFAX               5253031518409600	FIRST", 445.61 , 74.27 , 371.34 ,
23/11/2022,7. Nov'22 to Jan'23,Q1 - 2023,Impax Security Services Ltd,"IMPAX SECURITY SER    	AS INVOICED BBP	"," 6,229.02 "," 1,038.17 "," 5,190.85 ",
03/01/2023,7. Nov'22 to Jan'23,Q1 - 2023,Impax Security Services Ltd,"IMPAX SECURITY SER    	AS INVOICED BBP	"," 6,930.00 "," 1,155.00 "," 5,775.00 ",
25/01/2023,7. Nov'22 to Jan'23,Q1 - 2023,Impax Security Services Ltd,"IMPAX SECURITY SER    	AS INVOICED BBP	"," 4,389.25 ", 731.54 ," 3,657.71 ",
02/11/2022,7. Nov'22 to Jan'23,Q1 - 2023,INTUIT LIMITED,"INTUIT LIMITED        	00017NGNU0O4Q-00RT DD", 7.20 , 1.20 , 6.00 ,
05/12/2022,7. Nov'22 to Jan'23,Q1 - 2023,INTUIT LIMITED,"INTUIT LIMITED        	00017NGNU0O4Q-00RT DD", 7.20 , 1.20 , 6.00 ,
05/01/2023,7. Nov'22 to Jan'23,Q1 - 2023,INTUIT LIMITED,"INTUIT LIMITED        	00017NGNU0O4Q-00RT DD", 7.20 , 1.20 , 6.00 ,
10/11/2022,7. Nov'22 to Jan'23,Q1 - 2023,IONOS CLOUD LIMITED,"1 AND 1 IONOS LTD     	ON 08 NOV BDC	", 2.40 , 0.40 , 2.00 ,
12/12/2022,7. Nov'22 to Jan'23,Q1 - 2023,IONOS CLOUD LIMITED,"1 AND 1 IONOS LTD     	ON 08 DEC BDC	", 2.40 , 0.40 , 2.00 ,
21/11/2022,7. Nov'22 to Jan'23,Q1 - 2023,IW GROUP SERVICES,"IW GROUP SERVICES     	ON 18 NOV BDC	", 210.00 , 35.00 , 175.00 ,
21/11/2022,7. Nov'22 to Jan'23,Q1 - 2023,IW GROUP SERVICES,"IW GROUP SERVICES     	ON 18 NOV BDC	", 100.44 , 16.74 , 83.70 ,
19/12/2022,7. Nov'22 to Jan'23,Q1 - 2023,IW GROUP SERVICES,"IW GROUP SERVICES     	ON 18 DEC BDC	", 100.44 , 16.74 , 83.70 ,
30/01/2023,7. Nov'22 to Jan'23,Q1 - 2023,KERVAN KITCHEN,"KERVAN KITCHEN        	ON 29 JAN BDC	", 107.50 , 17.92 , 89.58 ,
07/11/2022,7. Nov'22 to Jan'23,Q1 - 2023,LEELA KUNALA,"LEELA KUNALA          	PAY GRP	", 163.60 ,, 163.60 ,
07/11/2022,7. Nov'22 to Jan'23,Q1 - 2023,LIAM BROOKES,"LIAM BROOKES          	TRAINING FT	", 90.00 ,, 90.00 ,
25/11/2022,7. Nov'22 to Jan'23,Q1 - 2023,LIAM BROOKES,"LIAM BROOKES          	TRAINING FT	", 240.00 ,, 240.00 ,
07/11/2022,7. Nov'22 to Jan'23,Q1 - 2023,LINKEDIN LTD,"LinkedIn 842900176    IRELAND	ON 05 NOV CPM	", 69.98 ,, 69.98 ,
15/11/2022,7. Nov'22 to Jan'23,Q1 - 2023,LINKEDIN LTD,"LinkedIn 846020540    IRELAND	ON 14 NOV BDC	", 95.99 ,, 95.99 ,
06/12/2022,7. Nov'22 to Jan'23,Q1 - 2023,LINKEDIN LTD,"LinkedIn 814151581    IRELAND	ON 05 DEC CPM	", 69.98 ,, 69.98 ,
15/12/2022,7. Nov'22 to Jan'23,Q1 - 2023,LINKEDIN LTD,"LinkedIn 816531820    IRELAND	ON 14 DEC BDC	", 95.99 ,, 95.99 ,
06/01/2023,7. Nov'22 to Jan'23,Q1 - 2023,LINKEDIN LTD,"LinkedIn 861339122    IRELAND	ON 05 JAN CPM	", 69.98 ,, 69.98 ,
16/01/2023,7. Nov'22 to Jan'23,Q1 - 2023,LINKEDIN LTD,"LinkedIn 864264575    IRELAND	ON 14 JAN CPM	", 95.99 ,, 95.99 ,
15/11/2022,7. Nov'22 to Jan'23,Q1 - 2023,London Borough of Havering,"L B HAVERING          532396899	FIRST DDR PA", 298.00 ,, 298.00 ,
15/12/2022,7. Nov'22 to Jan'23,Q1 - 2023,London Borough of Havering,"L B HAVERING          	532396899 DDR	", 298.00 ,, 298.00 ,
16/01/2023,7. Nov'22 to Jan'23,Q1 - 2023,London Borough of Havering,"L B HAVERING          	532396899 DDR	", 298.00 ,, 298.00 ,
21/11/2022,7. Nov'22 to Jan'23,Q1 - 2023,LYCAMOBILE,"LYCAMOBILE UK LTD     	ON 19 NOV BDC	", 10.00 , 1.67 , 8.33 ,
22/11/2022,7. Nov'22 to Jan'23,Q1 - 2023,LYCAMOBILE,"LYCAMOBILE            	ON 21 NOV BDC	", 15.00 , 2.50 , 12.50 ,
21/12/2022,7. Nov'22 to Jan'23,Q1 - 2023,LYCAMOBILE,"LYCAMOBILE UK LTD     	ON 20 DEC BDC	", 10.00 , 1.67 , 8.33 ,
23/12/2022,7. Nov'22 to Jan'23,Q1 - 2023,LYCAMOBILE,"LYCAMOBILE UK LTD     	ON 21 DEC BDC	", 15.00 , 2.50 , 12.50 ,
28/12/2022,7. Nov'22 to Jan'23,Q1 - 2023,MA Facilities Limited ,"MA FACILITIES LIMI    	AS INVOICED BBP	"," 1,858.00 ", 309.67 ," 1,548.33 ",
03/01/2023,7. Nov'22 to Jan'23,Q1 - 2023,MA Facilities Limited ,"MA FACILITIES LIMI    	AS INVOICED BBP	"," 5,471.00 ", 911.83 ," 4,559.17 ",
27/01/2023,7. Nov'22 to Jan'23,Q1 - 2023,Man Guard Security Services Ltd,"MANGUARD LTD          	AS PER INVOICE FT	"," 1,140.00 ", 190.00 , 950.00 ,
28/11/2022,7. Nov'22 to Jan'23,Q1 - 2023,MICROSOFT LIMITED,"PAYPAL *MICROSOFT     	ON 26 NOV BDC	", 10.99 ,, 10.99 ,
28/12/2022,7. Nov'22 to Jan'23,Q1 - 2023,MICROSOFT LIMITED,"PAYPAL *MICROSOFT     	ON 26 DEC BDC	", 10.99 ,, 10.99 ,
27/01/2023,7. Nov'22 to Jan'23,Q1 - 2023,MICROSOFT LIMITED,"PAYPAL *MICROSOFT     	ON 26 JAN BDC	", 10.99 ,, 10.99 ,
16/11/2022,7. Nov'22 to Jan'23,Q1 - 2023,MICROSOFT LIMITED,"MSFT * E0300L1P8U     	ON 16 NOV BDC	", 11.28 ,, 11.28 ,
16/12/2022,7. Nov'22 to Jan'23,Q1 - 2023,MICROSOFT LIMITED,"MSFT * E0300LG5JU     	ON 16 DEC BDC	", 11.28 ,, 11.28 ,
16/01/2023,7. Nov'22 to Jan'23,Q1 - 2023,MICROSOFT LIMITED,"MSFT * E0300LU4GC     	ON 16 JAN BDC	", 11.28 ,, 11.28 ,
07/11/2022,7. Nov'22 to Jan'23,Q1 - 2023,MMBA ACCOUNTANTS LIMITED,"GOCARDLESS            	TZACO-X8QDNZZVJHKS DD", 400.00 ,, 400.00 ,
05/12/2022,7. Nov'22 to Jan'23,Q1 - 2023,MMBA ACCOUNTANTS LIMITED,"GOCARDLESS            	TZACO-X8QDNZZVJHKS DD", 400.00 ,, 400.00 ,
05/01/2023,7. Nov'22 to Jan'23,Q1 - 2023,MMBA ACCOUNTANTS LIMITED,"GOCARDLESS            	TZACO-X8QDNZZVJHKS DD", 400.00 ,, 400.00 ,
07/11/2022,7. Nov'22 to Jan'23,Q1 - 2023,MONEYCLAIM,"WWW.MONEYCLAIM.GOV    	ON 04 NOV BDC	"," 4,967.27 ",," 4,967.27 ",
19/01/2023,7. Nov'22 to Jan'23,Q1 - 2023,MONROSE CARPETS,"MONROSE CARPETS FU    	ON 18 JAN BDC	", 200.00 , 33.33 , 166.67 ,
23/11/2022,7. Nov'22 to Jan'23,Q1 - 2023,Mughal Multiple Services Ltd ,"MUGHAL MULTIPLE SE    	INVOICE BBP	"," 2,976.70 ", 496.12 ," 2,480.58 ",
25/01/2023,7. Nov'22 to Jan'23,Q1 - 2023,Mughal Multiple Services Ltd ,"MUGHAL MULTIPLE SE    	AS INVOICED BBP	"," 2,500.00 ", 416.67 ," 2,083.33 ",
30/01/2023,7. Nov'22 to Jan'23,Q1 - 2023,Mughal Multiple Services Ltd ,"MUGHAL MULTIPLE SE    	AS INVOICED BBP	"," 8,500.00 "," 1,416.67 "," 7,083.33 ",
08/12/2022,7. Nov'22 to Jan'23,Q1 - 2023,NOVATECH UK LTD,"NOVATECH UK LTD       	91934 BBP	"," 4,500.00 ", 750.00 ," 3,750.00 ",
12/12/2022,7. Nov'22 to Jan'23,Q1 - 2023,NOVATECH UK LTD,"NOVATECH UK LTD       	91934 FT	"," 3,000.00 ", 500.00 ," 2,500.00 ",
12/12/2022,7. Nov'22 to Jan'23,Q1 - 2023,NOVATECH UK LTD,"NOVATECH UK LTD       	91934 FT	"," 7,500.00 "," 1,250.00 "," 6,250.00 ",
19/01/2023,7. Nov'22 to Jan'23,Q1 - 2023,NOVOTEL LIVERPOOL,"NOVOTEL LIVERPOOL     	ON 18 JAN BDC	", 81.50 , 13.58 , 67.92 ,
01/11/2022,7. Nov'22 to Jan'23,Q1 - 2023,NPB SECURITY LTD,"NPB SECURITY LTD      	AS INVOICED FT	"," 2,661.00 ", 443.50 ," 2,217.50 ",
28/11/2022,7. Nov'22 to Jan'23,Q1 - 2023,NPB SECURITY LTD,"NPB SECURITY LTD      	AS INVOICED BBP	"," 5,003.25 ", 833.88 ," 4,169.38 ",
28/12/2022,7. Nov'22 to Jan'23,Q1 - 2023,NPB SECURITY LTD,"NPB SECURITY LTD      	AS INVOICED BBP	"," 3,539.00 ", 589.83 ," 2,949.17 ",
25/01/2023,7. Nov'22 to Jan'23,Q1 - 2023,NPB SECURITY LTD,"NPB SECURITY LTD      	AS INVOICED BBP	"," 4,068.75 ", 678.13 ," 3,390.63 ",
31/01/2023,7. Nov'22 to Jan'23,Q1 - 2023,OCTOPUS ENERGY LTD,"OCTOPUS ENERGY LTD    	ON 30 JAN BDC	", 289.86 , 48.31 , 241.55 ,
23/11/2022,7. Nov'22 to Jan'23,Q1 - 2023,ONE CALL INSURANCE,"ONE CALL INSURANCE    	OCAS03336 DDR	", 29.94 ,, 29.94 ,
23/12/2022,7. Nov'22 to Jan'23,Q1 - 2023,ONE CALL INSURANCE,"ONE CALL INSURANCE    	OCAS03336 DDR	", 29.94 ,, 29.94 ,
23/01/2023,7. Nov'22 to Jan'23,Q1 - 2023,ONE CALL INSURANCE,"ONE CALL INSURANCE    	OCAS03336 DDR	", 29.94 ,, 29.94 ,
28/12/2022,7. Nov'22 to Jan'23,Q1 - 2023,One.com,"One.com               SWEDEN	ON 26 DEC BDC	", 20.39 ,, 20.39 ,
29/12/2022,7. Nov'22 to Jan'23,Q1 - 2023,One.com,"One.com               SWEDEN	ON 28 DEC BDC	", 65.49 ,, 65.49 ,
29/12/2022,7. Nov'22 to Jan'23,Q1 - 2023,One.com,"One.com               SWEDEN	ON 28 DEC BDC	", 53.97 ,, 53.97 ,
29/12/2022,7. Nov'22 to Jan'23,Q1 - 2023,One.com,"One.com               SWEDEN	ON 28 DEC BDC	", 38.38 ,, 38.38 ,
23/01/2023,7. Nov'22 to Jan'23,Q1 - 2023,One.com,"One.com               SWEDEN	ON 21 JAN BDC	", 404.65 ,, 404.65 ,
10/11/2022,7. Nov'22 to Jan'23,Q1 - 2023,ONTOPUP.COM,"ONTOPUP.COM           	ON 09 NOV BDC	", 11.89 , 1.98 , 9.91 ,
21/12/2022,7. Nov'22 to Jan'23,Q1 - 2023,ONTOPUP.COM,"ONTOPUP.COM           	ON 20 DEC BDC	", 11.89 , 1.98 , 9.91 ,
28/11/2022,7. Nov'22 to Jan'23,Q1 - 2023,OPPORTUNI AI LTD,"OPPORTUNI AI LTD      	INV-10121 BBP	"," 4,200.00 ", 700.00 ," 3,500.00 ",
05/12/2022,7. Nov'22 to Jan'23,Q1 - 2023,OPUS ENERGY LTD,"OPUS ENERGY LTD       	0890104 DDR	", 157.23 , 26.21 , 131.03 ,
29/12/2022,7. Nov'22 to Jan'23,Q1 - 2023,OPUS ENERGY LTD,"OPUS ENERGY LTD       	0890104 DDR	", 102.80 , 17.13 , 85.67 ,
30/01/2023,7. Nov'22 to Jan'23,Q1 - 2023,OPUS ENERGY LTD,"OPUS ENERGY GAS SU    	0890504 DDR	", 853.72 , 142.29 , 711.43 ,
14/11/2022,7. Nov'22 to Jan'23,Q1 - 2023,PARKING EYE,"WWW.PARKINGEYE.CO.    	ON 11 NOV BDC	", 40.00 , 6.67 , 33.33 ,
30/11/2022,7. Nov'22 to Jan'23,Q1 - 2023,PAT CENTRAL LTD,"PAT CENTRAL LTDc       	ON 29 NOV BDC	", 125.70 , 20.95 , 104.75 ,
24/11/2022,7. Nov'22 to Jan'23,Q1 - 2023,Peace UK Security Ltd ,"PEACE UK SECURITY     	INVOICE BBP	"," 12,391.40 "," 2,065.23 "," 10,326.17 ",
28/12/2022,7. Nov'22 to Jan'23,Q1 - 2023,Peace UK Security Ltd ,"PEACE UK SECURITY     	INVOICE BBP	"," 9,419.17 "," 1,569.86 "," 7,849.31 ",
25/01/2023,7. Nov'22 to Jan'23,Q1 - 2023,Peace UK Security Ltd ,"PEACE UK SECURITY     	INVOICE BBP	"," 18,375.00 "," 3,062.50 "," 15,312.50 ",
27/01/2023,7. Nov'22 to Jan'23,Q1 - 2023,Peace UK Security Ltd ,"PEACE UK SECURITY     	INVOICE BBP	"," 1,545.00 ", 257.50 ," 1,287.50 ",
14/12/2022,7. Nov'22 to Jan'23,Q1 - 2023,PRESTIG EHAMPERS,"PRESTIG*EHAMPERS      	ON 13 DEC BDC	"," 1,169.61 ",," 1,169.61 ",
15/12/2022,7. Nov'22 to Jan'23,Q1 - 2023,PRESTIG EHAMPERS,"PRESTIG*EHAMPERS      	ON 14 DEC BDC	"," 1,259.58 ",," 1,259.58 ",
16/12/2022,7. Nov'22 to Jan'23,Q1 - 2023,PRESTIG EHAMPERS,"PRESTIG*EHAMPERS      	ON 15 DEC BDC	", 89.97 ,, 89.97 ,
19/12/2022,7. Nov'22 to Jan'23,Q1 - 2023,PRESTIG EHAMPERS,"PRESTIG*EHAMPERS      	ON 17 DEC BDC	", 599.82 ,, 599.82 ,
23/11/2022,7. Nov'22 to Jan'23,Q1 - 2023,Principal Protection & Events Ltd,"ADVANTEDGE COMMERC    	14435/PPE BBP	"," 11,306.40 "," 1,884.40 "," 9,422.00 ",
28/12/2022,7. Nov'22 to Jan'23,Q1 - 2023,Principal Protection & Events Ltd,"ADVANTEDGE COMMERC    	14435 BBP	"," 11,289.60 "," 1,881.60 "," 9,408.00 ",
25/01/2023,7. Nov'22 to Jan'23,Q1 - 2023,Principal Protection & Events Ltd,"ADVANTEDGE COMMERC    	14435/PPE BBP	"," 6,165.60 "," 1,027.60 "," 5,138.00 ",
04/11/2022,7. Nov'22 to Jan'23,Q1 - 2023,PROPERTYDATA,"PROPERTYDATA          	ON 03 NOV BDC	", 52.80 ,, 52.80 ,
05/12/2022,7. Nov'22 to Jan'23,Q1 - 2023,PROPERTYDATA,"PROPERTYDATA          	ON 03 DEC BDC	", 52.80 ,, 52.80 ,
04/01/2023,7. Nov'22 to Jan'23,Q1 - 2023,PROPERTYDATA,"PROPERTYDATA          	ON 03 JAN BDC	", 52.80 ,, 52.80 ,
23/11/2022,7. Nov'22 to Jan'23,Q1 - 2023,Prosec Solutions Ltd ,"PROSEC SOLUTIONS L    	INVOICE 0252 BBP	"," 5,041.90 ", 840.32 ," 4,201.58 ",
28/12/2022,7. Nov'22 to Jan'23,Q1 - 2023,Prosec Solutions Ltd ,"PROSEC SOLUTIONS L    	AS INVOICED BBP	"," 4,837.37 ", 806.23 ," 4,031.14 ",
27/01/2023,7. Nov'22 to Jan'23,Q1 - 2023,Prosec Solutions Ltd ,"PROSEC SOLUTIONS L    	INVOICE 0257 BBP	"," 4,126.00 ", 687.67 ," 3,438.33 ",
28/11/2022,7. Nov'22 to Jan'23,Q1 - 2023,Radleigh Security & FM Limited,"RADLEIGH SECURITY     	AS INVOICED BBP	"," 4,500.00 ", 750.00 ," 3,750.00 ",
05/12/2022,7. Nov'22 to Jan'23,Q1 - 2023,Radleigh Security & FM Limited,"RADLEIGH SECURITY     	AS INVOICED FT	"," 8,518.00 "," 1,419.67 "," 7,098.33 ",
28/12/2022,7. Nov'22 to Jan'23,Q1 - 2023,Radleigh Security & FM Limited,"RADLEIGH SECURITY     	AS INVOICED BBP	"," 13,017.88 "," 2,169.65 "," 10,848.23 ",
03/01/2023,7. Nov'22 to Jan'23,Q1 - 2023,Radleigh Security & FM Limited,"RADLEIGH SECURITY     	AS INVOICED BBP	"," 17,618.45 "," 2,936.41 "," 14,682.04 ",
25/01/2023,7. Nov'22 to Jan'23,Q1 - 2023,Radleigh Security & FM Limited,"RADLEIGH SECURITY     	AS INVOICED BBP	"," 7,500.00 "," 1,250.00 "," 6,250.00 ",
19/12/2022,7. Nov'22 to Jan'23,Q1 - 2023,Rans Intl,"RANS INTL 1 LIMITE    	AS INVOICED BBP	"," 2,500.00 ", 416.67 ," 2,083.33 ",
23/12/2022,7. Nov'22 to Jan'23,Q1 - 2023,Rans Intl,"RANS INTL 1 LIMITE    	AS INVOICED BBP	"," 5,390.83 ", 898.47 ," 4,492.36 ",
28/12/2022,7. Nov'22 to Jan'23,Q1 - 2023,Rans Intl,"RANS INTL 1 LIMITE    	AS INVOICED FT	"," 8,000.00 "," 1,333.33 "," 6,666.67 ",
29/12/2022,7. Nov'22 to Jan'23,Q1 - 2023,Rans Intl,"RANS INTL 1 LIMITE    	AS INVOICED FT	"," 4,632.16 ", 772.03 ," 3,860.13 ",
30/01/2023,7. Nov'22 to Jan'23,Q1 - 2023,Rans Intl,"RANS INTL 1 LIMITE    	AS INVOICED FT	"," 6,973.23 "," 1,162.21 "," 5,811.03 ",
08/11/2022,7. Nov'22 to Jan'23,Q1 - 2023,Red Apple Branding and Marketing Consultancy Ltd,"RED APPLE MARKETIN    	00967192BBL BBP	"," 1,000.00 ", 166.67 , 833.33 ,
08/11/2022,7. Nov'22 to Jan'23,Q1 - 2023,Redbridge Council,"LONDONBOROOFREDBRI    	ON 07 NOV BDC	", 65.00 ,, 65.00 ,
15/12/2022,7. Nov'22 to Jan'23,Q1 - 2023,Redbridge Council,"LONDONBOROOFREDBRI    	ON 14 DEC BDC	", 55.00 ,, 55.00 ,
07/11/2022,7. Nov'22 to Jan'23,Q1 - 2023,RKFM Ltd,"RK FM LTD             	INVOICE BBP	"," 11,525.10 "," 1,920.85 "," 9,604.25 ",
23/11/2022,7. Nov'22 to Jan'23,Q1 - 2023,RKFM Ltd,"RK FM LTD             	INVOICE BBP	"," 18,271.68 "," 3,045.28 "," 15,226.40 ",
28/12/2022,7. Nov'22 to Jan'23,Q1 - 2023,RKFM Ltd,"RK FM LTD             	INVOICE BBP	"," 16,423.81 "," 2,737.30 "," 13,686.51 ",
27/01/2023,7. Nov'22 to Jan'23,Q1 - 2023,RKFM Ltd,"RK FM LTD             	AS INVOICED BBP	"," 18,275.77 "," 3,045.96 "," 15,229.81 ",
23/01/2023,7. Nov'22 to Jan'23,Q1 - 2023,RN RESTAURANT,"RN RESTAURANT         	ON 20 JAN BDC	", 227.00 ,, 227.00 ,
14/11/2022,7. Nov'22 to Jan'23,Q1 - 2023,Roxen Security Limited ,"ROXEN SECURITY LTD    	AS INVOICED FT	"," 13,295.78 "," 2,215.96 "," 11,079.82 ",
21/11/2022,7. Nov'22 to Jan'23,Q1 - 2023,Roxen Security Limited ,"ROXEN SECURITY LTD    	AS INVOICED BBP	"," 14,500.00 "," 2,416.67 "," 12,083.33 ",
22/11/2022,7. Nov'22 to Jan'23,Q1 - 2023,SANTANDER CONSUMER,"SANTANDER CONSUMER    	10021049636182 DDR	", 999.07 , 166.51 , 832.56 ,
22/12/2022,7. Nov'22 to Jan'23,Q1 - 2023,SANTANDER CONSUMER,"SANTANDER CONSUMER    	10021049636182 DDR	", 999.07 , 166.51 , 832.56 ,
23/01/2023,7. Nov'22 to Jan'23,Q1 - 2023,SANTANDER CONSUMER,"SANTANDER CONSUMER    	10021049636182 DDR	", 999.07 , 166.51 , 832.56 ,
30/11/2022,7. Nov'22 to Jan'23,Q1 - 2023,Screwfix Romford Gallo ROMFORD,"SCREWFIX ROMFORD G    	ON 29 NOV CLP	", 19.99 , 3.33 , 16.66 ,
23/11/2022,7. Nov'22 to Jan'23,Q1 - 2023,Secure FirstFM Ltd,"SECURE FIRST FM LT    	AS INVOICED BBP	"," 19,272.00 "," 3,212.00 "," 16,060.00 ",
28/11/2022,7. Nov'22 to Jan'23,Q1 - 2023,Secure FirstFM Ltd,"SECURE FIRST FM LT    	AS INVOICED BBP	"," 1,380.00 ", 230.00 ," 1,150.00 ",
28/12/2022,7. Nov'22 to Jan'23,Q1 - 2023,Secure FirstFM Ltd,"SECURE FIRST FM LT    	AS INVOICED BBP	"," 17,607.60 "," 2,934.60 "," 14,673.00 ",
25/01/2023,7. Nov'22 to Jan'23,Q1 - 2023,Secure FirstFM Ltd,"SECURE FIRST FM LT    	GUARDIAN FM / 71 BBP	"," 15,548.83 "," 2,591.47 "," 12,957.36 ",
06/01/2023,7. Nov'22 to Jan'23,Q1 - 2023,SECURITY INDUSTRY,"SECURITY INDUSTRY     	BLANSESC01 BBP	", 525.00 , 87.50 , 437.50 ,
23/11/2022,7. Nov'22 to Jan'23,Q1 - 2023,SECURITY ZONE MIDLANDS LIMITED,"SECURITY ZONE MIDL    	INVOICE BBP	"," 17,431.32 "," 2,905.22 "," 14,526.10 ",
28/12/2022,7. Nov'22 to Jan'23,Q1 - 2023,SECURITY ZONE MIDLANDS LIMITED,"SECURITY ZONE MIDL    	INVOICE BBP	"," 3,344.29 ", 557.38 ," 2,786.91 ",
28/12/2022,7. Nov'22 to Jan'23,Q1 - 2023,SECURITY ZONE MIDLANDS LIMITED,"SECURITY ZONE MIDL    	INVOICE BBP	"," 10,000.00 "," 1,666.67 "," 8,333.33 ",
27/01/2023,7. Nov'22 to Jan'23,Q1 - 2023,SECURITY ZONE MIDLANDS LIMITED,"SECURITY ZONE MIDL    	INVOICE BBP	"," 16,144.80 "," 2,690.80 "," 13,454.00 ",
17/11/2022,7. Nov'22 to Jan'23,Q1 - 2023,SEOFANTAST,"PAYPAL *SEOFANTAST    SINGAPORE	ON 15 NOV CP", 263.59 ,, 263.59 ,
07/11/2022,7. Nov'22 to Jan'23,Q1 - 2023,SHOPIFY,"SHOPIFY* 155628525    IRELAND	AMOUNT IN USD	", 40.51 ,, 40.51 ,
22/11/2022,7. Nov'22 to Jan'23,Q1 - 2023,SHOPIFY,"SHOPIFY* 158796768    IRELAND	AMOUNT IN USD	", 38.34 ,, 38.34 ,
22/12/2022,7. Nov'22 to Jan'23,Q1 - 2023,SHOPIFY,"SHOPIFY* 162236463    IRELAND	AMOUNT IN USD	", 37.46 ,, 37.46 ,
04/01/2023,7. Nov'22 to Jan'23,Q1 - 2023,SILVER LINE GRAPHICS LIMITED,"SILVER LINE GRAPHI    	3968 FT	", 360.00 ,, 360.00 ,
14/11/2022,7. Nov'22 to Jan'23,Q1 - 2023,SMYTHS TOYS,"SMYTHS TOYS EPPING    	ON 12 NOV BDC	", 218.12 , 36.35 , 181.77 ,
17/11/2022,7. Nov'22 to Jan'23,Q1 - 2023,TECHZON LTD,"TECHZON LTD           	IT SUPPORT BBP	"," 3,816.00 ", 636.00 ," 3,180.00 ",
30/11/2022,7. Nov'22 to Jan'23,Q1 - 2023,TECHZON LTD,"TECHZON LTD           	IT SUPPORT BBP	", 775.00 , 129.17 , 645.83 ,
02/11/2022,7. Nov'22 to Jan'23,Q1 - 2023,THE ENGINE,"THE ENGINE            	ON 01 NOV CLP	", 18.00 , 3.00 , 15.00 ,
24/11/2022,7. Nov'22 to Jan'23,Q1 - 2023,THERMAFAST,"THERMAFAST-WWW6-52    HONG KONG	ON 23 NOV BD", 153.03 ,, 153.03 ,
28/12/2022,7. Nov'22 to Jan'23,Q1 - 2023,TMF,"TMF*Billing.Fool.c    USA	AMOUNT IN USD	199.", 170.27 ,, 170.27 ,
17/11/2022,7. Nov'22 to Jan'23,Q1 - 2023,TMT Security Ltd ,"TMT SECURITY SERVI    	AS INVOICED FT	"," 4,856.00 ", 809.33 ," 4,046.67 ",
15/12/2022,7. Nov'22 to Jan'23,Q1 - 2023,TMT Security Ltd ,"TMT SECURITY SERVI    	AS INVOICED FT	"," 1,392.00 ", 232.00 ," 1,160.00 ",
29/11/2022,7. Nov'22 to Jan'23,Q1 - 2023,UK Force Services Limited,"UK FORCE SERVICES     	INVOICE BBP	"," 1,400.00 ", 233.33 ," 1,166.67 ",
01/11/2022,7. Nov'22 to Jan'23,Q1 - 2023,VERISURE SERVICES,"VERISURE SERVICES     	G874BM9-207803 DDR	", 60.58 , 10.10 , 50.48 ,
01/11/2022,7. Nov'22 to Jan'23,Q1 - 2023,VERISURE SERVICES,"VERISURE SERVICES     JEV8XQD-387726	FIRST D", 43.60 , 7.27 , 36.33 ,
01/11/2022,7. Nov'22 to Jan'23,Q1 - 2023,VERISURE SERVICES,"VERISURE SERVICES     JEV8XQD-387726	FIRST D", 18.29 , 3.05 , 15.24 ,
01/12/2022,7. Nov'22 to Jan'23,Q1 - 2023,VERISURE SERVICES,"VERISURE SERVICES     	G874BM9-207803 DDR	", 68.20 , 11.37 , 56.83 ,
01/12/2022,7. Nov'22 to Jan'23,Q1 - 2023,VERISURE SERVICES,"VERISURE SERVICES     	JEV8XQD-387726 DDR	", 43.60 , 7.27 , 36.33 ,
03/01/2023,7. Nov'22 to Jan'23,Q1 - 2023,VERISURE SERVICES,"VERISURE SERVICES     	G874BM9-207803 DDR	", 61.48 , 10.25 , 51.23 ,
03/01/2023,7. Nov'22 to Jan'23,Q1 - 2023,VERISURE SERVICES,"VERISURE SERVICES     	JEV8XQD-387726 DDR	", 43.60 , 7.27 , 36.33 ,
12/01/2023,7. Nov'22 to Jan'23,Q1 - 2023,VFS VISA FEE,"L2E841200141H UKVI    	ON 11 JAN BDC	", 536.00 ,, 536.00 ,
10/11/2022,7. Nov'22 to Jan'23,Q1 - 2023,VOLKSWAGEN FINANCIAL Services,"VWFS UK LIMITED       0000440142892015	FIRST", 22.49 ,, 22.49 ,
28/11/2022,7. Nov'22 to Jan'23,Q1 - 2023,VOLKSWAGEN FINANCIAL Services,"VWFS UK LIMITED       0000440142892015	FIRST", 22.49 ,, 22.49 ,
28/12/2022,7. Nov'22 to Jan'23,Q1 - 2023,VOLKSWAGEN FINANCIAL Services,"VWFS UK LIMITED       	0000440142892015 DDR	", 22.49 ,, 22.49 ,
26/01/2023,7. Nov'22 to Jan'23,Q1 - 2023,VOLKSWAGEN FINANCIAL Services,"VWFS UK LIMITED       	0000440142892015 DDR	", 22.49 ,, 22.49 ,
01/11/2022,7. Nov'22 to Jan'23,Q1 - 2023,Wages,MISS S ASGHAR COM BBP," 1,743.05 ",," 1,743.05 ",
04/11/2022,7. Nov'22 to Jan'23,Q1 - 2023,Wages,"JOHN LEWIS            	ON 03 NOV CLP	", 90.10 , 15.02 , 75.08 ,
07/11/2022,7. Nov'22 to Jan'23,Q1 - 2023,Wages,"ABDUL AFROZ MOHAMM    	PAY GRP	", 190.40 ,, 190.40 ,
07/11/2022,7. Nov'22 to Jan'23,Q1 - 2023,Wages,"ABDUL HAFEEZ MOHAM    	PAY GRP	", 163.60 ,, 163.60 ,
07/11/2022,7. Nov'22 to Jan'23,Q1 - 2023,Wages,"ABDUL HYDER MOHAMM    	PAY GRP	", 174.80 ,, 174.80 ,
07/11/2022,7. Nov'22 to Jan'23,Q1 - 2023,Wages,"ABDUL MOHAMMED        	PAY GRP	", 253.60 ,, 253.60 ,
07/11/2022,7. Nov'22 to Jan'23,Q1 - 2023,Wages,"ABDUL MOHAMMED        	PAY GRP	", 554.14 ,, 554.14 ,
07/11/2022,7. Nov'22 to Jan'23,Q1 - 2023,Wages,"ABDUL MOHAMMED        	PAY GRP	", 130.60 ,, 130.60 ,
07/11/2022,7. Nov'22 to Jan'23,Q1 - 2023,Wages,"ABDUL MUQEETH AHSA    	PAY GRP	", 130.00 ,, 130.00 ,
07/11/2022,7. Nov'22 to Jan'23,Q1 - 2023,Wages,"ABDUL QADEER KHAN     	PAY GRP	", 130.00 ,, 130.00 ,
07/11/2022,7. Nov'22 to Jan'23,Q1 - 2023,Wages,"ABDUL RAHMAN ALI S    	PAY GRP	", 255.20 ,, 255.20 ,
07/11/2022,7. Nov'22 to Jan'23,Q1 - 2023,Wages,"ABHINAV REDDY         	PAY GRP	", 264.40 ,, 264.40 ,
07/11/2022,7. Nov'22 to Jan'23,Q1 - 2023,Wages,"AHMED AFTAB           	PAY GRP	", 130.00 ,, 130.00 ,
07/11/2022,7. Nov'22 to Jan'23,Q1 - 2023,Wages,"AITHUR SAI RAJA       	PAY GRP	", 163.60 ,, 163.60 ,
07/11/2022,7. Nov'22 to Jan'23,Q1 - 2023,Wages,"AKHIL KUMAR GANGAM    	PAY GRP	", 174.80 ,, 174.80 ,
07/11/2022,7. Nov'22 to Jan'23,Q1 - 2023,Wages,"ALTHAF MOHAMMAD       	PAY GRP	", 336.00 ,, 336.00 ,
07/11/2022,7. Nov'22 to Jan'23,Q1 - 2023,Wages,"AMAIR MOHAMED         	PAY GRP	", 163.60 ,, 163.60 ,
07/11/2022,7. Nov'22 to Jan'23,Q1 - 2023,Wages,"AMANI KASULA          	PAY GRP	", 163.60 ,, 163.60 ,
07/11/2022,7. Nov'22 to Jan'23,Q1 - 2023,Wages,"AMER SHAIK            	PAY GRP	", 174.80 ,, 174.80 ,
07/11/2022,7. Nov'22 to Jan'23,Q1 - 2023,Wages,"ANIL KUMAR VURIPIN    	PAY GRP	", 163.60 ,, 163.60 ,
07/11/2022,7. Nov'22 to Jan'23,Q1 - 2023,Wages,"ARBAZ KHAN            	PAY GRP	", 44.80 ,, 44.80 ,
07/11/2022,7. Nov'22 to Jan'23,Q1 - 2023,Wages,"ASHWIN SAI BHEEMAN    	PAY GRP	", 29.20 ,, 29.20 ,
07/11/2022,7. Nov'22 to Jan'23,Q1 - 2023,Wages,"AVINASH GANGURU       	PAY GRP	", 40.40 ,, 40.40 ,
07/11/2022,7. Nov'22 to Jan'23,Q1 - 2023,Wages,"AYESHA TARANNUM       	PAY GRP	", 298.00 ,, 298.00 ,
07/11/2022,7. Nov'22 to Jan'23,Q1 - 2023,Wages,"AZAM BAIG MIRZA       	PAY GRP	", 817.60 ,, 817.60 ,
07/11/2022,7. Nov'22 to Jan'23,Q1 - 2023,Wages,"BALA SRINIVAS ANCH    	PAY GRP	", 163.60 ,, 163.60 ,
07/11/2022,7. Nov'22 to Jan'23,Q1 - 2023,Wages,"BHANDARU REVANTH      	PAY GRP	", 29.20 ,, 29.20 ,
07/11/2022,7. Nov'22 to Jan'23,Q1 - 2023,Wages,"BHARATHI BATTULA      	PAY GRP	", 174.80 ,, 174.80 ,
07/11/2022,7. Nov'22 to Jan'23,Q1 - 2023,Wages,"CHAITANYA KOLLURU     	PAY GRP	", 83.41 ,, 83.41 ,
07/11/2022,7. Nov'22 to Jan'23,Q1 - 2023,Wages,"CHANDRA MOULI DWAR    	PAY GRP	", 163.60 ,, 163.60 ,
07/11/2022,7. Nov'22 to Jan'23,Q1 - 2023,Wages,"CHARITHA UPPALAPAT    	PAY GRP	", 174.80 ,, 174.80 ,
07/11/2022,7. Nov'22 to Jan'23,Q1 - 2023,Wages,"DHANAPRAKASH TIRUM    	PAY GRP	", 163.60 ,, 163.60 ,
07/11/2022,7. Nov'22 to Jan'23,Q1 - 2023,Wages,"DHANURDHAR DOOSA      	PAY GRP	", 40.40 ,, 40.40 ,
07/11/2022,7. Nov'22 to Jan'23,Q1 - 2023,Wages,"DINESH REDDY PEDDI    	PAY GRP	", 40.40 ,, 40.40 ,
07/11/2022,7. Nov'22 to Jan'23,Q1 - 2023,Wages,"DIVYA BHUKYA          	PAY GRP	", 175.20 ,, 175.20 ,
07/11/2022,7. Nov'22 to Jan'23,Q1 - 2023,Wages,"ESHWAR REDDY BANDA    	PAY GRP	", 40.40 ,, 40.40 ,
07/11/2022,7. Nov'22 to Jan'23,Q1 - 2023,Wages,"FARHAN KHAN           	PAY GRP	", 118.80 ,, 118.80 ,
07/11/2022,7. Nov'22 to Jan'23,Q1 - 2023,Wages,"FAROOQ MOHAMMED       	PAY GRP	", 40.40 ,, 40.40 ,
07/11/2022,7. Nov'22 to Jan'23,Q1 - 2023,Wages,"GOUD BOMMAKANTI       	PAY GRP	", 29.20 ,, 29.20 ,
07/11/2022,7. Nov'22 to Jan'23,Q1 - 2023,Wages,"HAJI MASTAN           	PAY GRP	", 163.60 ,, 163.60 ,
07/11/2022,7. Nov'22 to Jan'23,Q1 - 2023,Wages,"HARSHA VARDHAN RED    	PAY GRP	", 163.60 ,, 163.60 ,
07/11/2022,7. Nov'22 to Jan'23,Q1 - 2023,Wages,"HARSHA VUDUMULA       	PAY GRP	", 40.40 ,, 40.40 ,
07/11/2022,7. Nov'22 to Jan'23,Q1 - 2023,Wages,"HEMANTH VEGINATI      	PAY GRP	", 130.00 ,, 130.00 ,
07/11/2022,7. Nov'22 to Jan'23,Q1 - 2023,Wages,"J MIRIYALA            	PAY GRP	", 130.00 ,, 130.00 ,
07/11/2022,7. Nov'22 to Jan'23,Q1 - 2023,Wages,"JALEEL PASHA MOHAM    	PAY GRP	", 163.60 ,, 163.60 ,
07/11/2022,7. Nov'22 to Jan'23,Q1 - 2023,Wages,"JAWAHARLAL RAMAVAT    	PAY GRP	", 264.40 ,, 264.40 ,
07/11/2022,7. Nov'22 to Jan'23,Q1 - 2023,Wages,"JAYANTH BUDDE         	PAY GRP	", 163.60 ,, 163.60 ,
07/11/2022,7. Nov'22 to Jan'23,Q1 - 2023,Wages,"JEEVANKUMAR PASUPU    	PAY GRP	", 163.60 ,, 163.60 ,
07/11/2022,7. Nov'22 to Jan'23,Q1 - 2023,Wages,"KELASH SINGH RAJPU    	PAY GRP	", 163.60 ,, 163.60 ,
07/11/2022,7. Nov'22 to Jan'23,Q1 - 2023,Wages,"KHALEELUDDIN MOHAM    	PAY GRP	", 174.80 ,, 174.80 ,
07/11/2022,7. Nov'22 to Jan'23,Q1 - 2023,Wages,"KRANTHI VELAGAPUDI    	PAY GRP	", 264.40 ,, 264.40 ,
07/11/2022,7. Nov'22 to Jan'23,Q1 - 2023,Wages,"MADHU CHELAMMLA       	PAY GRP	", 163.60 ,, 163.60 ,
07/11/2022,7. Nov'22 to Jan'23,Q1 - 2023,Wages,"MAIMUNA RUHI          	PAY GRP	", 40.40 ,, 40.40 ,
07/11/2022,7. Nov'22 to Jan'23,Q1 - 2023,Wages,"MALLESH OGURTHA       	PAY GRP	", 332.30 ,, 332.30 ,
07/11/2022,7. Nov'22 to Jan'23,Q1 - 2023,Wages,"MAMATHA CHIKATIMAM    	PAY GRP	", 156.40 ,, 156.40 ,
07/11/2022,7. Nov'22 to Jan'23,Q1 - 2023,Wages,"MANOHAR R DILLI       	PAY GRP	", 174.80 ,, 174.80 ,
07/11/2022,7. Nov'22 to Jan'23,Q1 - 2023,Wages,"MISS S ASGHAR         	PAYMENT BBP	"," 1,750.00 ",," 1,750.00 ",
07/11/2022,7. Nov'22 to Jan'23,Q1 - 2023,Wages,"MITESHKUMAR PATEL     	PAY GRP	", 174.80 ,, 174.80 ,
07/11/2022,7. Nov'22 to Jan'23,Q1 - 2023,Wages,"MOHAMMAD KALIM        	PAY GRP	", 174.80 ,, 174.80 ,
07/11/2022,7. Nov'22 to Jan'23,Q1 - 2023,Wages,"MOHAMMED ABDUL KAR    	PAY GRP	", 174.80 ,, 174.80 ,
07/11/2022,7. Nov'22 to Jan'23,Q1 - 2023,Wages,"MOHAMMED INAMULLAH    	PAY GRP	", 324.80 ,, 324.80 ,
07/11/2022,7. Nov'22 to Jan'23,Q1 - 2023,Wages,"MOHAMMED ISAQ WAHE    	PAY GRP	", 118.80 ,, 118.80 ,
07/11/2022,7. Nov'22 to Jan'23,Q1 - 2023,Wages,"MOHAMMED TAQIUDDIN    	PAY GRP	", 264.40 ,, 264.40 ,
07/11/2022,7. Nov'22 to Jan'23,Q1 - 2023,Wages,"MR A PAKKER           	PAY GRP	", 156.80 ,, 156.80 ,
07/11/2022,7. Nov'22 to Jan'23,Q1 - 2023,Wages,"MR ANKIT ANKIT        	PAY GRP	", 309.20 ,, 309.20 ,
07/11/2022,7. Nov'22 to Jan'23,Q1 - 2023,Wages,"MR DEEPAK KOLLIPAR    	PAY GRP	", 118.80 ,, 118.80 ,
07/11/2022,7. Nov'22 to Jan'23,Q1 - 2023,Wages,"MR MAJID SHAIK        	PAY GRP	", 174.80 ,, 174.80 ,
07/11/2022,7. Nov'22 to Jan'23,Q1 - 2023,Wages,"MR MOHAMMED MOHAMM    	PAY GRP	", 174.80 ,, 174.80 ,
07/11/2022,7. Nov'22 to Jan'23,Q1 - 2023,Wages,"MR MOHAMMED SYED      	PAY GRP	", 264.40 ,, 264.40 ,
07/11/2022,7. Nov'22 to Jan'23,Q1 - 2023,Wages,"MR MUHAMMAD HAMZA     	PAY GRP	", 219.60 ,, 219.60 ,
07/11/2022,7. Nov'22 to Jan'23,Q1 - 2023,Wages,"MR MUJEEB SHAIK       	PAY GRP	", 40.40 ,, 40.40 ,
07/11/2022,7. Nov'22 to Jan'23,Q1 - 2023,Wages,"MR PATHAN PATHAN U    	PAY GRP	", 174.80 ,, 174.80 ,
07/11/2022,7. Nov'22 to Jan'23,Q1 - 2023,Wages,"MR RAHUL SARSAN       	PAY GRP	", 138.00 ,, 138.00 ,
07/11/2022,7. Nov'22 to Jan'23,Q1 - 2023,Wages,"MR S P CHAMBETI       	PAY GRP	", 298.00 ,, 298.00 ,
07/11/2022,7. Nov'22 to Jan'23,Q1 - 2023,Wages,"MR S PANUGANTI        	PAY GRP	", 74.40 ,, 74.40 ,
07/11/2022,7. Nov'22 to Jan'23,Q1 - 2023,Wages,"MR SAI BANDI          	PAY GRP	", 253.20 ,, 253.20 ,
07/11/2022,7. Nov'22 to Jan'23,Q1 - 2023,Wages,"MR SANTHOSH REDDY     	PAY GRP	", 163.60 ,, 163.60 ,
07/11/2022,7. Nov'22 to Jan'23,Q1 - 2023,Wages,"MR SHAIK AHMED        	PAY GRP	", 174.80 ,, 174.80 ,
07/11/2022,7. Nov'22 to Jan'23,Q1 - 2023,Wages,"MR SHAIK SALMAN       	PAY GRP	", 163.60 ,, 163.60 ,
07/11/2022,7. Nov'22 to Jan'23,Q1 - 2023,Wages,"MR SYED SYED ABDUL    	PAY GRP	", 174.80 ,, 174.80 ,
07/11/2022,7. Nov'22 to Jan'23,Q1 - 2023,Wages,"MR VEERENDRA GOTTI    	PAY GRP	", 163.60 ,, 163.60 ,
07/11/2022,7. Nov'22 to Jan'23,Q1 - 2023,Wages,"MRUTHUMJAYA MUNNAN    	PAY GRP	", 40.40 ,, 40.40 ,
07/11/2022,7. Nov'22 to Jan'23,Q1 - 2023,Wages,"MUHAMMAD ARSLAN SA    	PAY GRP	", 398.80 ,, 398.80 ,
07/11/2022,7. Nov'22 to Jan'23,Q1 - 2023,Wages,"NAGA CHAITANYA RED    	PAY GRP	", 174.80 ,, 174.80 ,
07/11/2022,7. Nov'22 to Jan'23,Q1 - 2023,Wages,"NARESH DANTHALA       	PAY GRP	", 29.20 ,, 29.20 ,
07/11/2022,7. Nov'22 to Jan'23,Q1 - 2023,Wages,"NASEER UDDIN SYED     	PAY GRP	", 253.20 ,, 253.20 ,
07/11/2022,7. Nov'22 to Jan'23,Q1 - 2023,Wages,"NAWAB SHAREEF MOHA    	PAY GRP	", 174.80 ,, 174.80 ,
07/11/2022,7. Nov'22 to Jan'23,Q1 - 2023,Wages,"NIKHIL VASA           	PAY GRP	", 50.10 ,, 50.10 ,
07/11/2022,7. Nov'22 to Jan'23,Q1 - 2023,Wages,"NIKHITHA KALASHIKA    	PAY GRP	", 116.40 ,, 116.40 ,
07/11/2022,7. Nov'22 to Jan'23,Q1 - 2023,Wages,"NIROSHA RAMAVATH      	PAY GRP	", 29.20 ,, 29.20 ,
07/11/2022,7. Nov'22 to Jan'23,Q1 - 2023,Wages,"NULL JATIN BATHULA    	PAY GRP	", 33.20 ,, 33.20 ,
07/11/2022,7. Nov'22 to Jan'23,Q1 - 2023,Wages,"OMAIR AHMED MOHAMM    	PAY GRP	", 264.40 ,, 264.40 ,
07/11/2022,7. Nov'22 to Jan'23,Q1 - 2023,Wages,"OSIM SHAIK            	PAY GRP	", 40.40 ,, 40.40 ,
07/11/2022,7. Nov'22 to Jan'23,Q1 - 2023,Wages,"PAVAN KUMAR GANGA     	PAY GRP	", 40.40 ,, 40.40 ,
07/11/2022,7. Nov'22 to Jan'23,Q1 - 2023,Wages,"PAVAN KUMAR GUNAKA    	PAY GRP	", 163.60 ,, 163.60 ,
07/11/2022,7. Nov'22 to Jan'23,Q1 - 2023,Wages,"PAVAN KUMAR PERAMC    	PAY GRP	", 163.60 ,, 163.60 ,
07/11/2022,7. Nov'22 to Jan'23,Q1 - 2023,Wages,"PRASHANTH SEEMALA     	PAY GRP	", 172.00 ,, 172.00 ,
07/11/2022,7. Nov'22 to Jan'23,Q1 - 2023,Wages,"RACHERLA CHIRANJEE    	PAY GRP	", 171.60 ,, 171.60 ,
07/11/2022,7. Nov'22 to Jan'23,Q1 - 2023,Wages,"RAGHAVENDRARAO KAN    	PAY GRP	", 29.20 ,, 29.20 ,
07/11/2022,7. Nov'22 to Jan'23,Q1 - 2023,Wages,"RAVIKUMAR KASULA      	PAY GRP	", 40.40 ,, 40.40 ,
07/11/2022,7. Nov'22 to Jan'23,Q1 - 2023,Wages,"REHAN MASOOD ABBAS    	PAY GRP	", 44.80 ,, 44.80 ,
07/11/2022,7. Nov'22 to Jan'23,Q1 - 2023,Wages,"REVANTH POTLURI       	PAY GRP	", 163.60 ,, 163.60 ,
07/11/2022,7. Nov'22 to Jan'23,Q1 - 2023,Wages,"SAIKIRAN KOTAGIRI     	PAY GRP	", 163.60 ,, 163.60 ,
07/11/2022,7. Nov'22 to Jan'23,Q1 - 2023,Wages,"SAMBA SIVA RAO SEE    	PAY GRP	", 174.80 ,, 174.80 ,
07/11/2022,7. Nov'22 to Jan'23,Q1 - 2023,Wages,"SAMEER ALI MIRZA      	PAY GRP	", 34.08 ,, 34.08 ,
07/11/2022,7. Nov'22 to Jan'23,Q1 - 2023,Wages,"SAMREEN NAAZ          	PAY GRP	", 174.80 ,, 174.80 ,
07/11/2022,7. Nov'22 to Jan'23,Q1 - 2023,Wages,"SANDHYA DOSALE        	PAY GRP	", 22.00 ,, 22.00 ,
07/11/2022,7. Nov'22 to Jan'23,Q1 - 2023,Wages,"SHAFEE KHAN MOHAMM    	PAY GRP	", 40.40 ,, 40.40 ,
07/11/2022,7. Nov'22 to Jan'23,Q1 - 2023,Wages,"SHAHZAD HAIDER        	PAY GRP	", 174.80 ,, 174.80 ,
07/11/2022,7. Nov'22 to Jan'23,Q1 - 2023,Wages,"SHAIK IRFAN AHMED     	PAY GRP	", 190.40 ,, 190.40 ,
07/11/2022,7. Nov'22 to Jan'23,Q1 - 2023,Wages,"SREE AMRUTH KOYALK    	PAY GRP	", 174.80 ,, 174.80 ,
07/11/2022,7. Nov'22 to Jan'23,Q1 - 2023,Wages,"SRI DADABOINA         	PAY GRP	", 163.60 ,, 163.60 ,
07/11/2022,7. Nov'22 to Jan'23,Q1 - 2023,Wages,"SUMANTH REDDY BURR    	PAY GRP	", 233.60 ,, 233.60 ,
07/11/2022,7. Nov'22 to Jan'23,Q1 - 2023,Wages,"SUMANTH REDDY SAND    	PAY GRP	", 81.84 ,, 81.84 ,
07/11/2022,7. Nov'22 to Jan'23,Q1 - 2023,Wages,"SUNDER REDDY NELAK    	PAY GRP	", 40.40 ,, 40.40 ,
07/11/2022,7. Nov'22 to Jan'23,Q1 - 2023,Wages,"SUNIL DUGGINENI       	PAY GRP	", 118.80 ,, 118.80 ,
07/11/2022,7. Nov'22 to Jan'23,Q1 - 2023,Wages,"SYED GHALIB           	PAY GRP	", 231.36 ,, 231.36 ,
07/11/2022,7. Nov'22 to Jan'23,Q1 - 2023,Wages,"SYEDA JAVERIA         	PAY GRP	", 29.20 ,, 29.20 ,
07/11/2022,7. Nov'22 to Jan'23,Q1 - 2023,Wages,"TADI REDDY            	PAY GRP	", 153.20 ,, 153.20 ,
07/11/2022,7. Nov'22 to Jan'23,Q1 - 2023,Wages,"TAMHID ANWAR MOHAM    	PAY GRP	", 163.60 ,, 163.60 ,
07/11/2022,7. Nov'22 to Jan'23,Q1 - 2023,Wages,"TANUJA VELAGA         	PAY GRP	", 190.46 ,, 190.46 ,
07/11/2022,7. Nov'22 to Jan'23,Q1 - 2023,Wages,"TASLEEM AFROZ         	PAY GRP	", 174.80 ,, 174.80 ,
07/11/2022,7. Nov'22 to Jan'23,Q1 - 2023,Wages,"THANVEER FATIMA       	PAY GRP	", 914.00 ,, 914.00 ,
07/11/2022,7. Nov'22 to Jan'23,Q1 - 2023,Wages,"UZER AHMED KHAN       	PAY GRP	", 593.60 ,, 593.60 ,
07/11/2022,7. Nov'22 to Jan'23,Q1 - 2023,Wages,"VAMSHIKRISHNA REDD    	PAY GRP	", 347.20 ,, 347.20 ,
07/11/2022,7. Nov'22 to Jan'23,Q1 - 2023,Wages,"VENKATA CHALAPATHI    	PAY GRP	", 29.20 ,, 29.20 ,
07/11/2022,7. Nov'22 to Jan'23,Q1 - 2023,Wages,"VENKATA LOKESH MAD    	PAY GRP	", 29.20 ,, 29.20 ,
07/11/2022,7. Nov'22 to Jan'23,Q1 - 2023,Wages,"VENKATESWARA BOLLI    	PAY GRP	", 163.60 ,, 163.60 ,
07/11/2022,7. Nov'22 to Jan'23,Q1 - 2023,Wages,"VENKATESWARA RAO S    	PAY GRP	", 163.60 ,, 163.60 ,
07/11/2022,7. Nov'22 to Jan'23,Q1 - 2023,Wages,"VINAY KUMAR MUSINA    	PAY GRP	", 336.00 ,, 336.00 ,
07/11/2022,7. Nov'22 to Jan'23,Q1 - 2023,Wages,"WAHED MOHAMMED NOM    	PAY GRP	", 264.40 ,, 264.40 ,
07/11/2022,7. Nov'22 to Jan'23,Q1 - 2023,Wages,"WAJAHAT ALI MIR       	PAY GRP	", 163.60 ,, 163.60 ,
07/11/2022,7. Nov'22 to Jan'23,Q1 - 2023,Wages,"YASIN MOHAMMED        	PAY GRP	", 163.60 ,, 163.60 ,
08/11/2022,7. Nov'22 to Jan'23,Q1 - 2023,Wages,"JAWARIA KHALID        	PAY BBP	"," 4,076.03 ",," 4,076.03 ",
09/11/2022,7. Nov'22 to Jan'23,Q1 - 2023,Wages,"ABDUL QUIYUM MOHAM    	PAY GRP	", 684.00 ,, 684.00 ,
09/11/2022,7. Nov'22 to Jan'23,Q1 - 2023,Wages,"ABDUL SHAIK           	PAY GRP	", 720.00 ,, 720.00 ,
09/11/2022,7. Nov'22 to Jan'23,Q1 - 2023,Wages,"AHSAN RAMZAN          	PAY GRP	", 323.00 ,, 323.00 ,
09/11/2022,7. Nov'22 to Jan'23,Q1 - 2023,Wages,"AKBAR ALI MOHAMMED    	PAY GRP	", 741.00 ,, 741.00 ,
09/11/2022,7. Nov'22 to Jan'23,Q1 - 2023,Wages,"ANANIA RABOSEA        	PAY GRP	"," 1,486.31 ",," 1,486.31 ",
09/11/2022,7. Nov'22 to Jan'23,Q1 - 2023,Wages,"ANJALI JHA            	PAY GRP	", 684.00 ,, 684.00 ,
09/11/2022,7. Nov'22 to Jan'23,Q1 - 2023,Wages,"AYUSH AGRAWAL         	PAY GRP	", 247.00 ,, 247.00 ,
09/11/2022,7. Nov'22 to Jan'23,Q1 - 2023,Wages,"AZEEM ULLAH           	PAY GRP	", 690.00 ,, 690.00 ,
09/11/2022,7. Nov'22 to Jan'23,Q1 - 2023,Wages,"B GAYE                	PAY GRP	", 114.00 ,, 114.00 ,
09/11/2022,7. Nov'22 to Jan'23,Q1 - 2023,Wages,"BILAL KHAN            	PAY GRP	", 800.00 ,, 800.00 ,
09/11/2022,7. Nov'22 to Jan'23,Q1 - 2023,Wages,"JAMSHED AHMED KHAN    	PAY GRP	"," 1,970.37 ",," 1,970.37 ",
09/11/2022,7. Nov'22 to Jan'23,Q1 - 2023,Wages,"KAPIL                 	PAY GRP	", 285.00 ,, 285.00 ,
09/11/2022,7. Nov'22 to Jan'23,Q1 - 2023,Wages,"MIAN RAFI             	PAY GRP	", 720.00 ,, 720.00 ,
09/11/2022,7. Nov'22 to Jan'23,Q1 - 2023,Wages,"MOHD SAIF M MITHAW    	PAY GRP	", 760.00 ,, 760.00 ,
09/11/2022,7. Nov'22 to Jan'23,Q1 - 2023,Wages,"MR ADNAN KHAN         	PAY GRP	", 800.00 ,, 800.00 ,
09/11/2022,7. Nov'22 to Jan'23,Q1 - 2023,Wages,"MR HAJI R MAHOMED     	PAY GRP	", 570.00 ,, 570.00 ,
09/11/2022,7. Nov'22 to Jan'23,Q1 - 2023,Wages,"MUHAMMAD ARSHAD       	PAY GRP	", 360.00 ,, 360.00 ,
09/11/2022,7. Nov'22 to Jan'23,Q1 - 2023,Wages,"MUHAMMAD BABAR        	PAY GRP	", 770.00 ,, 770.00 ,
09/11/2022,7. Nov'22 to Jan'23,Q1 - 2023,Wages,"MUHAMMAD BILAL TAR    	PAY GRP	"," 1,141.22 ",," 1,141.22 ",
09/11/2022,7. Nov'22 to Jan'23,Q1 - 2023,Wages,"MUHAMMAD FARID        	PAY GRP	", 800.00 ,, 800.00 ,
09/11/2022,7. Nov'22 to Jan'23,Q1 - 2023,Wages,"MUHAMMAD NISAR        	PAY GRP	", 800.00 ,, 800.00 ,
09/11/2022,7. Nov'22 to Jan'23,Q1 - 2023,Wages,"MUHAMMAD YASEEN       	PAY GRP	", 770.50 ,, 770.50 ,
09/11/2022,7. Nov'22 to Jan'23,Q1 - 2023,Wages,"MUNAF AHMED SYED      	PAY GRP	", 720.00 ,, 720.00 ,
09/11/2022,7. Nov'22 to Jan'23,Q1 - 2023,Wages,"RAB KHAN              	PAY GRP	", 740.00 ,, 740.00 ,
09/11/2022,7. Nov'22 to Jan'23,Q1 - 2023,Wages,"SACHITH SHASTRULA     	PAY GRP	", 389.50 ,, 389.50 ,
09/11/2022,7. Nov'22 to Jan'23,Q1 - 2023,Wages,"SAI PRASANNA RAO M    	PAY GRP	", 741.00 ,, 741.00 ,
09/11/2022,7. Nov'22 to Jan'23,Q1 - 2023,Wages,"SARFARAZ MIRZA        	PAY GRP	", 522.50 ,, 522.50 ,
09/11/2022,7. Nov'22 to Jan'23,Q1 - 2023,Wages,"SAYED AWAIS SHAH      	PAY GRP	", 450.00 ,, 450.00 ,
09/11/2022,7. Nov'22 to Jan'23,Q1 - 2023,Wages,"SHANE SMITH           	PAY GRP	"," 1,550.38 ",," 1,550.38 ",
09/11/2022,7. Nov'22 to Jan'23,Q1 - 2023,Wages,"SYED SHAHZEB BUKHA    	PAY GRP	", 270.75 ,, 270.75 ,
09/11/2022,7. Nov'22 to Jan'23,Q1 - 2023,Wages,"TADI REDDY            	PAY GRP	", 684.00 ,, 684.00 ,
09/11/2022,7. Nov'22 to Jan'23,Q1 - 2023,Wages,"UMAR IHSAN            	PAY GRP	", 160.00 ,, 160.00 ,
09/11/2022,7. Nov'22 to Jan'23,Q1 - 2023,Wages,"UMME SANA             	PAY GRP	", 920.00 ,, 920.00 ,
09/11/2022,7. Nov'22 to Jan'23,Q1 - 2023,Wages,"VASIL VASILEV         	PAY GRP	"," 1,834.82 ",," 1,834.82 ",
09/11/2022,7. Nov'22 to Jan'23,Q1 - 2023,Wages,"WAQAS AHMAD           	PAY GRP	", 660.00 ,, 660.00 ,
09/11/2022,7. Nov'22 to Jan'23,Q1 - 2023,Wages,"YUVA RAJ BANOTH       	PAY GRP	", 684.00 ,, 684.00 ,
11/11/2022,7. Nov'22 to Jan'23,Q1 - 2023,Wages,"A KHAN                	PAY GRP	", 324.80 ,, 324.80 ,
11/11/2022,7. Nov'22 to Jan'23,Q1 - 2023,Wages,"ABDULLAH              	PAY GRP	", 324.80 ,, 324.80 ,
11/11/2022,7. Nov'22 to Jan'23,Q1 - 2023,Wages,"ABDUS SALAM           	PAY GRP	", 179.20 ,, 179.20 ,
11/11/2022,7. Nov'22 to Jan'23,Q1 - 2023,Wages,"AFTAB AHMAD           	PAY GRP	", 190.40 ,, 190.40 ,
11/11/2022,7. Nov'22 to Jan'23,Q1 - 2023,Wages,"ALI HAIDER            	PAY GRP	", 44.80 ,, 44.80 ,
11/11/2022,7. Nov'22 to Jan'23,Q1 - 2023,Wages,"ALI NAWAZ             	PAY GRP	", 268.80 ,, 268.80 ,
11/11/2022,7. Nov'22 to Jan'23,Q1 - 2023,Wages,"AZIZ ULLAH            	PAY GRP	", 134.40 ,, 134.40 ,
11/11/2022,7. Nov'22 to Jan'23,Q1 - 2023,Wages,"BILAL BAIG            	PAY GRP	", 190.40 ,, 190.40 ,
11/11/2022,7. Nov'22 to Jan'23,Q1 - 2023,Wages,"DAHSHAT KHAN          	PAY GRP	", 300.00 ,, 300.00 ,
11/11/2022,7. Nov'22 to Jan'23,Q1 - 2023,Wages,"DAWOOD HAIDER         	PAY GRP	", 324.80 ,, 324.80 ,
11/11/2022,7. Nov'22 to Jan'23,Q1 - 2023,Wages,"FAWAD KHAN            	PAY GRP	", 268.80 ,, 268.80 ,
11/11/2022,7. Nov'22 to Jan'23,Q1 - 2023,Wages,"HABIB REHMAN          	PAY BBP	"," 1,718.37 ",," 1,718.37 ",
11/11/2022,7. Nov'22 to Jan'23,Q1 - 2023,Wages,"HAMMAD KHAN           	PAY GRP	", 313.60 ,, 313.60 ,
11/11/2022,7. Nov'22 to Jan'23,Q1 - 2023,Wages,"HAMZA MAQBOOL         	PAY GRP	", 324.80 ,, 324.80 ,
11/11/2022,7. Nov'22 to Jan'23,Q1 - 2023,Wages,"HASEEB UL HASSAN      	PAY GRP	", 313.60 ,, 313.60 ,
11/11/2022,7. Nov'22 to Jan'23,Q1 - 2023,Wages,"HASSAM IBRAHIM        	PAY GRP	", 313.60 ,, 313.60 ,
11/11/2022,7. Nov'22 to Jan'23,Q1 - 2023,Wages,"HAZRAT BILAL          	PAY GRP	", 89.60 ,, 89.60 ,
11/11/2022,7. Nov'22 to Jan'23,Q1 - 2023,Wages,"IHTESHAM ULLAH        	PAY GRP	", 190.40 ,, 190.40 ,
11/11/2022,7. Nov'22 to Jan'23,Q1 - 2023,Wages,"IRAM HUSSAIN          	PAY GRP	", 179.20 ,, 179.20 ,
11/11/2022,7. Nov'22 to Jan'23,Q1 - 2023,Wages,"IZHAR KHAN            	PAY GRP	", 324.80 ,, 324.80 ,
11/11/2022,7. Nov'22 to Jan'23,Q1 - 2023,Wages,"LUKE T S BUTCHER      	PAY BBP	", 350.00 ,, 350.00 ,
11/11/2022,7. Nov'22 to Jan'23,Q1 - 2023,Wages,"MALIK ASIF            	PAY GRP	", 313.60 ,, 313.60 ,
11/11/2022,7. Nov'22 to Jan'23,Q1 - 2023,Wages,"MASTAN VALLI GURRA    	PAY GRP	", 324.80 ,, 324.80 ,
11/11/2022,7. Nov'22 to Jan'23,Q1 - 2023,Wages,"MOHAMMED AMER KHAN    	PAY GRP	", 190.40 ,, 190.40 ,
11/11/2022,7. Nov'22 to Jan'23,Q1 - 2023,Wages,"MOHAMMED SHAZLI       	PAY GRP	", 190.40 ,, 190.40 ,
11/11/2022,7. Nov'22 to Jan'23,Q1 - 2023,Wages,"MOHAN KUMAR VUYYUR    	PAY GRP	", 313.60 ,, 313.60 ,
11/11/2022,7. Nov'22 to Jan'23,Q1 - 2023,Wages,"MOHSIN SAJID          	PAY GRP	", 179.20 ,, 179.20 ,
11/11/2022,7. Nov'22 to Jan'23,Q1 - 2023,Wages,"MR A A KHAN           	PAY GRP	", 179.20 ,, 179.20 ,
11/11/2022,7. Nov'22 to Jan'23,Q1 - 2023,Wages,"MR ASFANDYAR KHAN     	PAY GRP	", 403.20 ,, 403.20 ,
11/11/2022,7. Nov'22 to Jan'23,Q1 - 2023,Wages,"MR FARHAN SHABBIR     	PAY GRP	", 235.60 ,, 235.60 ,
11/11/2022,7. Nov'22 to Jan'23,Q1 - 2023,Wages,"MR MUHAMMAD AFTAB     	PAY GRP	", 134.80 ,, 134.80 ,
11/11/2022,7. Nov'22 to Jan'23,Q1 - 2023,Wages,"MR ZEESHAN AKBAR      	PAY GRP	", 145.60 ,, 145.60 ,
11/11/2022,7. Nov'22 to Jan'23,Q1 - 2023,Wages,"MS I LIAQUAT          	PAY GRP	", 134.40 ,, 134.40 ,
11/11/2022,7. Nov'22 to Jan'23,Q1 - 2023,Wages,"MUHAMMAD A SOHAIL     	PAY GRP	", 313.60 ,, 313.60 ,
11/11/2022,7. Nov'22 to Jan'23,Q1 - 2023,Wages,"MUHAMMAD ARSLAN KH    	PAY GRP	", 280.00 ,, 280.00 ,
11/11/2022,7. Nov'22 to Jan'23,Q1 - 2023,Wages,"MUHAMMAD BILAL        	PAY GRP	", 235.20 ,, 235.20 ,
11/11/2022,7. Nov'22 to Jan'23,Q1 - 2023,Wages,"MUHAMMAD DURAB        	PAY GRP	", 324.80 ,, 324.80 ,
11/11/2022,7. Nov'22 to Jan'23,Q1 - 2023,Wages,"MUHAMMAD FAHEEM       	PAY GRP	", 190.40 ,, 190.40 ,
11/11/2022,7. Nov'22 to Jan'23,Q1 - 2023,Wages,"MUHAMMAD H N MIRZA    	PAY GRP	", 403.20 ,, 403.20 ,
11/11/2022,7. Nov'22 to Jan'23,Q1 - 2023,Wages,"MUHAMMAD KASHIF NI    	PAY GRP	", 313.60 ,, 313.60 ,
11/11/2022,7. Nov'22 to Jan'23,Q1 - 2023,Wages,"MUHAMMAD NISAR        	PAY GRP	", 268.80 ,, 268.80 ,
11/11/2022,7. Nov'22 to Jan'23,Q1 - 2023,Wages,"MUHAMMAD RAHEEL AB    	PAY GRP	", 324.80 ,, 324.80 ,
11/11/2022,7. Nov'22 to Jan'23,Q1 - 2023,Wages,"MUHAMMAD SHOAIB       	PAY GRP	", 190.40 ,, 190.40 ,
11/11/2022,7. Nov'22 to Jan'23,Q1 - 2023,Wages,"MUHAMMAD TARIQ        	PAY GRP	", 134.40 ,, 134.40 ,
11/11/2022,7. Nov'22 to Jan'23,Q1 - 2023,Wages,"NAQASH KHAN           	PAY GRP	", 179.20 ,, 179.20 ,
11/11/2022,7. Nov'22 to Jan'23,Q1 - 2023,Wages,"NULL ABDULAAHI JAM    	PAY GRP	", 134.40 ,, 134.40 ,
11/11/2022,7. Nov'22 to Jan'23,Q1 - 2023,Wages,"POOJA RANI            	PAY GRP	", 179.20 ,, 179.20 ,
11/11/2022,7. Nov'22 to Jan'23,Q1 - 2023,Wages,"PUNEET KUMAR          	PAY GRP	", 134.40 ,, 134.40 ,
11/11/2022,7. Nov'22 to Jan'23,Q1 - 2023,Wages,"RAB KHAN              	PAY GRP	", 268.80 ,, 268.80 ,
11/11/2022,7. Nov'22 to Jan'23,Q1 - 2023,Wages,"RAJ MUHAMMAD          	PAY GRP	", 940.80 ,, 940.80 ,
11/11/2022,7. Nov'22 to Jan'23,Q1 - 2023,Wages,"RAJA AMISH ALI        	PAY GRP	", 280.00 ,, 280.00 ,
11/11/2022,7. Nov'22 to Jan'23,Q1 - 2023,Wages,"SAAD ASHRAF           	PAY GRP	", 56.00 ,, 56.00 ,
11/11/2022,7. Nov'22 to Jan'23,Q1 - 2023,Wages,"SAIF ULLAH            	PAY GRP	", 313.60 ,, 313.60 ,
11/11/2022,7. Nov'22 to Jan'23,Q1 - 2023,Wages,"SAMI ULLAH            	PAY GRP	", 229.60 ,, 229.60 ,
11/11/2022,7. Nov'22 to Jan'23,Q1 - 2023,Wages,"SHAHEER IHSAN         	PAY GRP	", 851.20 ,, 851.20 ,
11/11/2022,7. Nov'22 to Jan'23,Q1 - 2023,Wages,"SHAHZAIB SHAKEEL      	PAY GRP	", 44.80 ,, 44.80 ,
11/11/2022,7. Nov'22 to Jan'23,Q1 - 2023,Wages,"SYED ARSALAN ALI      	PAY GRP	", 313.60 ,, 313.60 ,
11/11/2022,7. Nov'22 to Jan'23,Q1 - 2023,Wages,"YASIR UMER            	PAY GRP	", 190.40 ,, 190.40 ,
11/11/2022,7. Nov'22 to Jan'23,Q1 - 2023,Wages,"ZESHAN MEHDI          	PAY GRP	", 44.80 ,, 44.80 ,
21/11/2022,7. Nov'22 to Jan'23,Q1 - 2023,Wages,"NIROSHA RAMAVATH      	PAY BBP	", 744.78 ,, 744.78 ,
28/11/2022,7. Nov'22 to Jan'23,Q1 - 2023,Wages,"MARSON LTD            	AS INVOICED BBP	"," 1,349.00 ", 224.83 ," 1,124.17 ",
08/12/2022,7. Nov'22 to Jan'23,Q1 - 2023,Wages,"JAWARIA KHALID        	PAY BBP	"," 4,135.79 ",," 4,135.79 ",
12/12/2022,7. Nov'22 to Jan'23,Q1 - 2023,Wages,"ABDUL RAHMAN ALI S    	PAY GRP	", 764.75 ,, 764.75 ,
12/12/2022,7. Nov'22 to Jan'23,Q1 - 2023,Wages,"ABDUL RAMEEZ SHEIK    	PAY GRP	", 359.00 ,, 359.00 ,
12/12/2022,7. Nov'22 to Jan'23,Q1 - 2023,Wages,"ABDUL RAMEEZ SHEIK    	PAY1 GRP	", 1.00 ,, 1.00 ,
12/12/2022,7. Nov'22 to Jan'23,Q1 - 2023,Wages,"AHSAN RAMZAN          	PAY GRP	", 883.50 ,, 883.50 ,
12/12/2022,7. Nov'22 to Jan'23,Q1 - 2023,Wages,"AKBAR ALI MOHAMMED    	PAY GRP	", 313.50 ,, 313.50 ,
12/12/2022,7. Nov'22 to Jan'23,Q1 - 2023,Wages,"ANANIA RABOSEA        	PAY GRP	"," 1,076.72 ",," 1,076.72 ",
12/12/2022,7. Nov'22 to Jan'23,Q1 - 2023,Wages,"ARSEN TSANIS          	PAY GRP	", 850.00 ,, 850.00 ,
12/12/2022,7. Nov'22 to Jan'23,Q1 - 2023,Wages,"AYUSH AGRAWAL         	PAY GRP	", 247.00 ,, 247.00 ,
12/12/2022,7. Nov'22 to Jan'23,Q1 - 2023,Wages,"BILAL KHAN            	PAY GRP	", 800.00 ,, 800.00 ,
12/12/2022,7. Nov'22 to Jan'23,Q1 - 2023,Wages,"EMAD BASSALY          	PAY GRP	", 212.66 ,, 212.66 ,
12/12/2022,7. Nov'22 to Jan'23,Q1 - 2023,Wages,"FAWAD KHAN            	PAY GRP	", 720.00 ,, 720.00 ,
12/12/2022,7. Nov'22 to Jan'23,Q1 - 2023,Wages,"HARSHA VARDHAN RED    	PAY GRP	", 760.00 ,, 760.00 ,
12/12/2022,7. Nov'22 to Jan'23,Q1 - 2023,Wages,"IQRA NAZIR            	PAY GRP	", 780.00 ,, 780.00 ,
12/12/2022,7. Nov'22 to Jan'23,Q1 - 2023,Wages,"JAMSHED AHMED KHAN    	PAY GRP	", 256.50 ,, 256.50 ,
12/12/2022,7. Nov'22 to Jan'23,Q1 - 2023,Wages,"MAHENDRA REDDY KON    	PAY GRP	", 289.32 ,, 289.32 ,
12/12/2022,7. Nov'22 to Jan'23,Q1 - 2023,Wages,"MALIK ASIF            	PAY GRP	", 400.00 ,, 400.00 ,
12/12/2022,7. Nov'22 to Jan'23,Q1 - 2023,Wages,"MAMATHA CHIKATIMAM    	PAY GRP	", 760.00 ,, 760.00 ,
12/12/2022,7. Nov'22 to Jan'23,Q1 - 2023,Wages,"MITESHKUMAR PATEL     	PAY GRP	", 378.00 ,, 378.00 ,
12/12/2022,7. Nov'22 to Jan'23,Q1 - 2023,Wages,"MOHAMMAD MIA          	PAY GRP	"," 2,026.56 ",," 2,026.56 ",
12/12/2022,7. Nov'22 to Jan'23,Q1 - 2023,Wages,"MOHAMMED ARBAAZ LA    	PAY GRP	", 760.00 ,, 760.00 ,
12/12/2022,7. Nov'22 to Jan'23,Q1 - 2023,Wages,"MR A A KHAN           	PAY GRP	", 800.00 ,, 800.00 ,
12/12/2022,7. Nov'22 to Jan'23,Q1 - 2023,Wages,"MR AAMIR HUSSAIN      	PAY GRP	", 525.00 ,, 525.00 ,
12/12/2022,7. Nov'22 to Jan'23,Q1 - 2023,Wages,"MR ADNAN KHAN         	PAY GRP	", 475.00 ,, 475.00 ,
12/12/2022,7. Nov'22 to Jan'23,Q1 - 2023,Wages,"MR HAJI R MAHOMED     	PAY GRP	", 456.00 ,, 456.00 ,
12/12/2022,7. Nov'22 to Jan'23,Q1 - 2023,Wages,"MUHAMMAD BABAR        	PAY GRP	", 665.00 ,, 665.00 ,
12/12/2022,7. Nov'22 to Jan'23,Q1 - 2023,Wages,"MUHAMMAD BILAL TAR    	PAY GRP	"," 1,420.84 ",," 1,420.84 ",
12/12/2022,7. Nov'22 to Jan'23,Q1 - 2023,Wages,"MUHAMMAD HAMMAD AU    	PAY GRP	", 250.00 ,, 250.00 ,
12/12/2022,7. Nov'22 to Jan'23,Q1 - 2023,Wages,"MUHAMMAD NISAR        	PAY GRP	", 480.00 ,, 480.00 ,
12/12/2022,7. Nov'22 to Jan'23,Q1 - 2023,Wages,"MUHAMMAD ZEESHAN      	PAY BBP	"," 1,151.56 ",," 1,151.56 ",
12/12/2022,7. Nov'22 to Jan'23,Q1 - 2023,Wages,"MUJAHID MOHAMMAD      	PAY GRP	", 209.47 ,, 209.47 ,
12/12/2022,7. Nov'22 to Jan'23,Q1 - 2023,Wages,"MUNAF AHMED SYED      	PAY GRP	", 240.00 ,, 240.00 ,
12/12/2022,7. Nov'22 to Jan'23,Q1 - 2023,Wages,"MUSHHOOD KHAN         	PAY GRP	", 769.50 ,, 769.50 ,
12/12/2022,7. Nov'22 to Jan'23,Q1 - 2023,Wages,"NORREDINE CHAOUCHE    	PAY GRP	"," 1,000.00 ",," 1,000.00 ",
12/12/2022,7. Nov'22 to Jan'23,Q1 - 2023,Wages,"PRANAY VAANKAAR       	PAY GRP	", 720.00 ,, 720.00 ,
12/12/2022,7. Nov'22 to Jan'23,Q1 - 2023,Wages,"SARFARAZ MIRZA        	PAY GRP	", 141.35 ,, 141.35 ,
12/12/2022,7. Nov'22 to Jan'23,Q1 - 2023,Wages,"SAYED AWAIS SHAH      	PAY GRP	", 510.24 ,, 510.24 ,
12/12/2022,7. Nov'22 to Jan'23,Q1 - 2023,Wages,"SHAHEER IHSAN         	PAY 1 GRP	", 0.50 ,, 0.50 ,
12/12/2022,7. Nov'22 to Jan'23,Q1 - 2023,Wages,"SHAHEER IHSAN         	PAY GRP	", 559.50 ,, 559.50 ,
12/12/2022,7. Nov'22 to Jan'23,Q1 - 2023,Wages,"SHANE SMITH           	PAY GRP	"," 1,152.70 ",," 1,152.70 ",
12/12/2022,7. Nov'22 to Jan'23,Q1 - 2023,Wages,"SYED SHAHZEB BUKHA    	PAY GRP	", 712.50 ,, 712.50 ,
12/12/2022,7. Nov'22 to Jan'23,Q1 - 2023,Wages,"TADI REDDY            	PAY GRP	", 684.00 ,, 684.00 ,
12/12/2022,7. Nov'22 to Jan'23,Q1 - 2023,Wages,"UCHE KINGSLEY IKEJ    	PAY GRP	", 627.00 ,, 627.00 ,
12/12/2022,7. Nov'22 to Jan'23,Q1 - 2023,Wages,"UMER HAYAT KHALIL     	PAY GRP	", 805.00 ,, 805.00 ,
12/12/2022,7. Nov'22 to Jan'23,Q1 - 2023,Wages,"UMME SANA             	PAY GRP	"," 1,430.36 ",," 1,430.36 ",
12/12/2022,7. Nov'22 to Jan'23,Q1 - 2023,Wages,"USAMA SAEED           	PAY GRP	", 684.00 ,, 684.00 ,
12/12/2022,7. Nov'22 to Jan'23,Q1 - 2023,Wages,"VASIL VASILEV         	PAY GRP	"," 1,729.56 ",," 1,729.56 ",
12/12/2022,7. Nov'22 to Jan'23,Q1 - 2023,Wages,"VINOD AKENA           	PAY GRP	", 456.00 ,, 456.00 ,
12/12/2022,7. Nov'22 to Jan'23,Q1 - 2023,Wages,"VONTELA MAHEEKAR      	PAY GRP	", 672.76 ,, 672.76 ,
12/12/2022,7. Nov'22 to Jan'23,Q1 - 2023,Wages,"W R KWAW              	PAY GRP	", 240.00 ,, 240.00 ,
12/12/2022,7. Nov'22 to Jan'23,Q1 - 2023,Wages,"YUVA RAJ BANOTH       	PAY GRP	", 760.00 ,, 760.00 ,
12/12/2022,7. Nov'22 to Jan'23,Q1 - 2023,Wages,"ZIA ULLAH             	PAY BBP	", 720.00 ,, 720.00 ,
28/12/2022,7. Nov'22 to Jan'23,Q1 - 2023,Wages,"FAROOQ MOHAMMED       	ADV PAY BBP	", 250.00 ,, 250.00 ,
10/01/2023,7. Nov'22 to Jan'23,Q1 - 2023,Wages,"ABDUL QUIYUM MOHAM    	PAY GRP	", 200.00 ,, 200.00 ,
10/01/2023,7. Nov'22 to Jan'23,Q1 - 2023,Wages,"ABDUL RAHMAN ALI S    	PAY GRP	", 764.75 ,, 764.75 ,
10/01/2023,7. Nov'22 to Jan'23,Q1 - 2023,Wages,"ABDUL SHAIK           	PAY GRP	", 698.25 ,, 698.25 ,
10/01/2023,7. Nov'22 to Jan'23,Q1 - 2023,Wages,"ARSALAN KHAN          	PAY GRP	", 760.00 ,, 760.00 ,
10/01/2023,7. Nov'22 to Jan'23,Q1 - 2023,Wages,"AZAM BAIG MIRZA       	PAY GRP	", 246.00 ,, 246.00 ,
10/01/2023,7. Nov'22 to Jan'23,Q1 - 2023,Wages,"BILAL KHAN            	PAY GRP	", 240.00 ,, 240.00 ,
10/01/2023,7. Nov'22 to Jan'23,Q1 - 2023,Wages,"FAWAD KHAN            	PAY GRP	", 719.00 ,, 719.00 ,
10/01/2023,7. Nov'22 to Jan'23,Q1 - 2023,Wages,"HARSHA VARDHAN RED    	PAY GRP	", 755.25 ,, 755.25 ,
10/01/2023,7. Nov'22 to Jan'23,Q1 - 2023,Wages,"IQRA NAZIR            	PAY GRP	", 820.00 ,, 820.00 ,
10/01/2023,7. Nov'22 to Jan'23,Q1 - 2023,Wages,"JAWARIA KHALID        	PAY BBP	"," 4,135.79 ",," 4,135.79 ",
10/01/2023,7. Nov'22 to Jan'23,Q1 - 2023,Wages,"KALEEM AHTESHAM       	PAY GRP	", 665.00 ,, 665.00 ,
10/01/2023,7. Nov'22 to Jan'23,Q1 - 2023,Wages,"MAMATHA CHIKATIMAM    	PAY GRP	", 304.00 ,, 304.00 ,
10/01/2023,7. Nov'22 to Jan'23,Q1 - 2023,Wages,"MIAN RAFI             	PAY GRP	", 720.00 ,, 720.00 ,
10/01/2023,7. Nov'22 to Jan'23,Q1 - 2023,Wages,"MOHAMMAD MIA          	PAY GRP	", 770.00 ,, 770.00 ,
10/01/2023,7. Nov'22 to Jan'23,Q1 - 2023,Wages,"MOHAMMED ARBAAZ LA    	PAY GRP	", 684.00 ,, 684.00 ,
10/01/2023,7. Nov'22 to Jan'23,Q1 - 2023,Wages,"MOHAMMED IRFAN ALI    	PAY GRP	"," 1,181.76 ",," 1,181.76 ",
10/01/2023,7. Nov'22 to Jan'23,Q1 - 2023,Wages,"MOHD SAIF M MITHAW    	PAY GRP	", 607.00 ,, 607.00 ,
10/01/2023,7. Nov'22 to Jan'23,Q1 - 2023,Wages,"MR -- MOHIT           	PAY GRP	", 300.00 ,, 300.00 ,
10/01/2023,7. Nov'22 to Jan'23,Q1 - 2023,Wages,"MR A A KHAN           	PAY GRP	", 800.00 ,, 800.00 ,
10/01/2023,7. Nov'22 to Jan'23,Q1 - 2023,Wages,"MR ASFANDYAR KHAN     	PAY GRP	", 860.00 ,, 860.00 ,
10/01/2023,7. Nov'22 to Jan'23,Q1 - 2023,Wages,"MR HAJI R MAHOMED     	PAY BBP	"," 1,140.00 ",," 1,140.00 ",
10/01/2023,7. Nov'22 to Jan'23,Q1 - 2023,Wages,"MR HAJI R MAHOMED     	PAY GRP	", 0.10 ,, 0.10 ,
10/01/2023,7. Nov'22 to Jan'23,Q1 - 2023,Wages,"MR MUNEEB KHAN        	PAY GRP	", 800.00 ,, 800.00 ,
10/01/2023,7. Nov'22 to Jan'23,Q1 - 2023,Wages,"MS I LIAQUAT          	PAY GRP	", 80.00 ,, 80.00 ,
10/01/2023,7. Nov'22 to Jan'23,Q1 - 2023,Wages,"MUHAMMAD BABAR        	PAY GRP	", 815.00 ,, 815.00 ,
10/01/2023,7. Nov'22 to Jan'23,Q1 - 2023,Wages,"MUHAMMAD HAMMAD AU    	PAY GRP	", 740.00 ,, 740.00 ,
10/01/2023,7. Nov'22 to Jan'23,Q1 - 2023,Wages,"MUHAMMAD ZEESHAN      	PAY GRP	"," 1,151.56 ",," 1,151.56 ",
10/01/2023,7. Nov'22 to Jan'23,Q1 - 2023,Wages,"MUNAF AHMED SYED      	PAY GRP	", 910.00 ,, 910.00 ,
10/01/2023,7. Nov'22 to Jan'23,Q1 - 2023,Wages,"MUNAF AHMED SYED      	PAY GRP	", 910.00 ,, 910.00 ,
10/01/2023,7. Nov'22 to Jan'23,Q1 - 2023,Wages,"MUSHHOOD KHAN         	PAY GRP	", 228.00 ,, 228.00 ,
10/01/2023,7. Nov'22 to Jan'23,Q1 - 2023,Wages,"NORREDINE CHAOUCHE    	PAY GRP	", 800.00 ,, 800.00 ,
10/01/2023,7. Nov'22 to Jan'23,Q1 - 2023,Wages,"PRANAY VAANKAAR       	PAY GRP	", 720.00 ,, 720.00 ,
10/01/2023,7. Nov'22 to Jan'23,Q1 - 2023,Wages,"RAB KHAN              	PAY GRP	", 740.00 ,, 740.00 ,
10/01/2023,7. Nov'22 to Jan'23,Q1 - 2023,Wages,"SAYED AWAIS SHAH      	PAY GRP	", 746.00 ,, 746.00 ,
10/01/2023,7. Nov'22 to Jan'23,Q1 - 2023,Wages,"SHAH KHAN             	PAY GRP	", 830.00 ,, 830.00 ,
10/01/2023,7. Nov'22 to Jan'23,Q1 - 2023,Wages,"SHAHEER IHSAN         	PAY GRP	", 510.00 ,, 510.00 ,
10/01/2023,7. Nov'22 to Jan'23,Q1 - 2023,Wages,"SHILPI BEGUM          	PAY GRP	", 912.00 ,, 912.00 ,
10/01/2023,7. Nov'22 to Jan'23,Q1 - 2023,Wages,"SUKHJINDER SINGH      	PAY GRP	", 684.00 ,, 684.00 ,
10/01/2023,7. Nov'22 to Jan'23,Q1 - 2023,Wages,"SYED NAQVI            	PAY GRP	", 120.00 ,, 120.00 ,
10/01/2023,7. Nov'22 to Jan'23,Q1 - 2023,Wages,"SYED SHAHZEB BUKHA    	PAY GRP	", 684.00 ,, 684.00 ,
10/01/2023,7. Nov'22 to Jan'23,Q1 - 2023,Wages,"TADI REDDY            	PAY GRP	", 665.00 ,, 665.00 ,
10/01/2023,7. Nov'22 to Jan'23,Q1 - 2023,Wages,"UMAR IHSAN            	PAY GRP	", 47.50 ,, 47.50 ,
10/01/2023,7. Nov'22 to Jan'23,Q1 - 2023,Wages,"UMER HAYAT KHALIL     	PAY GRP	", 795.00 ,, 795.00 ,
10/01/2023,7. Nov'22 to Jan'23,Q1 - 2023,Wages,"UMME SANA             	PAY GRP	"," 2,071.00 ",," 2,071.00 ",
10/01/2023,7. Nov'22 to Jan'23,Q1 - 2023,Wages,"USAMA SAEED           	PAY GRP	", 760.00 ,, 760.00 ,
10/01/2023,7. Nov'22 to Jan'23,Q1 - 2023,Wages,"VASIL VASILEV         	PAY GRP	", 740.00 ,, 740.00 ,
10/01/2023,7. Nov'22 to Jan'23,Q1 - 2023,Wages,"VONTELA MAHEEKAR      	PAY GRP	", 684.00 ,, 684.00 ,
10/01/2023,7. Nov'22 to Jan'23,Q1 - 2023,Wages,"W R KWAW              	PAY GRP	", 510.00 ,, 510.00 ,
10/01/2023,7. Nov'22 to Jan'23,Q1 - 2023,Wages,"YUVARAJ BANOTH        	PAY GRP	"," 1,329.60 ",," 1,329.60 ",
10/01/2023,7. Nov'22 to Jan'23,Q1 - 2023,Wages,"ZIA ULLAH             	PAY GRP	", 340.00 ,, 340.00 ,
16/01/2023,7. Nov'22 to Jan'23,Q1 - 2023,Wages,"LUIS DE ASCENSAO      	PAY FT	", 342.60 ,, 342.60 ,
30/01/2023,7. Nov'22 to Jan'23,Q1 - 2023,Wages,"JOHN LEWIS            	ON 28 JAN BDC	", 145.10 , 24.18 , 120.92 ,
30/01/2023,7. Nov'22 to Jan'23,Q1 - 2023,Wages,"JOHN LEWIS            	ON 28 JAN CLP	", 15.00 , 2.50 , 12.50 ,
30/12/2022,7. Nov'22 to Jan'23,Q1 - 2023,YOUR COMPANY FORMATION,"YOURCOMPANYFORMATI    	ON 29 DEC BDC	", 254.40 ,, 254.40 ,
30/12/2022,7. Nov'22 to Jan'23,Q1 - 2023,YOUR COMPANY FORMATION,"YOURCOMPANYFORMATI    	ON 29 DEC BDC	", 18.38 ,, 18.38 ,
31/03/2023,8. Feb'23 to Apr'23,Q2 - 2023,ALLDAYPA Communication,"WWW.ALLDAYPA.COM      	ON 30 MAR BDC	", 110.66 , 18.44 , 92.22 ,
31/03/2023,8. Feb'23 to Apr'23,Q2 - 2023,ALLDAYPA Communication,"WWW.ALLDAYPA.COM      	ON 30 MAR BDC	", 110.18 , 18.36 , 91.82 ,
31/03/2023,8. Feb'23 to Apr'23,Q2 - 2023,ALLDAYPA Communication,"WWW.ALLDAYPA.COM      	ON 30 MAR BDC	", 109.94 , 18.32 , 91.62 ,
28/04/2023,8. Feb'23 to Apr'23,Q2 - 2023,ALLDAYPA Communication,"WWW.ALLDAYPA.COM      	ON 27 APR BDC	", 110.18 , 18.36 , 91.82 ,
19/04/2023,8. Feb'23 to Apr'23,Q2 - 2023,BERKELEY ROWE LIMITED,"BERKELEY ROWE LIMI    	GUARDIANFM LTD BBP	"," 2,500.00 ", 416.67 ," 2,083.33 ",
20/02/2023,8. Feb'23 to Apr'23,Q2 - 2023,BIFFA WASTE SERVICES LIMITED,"BIFFA WASTE SERVIC    	B41299 DDR	", 114.54 , 19.09 , 95.45 ,
27/03/2023,8. Feb'23 to Apr'23,Q2 - 2023,BIFFA WASTE SERVICES LIMITED,"BIFFA WASTE SERVIC    	B41299 DDR	", 114.54 , 19.09 , 95.45 ,
27/02/2023,8. Feb'23 to Apr'23,Q2 - 2023,Capital Protections Ltd,"CAPITAL PROTECTION    	PAYMENT BBP	"," 3,915.00 ", 652.50 ," 3,262.50 ",
27/03/2023,8. Feb'23 to Apr'23,Q2 - 2023,Capital Protections Ltd,"CAPITAL PROTECTION    	PAYMENT BBP	", 108.00 , 18.00 , 90.00 ,
28/04/2023,8. Feb'23 to Apr'23,Q2 - 2023,Capital Protections Ltd,"CAPITAL PROTECTION    	PAYMENT BBP	"," 1,622.82 ", 270.47 ," 1,352.35 ",
27/02/2023,8. Feb'23 to Apr'23,Q2 - 2023,COMPLIANCE SECURITY SERVICES LTD,"COMPLIANCE SECURIT    	AS INVOICED BBP	"," 18,884.40 "," 3,147.40 "," 15,737.00 ",
27/03/2023,8. Feb'23 to Apr'23,Q2 - 2023,COMPLIANCE SECURITY SERVICES LTD,"COMPLIANCE SECURIT    	AS INVOICED BBP	"," 13,788.56 "," 2,298.09 "," 11,490.47 ",
28/04/2023,8. Feb'23 to Apr'23,Q2 - 2023,COMPLIANCE SECURITY SERVICES LTD,"COMPLIANCE SECURIT    	AS INVOICED BBP	"," 17,965.40 "," 2,994.23 "," 14,971.17 ",
17/03/2023,8. Feb'23 to Apr'23,Q2 - 2023,FIRST INSURANCE,"FIRST INSURANCE SO    	BLUE04 BBP	", 938.77 ,, 938.77 ,
01/03/2023,8. Feb'23 to Apr'23,Q2 - 2023,GALAXON LTD,"GALAXON LTD           	ADV BBP	"," 3,000.00 ", 500.00 ," 2,500.00 ",
07/02/2023,8. Feb'23 to Apr'23,Q2 - 2023,O2 (UK) LIMITED T/A Telefónica UK Limited,"O2                    	05331910/001 DDR	", 51.32 , 8.55 , 42.77 ,
13/02/2023,8. Feb'23 to Apr'23,Q2 - 2023,O2 (UK) LIMITED T/A Telefónica UK Limited,"O2                    	GED37460874 DDR	", 29.76 , 4.96 , 24.80 ,
20/02/2023,8. Feb'23 to Apr'23,Q2 - 2023,O2 (UK) LIMITED T/A Telefónica UK Limited,"O2                    	GED61207858 DDR	", 21.32 , 3.55 , 17.77 ,
08/03/2023,8. Feb'23 to Apr'23,Q2 - 2023,O2 (UK) LIMITED T/A Telefónica UK Limited,"O2                    	05331910/001 DDR	", 51.32 , 8.55 , 42.77 ,
14/03/2023,8. Feb'23 to Apr'23,Q2 - 2023,O2 (UK) LIMITED T/A Telefónica UK Limited,"O2                    	GED37460874 DDR	", 29.76 , 4.96 , 24.80 ,
20/03/2023,8. Feb'23 to Apr'23,Q2 - 2023,O2 (UK) LIMITED T/A Telefónica UK Limited,"O2                    	GED61207858 DDR	", 21.32 , 3.55 , 17.77 ,
05/04/2023,8. Feb'23 to Apr'23,Q2 - 2023,O2 (UK) LIMITED T/A Telefónica UK Limited,"O2                    	05331910/001 DDR	", 51.32 , 8.55 , 42.77 ,
13/04/2023,8. Feb'23 to Apr'23,Q2 - 2023,O2 (UK) LIMITED T/A Telefónica UK Limited,"O2                    	GED37460874 DDR	", 29.76 , 4.96 , 24.80 ,
20/04/2023,8. Feb'23 to Apr'23,Q2 - 2023,O2 (UK) LIMITED T/A Telefónica UK Limited,"O2                    	GED61207858 DDR	", 24.16 , 4.03 , 20.13 ,
16/02/2023,8. Feb'23 to Apr'23,Q2 - 2023,SAGE SOFTWARE LTD,"SAGE SOFTWARE LTD     	PCNHPQC DDR	", 129.14 , 21.52 , 107.62 ,
16/03/2023,8. Feb'23 to Apr'23,Q2 - 2023,SAGE SOFTWARE LTD,"SAGE SOFTWARE LTD     	PCNHPQC DDR	", 172.20 , 28.70 , 143.50 ,
17/04/2023,8. Feb'23 to Apr'23,Q2 - 2023,SAGE SOFTWARE LTD,"SAGE SOFTWARE LTD     	PCNHPQC DDR	", 172.20 , 28.70 , 143.50 ,
07/02/2023,8. Feb'23 to Apr'23,Q2 - 2023,Wave Tel Ltd,"WAVETEL BUSINESS      	1001054 DDR	", 112.04 , 18.67 , 93.37 ,
07/03/2023,8. Feb'23 to Apr'23,Q2 - 2023,Wave Tel Ltd,"WAVETEL BUSINESS      	1001054 DDR	", 113.51 , 18.92 , 94.59 ,
11/04/2023,8. Feb'23 to Apr'23,Q2 - 2023,Wave Tel Ltd,"WAVETEL BUSINESS      	1001054 DDR	", 120.78 , 20.13 , 100.65 ,
07/02/2023,8. Feb'23 to Apr'23,Q2 - 2023,Xtreme Professional Cleaning Ltd,"XTREME PROFESSIONA    	AS INVOICED FT	"," 40,000.00 "," 6,666.67 "," 33,333.33 ",
09/02/2023,8. Feb'23 to Apr'23,Q2 - 2023,Xtreme Professional Cleaning Ltd,"XTREME PROFESSIONA    	AS INVOICED FT	"," 11,000.00 "," 1,833.33 "," 9,166.67 ",
14/02/2023,8. Feb'23 to Apr'23,Q2 - 2023,Xtreme Professional Cleaning Ltd,"XTREME PROFESSIONA    	AS INVOICED FT	"," 2,000.00 ", 333.33 ," 1,666.67 ",
17/02/2023,8. Feb'23 to Apr'23,Q2 - 2023,Xtreme Professional Cleaning Ltd,"XTREME PROFESSIONA    	AS INVOICED FT	"," 2,500.00 ", 416.67 ," 2,083.33 ",
21/02/2023,8. Feb'23 to Apr'23,Q2 - 2023,Xtreme Professional Cleaning Ltd,"XTREME PROFESSIONA    	AS INVOICED FT	"," 5,000.00 ", 833.33 ," 4,166.67 ",
06/03/2023,8. Feb'23 to Apr'23,Q2 - 2023,Xtreme Professional Cleaning Ltd,"XTREME PROFESSIONA    	AS INVOICED BBP	"," 4,000.00 ", 666.67 ," 3,333.33 ",
10/03/2023,8. Feb'23 to Apr'23,Q2 - 2023,Xtreme Professional Cleaning Ltd,"XTREME PROFESSIONA    	AS INVOICED BBP	"," 28,000.00 "," 4,666.67 "," 23,333.33 ",
13/03/2023,8. Feb'23 to Apr'23,Q2 - 2023,Xtreme Professional Cleaning Ltd,"XTREME PROFESSIONA    	AS INVOICED FT	"," 8,000.00 "," 1,333.33 "," 6,666.67 ",
17/03/2023,8. Feb'23 to Apr'23,Q2 - 2023,Xtreme Professional Cleaning Ltd,"XTREME PROFESSIONA    	AS INVOICED BBP	"," 4,500.00 ", 750.00 ," 3,750.00 ",
22/03/2023,8. Feb'23 to Apr'23,Q2 - 2023,Xtreme Professional Cleaning Ltd,"XTREME PROFESSIONA    	AS INVOICED FT	"," 4,000.00 ", 666.67 ," 3,333.33 ",
03/04/2023,8. Feb'23 to Apr'23,Q2 - 2023,Xtreme Professional Cleaning Ltd,"XTREME PROFESSIONA    	AS INVOICED FT	"," 6,800.00 "," 1,133.33 "," 5,666.67 ",
11/04/2023,8. Feb'23 to Apr'23,Q2 - 2023,Xtreme Professional Cleaning Ltd,"XTREME PROFESSIONA    	AS INVOICED FT	"," 40,000.00 "," 6,666.67 "," 33,333.33 ",
12/04/2023,8. Feb'23 to Apr'23,Q2 - 2023,Xtreme Professional Cleaning Ltd,"XTREME PROFESSIONA    	AS INVOICED FT	"," 6,000.00 "," 1,000.00 "," 5,000.00 ",
17/04/2023,8. Feb'23 to Apr'23,Q2 - 2023,Xtreme Professional Cleaning Ltd,"XTREME PROFESSIONA    	AS INVOICED FT	"," 8,000.00 "," 1,333.33 "," 6,666.67 ",
09/02/2023,8. Feb'23 to Apr'23,Q2 - 2023,1Password,"1PASSWORD             CANADA	AMOUNT IN USD	4", 4.26 , 0.71 , 3.55 ,
09/03/2023,8. Feb'23 to Apr'23,Q2 - 2023,1Password,"1PASSWORD             CANADA	AMOUNT IN USD	4", 4.34 , 0.72 , 3.62 ,
11/04/2023,8. Feb'23 to Apr'23,Q2 - 2023,1Password,"1PASSWORD             CANADA	AMOUNT IN USD	4", 4.14 , 0.69 , 3.45 ,
03/03/2023,8. Feb'23 to Apr'23,Q2 - 2023,AAGUARD LTD,"AAGUARD LTD           	AS INVOICED BBP	"," 5,114.09 ", 852.35 ," 4,261.74 ",
27/03/2023,8. Feb'23 to Apr'23,Q2 - 2023,AAGUARD LTD,"AAGUARD LTD           	AS INVOICED BBP	"," 3,258.86 ", 543.14 ," 2,715.72 ",
28/04/2023,8. Feb'23 to Apr'23,Q2 - 2023,AAGUARD LTD,"AAGUARD LTD           	AS INVOICED BBP	"," 5,319.60 ", 886.60 ," 4,433.00 ",
01/02/2023,8. Feb'23 to Apr'23,Q2 - 2023,AB SALUTE GYM LTD,"AB SALUTE             	45699BE197251049 DDR	", 37.50 ,, 37.50 ,
01/03/2023,8. Feb'23 to Apr'23,Q2 - 2023,AB SALUTE GYM LTD,"AB SALUTE             	45699BE197251049 DDR	", 37.50 ,, 37.50 ,
03/04/2023,8. Feb'23 to Apr'23,Q2 - 2023,AB SALUTE GYM LTD,"AB SALUTE             	45699BE197251049 DDR	", 37.50 ,, 37.50 ,
07/02/2023,8. Feb'23 to Apr'23,Q2 - 2023,ADOBE ACROBAT,"ADOBE PRODUCTS        IRELAND	ON 06 FEB BDC	", 9.98 ,, 9.98 ,
13/02/2023,8. Feb'23 to Apr'23,Q2 - 2023,ADOBE ACROBAT,"ADOBE ACROPRO SUBS    IRELAND	ON 10 FEB CPM	", 15.17 ,, 15.17 ,
17/02/2023,8. Feb'23 to Apr'23,Q2 - 2023,ADOBE ACROBAT,"ADOBE ACROPRO SUBS    IRELAND	ON 16 FEB CPM	", 15.17 ,, 15.17 ,
07/03/2023,8. Feb'23 to Apr'23,Q2 - 2023,ADOBE ACROBAT,"ADOBE PRODUCTS        IRELAND	ON 06 MAR CPM	", 9.98 ,, 9.98 ,
10/03/2023,8. Feb'23 to Apr'23,Q2 - 2023,ADOBE ACROBAT,"ADOBE ACROPRO SUBS    IRELAND	ON 10 MAR CPM	", 15.17 ,, 15.17 ,
15/03/2023,8. Feb'23 to Apr'23,Q2 - 2023,ADOBE ACROBAT,"ADOBE ACROPRO SUBS    IRELAND	ON 14 MAR BDC	", 15.17 ,, 15.17 ,
11/04/2023,8. Feb'23 to Apr'23,Q2 - 2023,ADOBE ACROBAT,"ADOBE ACROPRO SUBS    IRELAND	ON 10 APR BDC	", 19.97 ,, 19.97 ,
11/04/2023,8. Feb'23 to Apr'23,Q2 - 2023,ADOBE ACROBAT,"ADOBE PRODUCTS        IRELAND	ON 06 APR CPM	", 9.98 ,, 9.98 ,
17/04/2023,8. Feb'23 to Apr'23,Q2 - 2023,ADOBE ACROBAT,"ADOBE ACROPRO SUBS    IRELAND	ON 14 APR CPM	", 15.17 ,, 15.17 ,
27/02/2023,8. Feb'23 to Apr'23,Q2 - 2023,ALI ASGHAR FAZLIRA,"ALI ASGHAR FAZLIRA    	ELECTRIC SERVICES BBP", 180.00 ,, 180.00 ,
24/02/2023,8. Feb'23 to Apr'23,Q2 - 2023,Alliance Facilities Management Limited,"ALLIANCE FACILITY     	AS INVOICED BBP	"," 26,244.20 "," 4,374.03 "," 21,870.17 ",
03/03/2023,8. Feb'23 to Apr'23,Q2 - 2023,Alliance Facilities Management Limited,"ALLIANCE FACILITY     	AS INVOICED BBP	"," 17,542.64 "," 2,923.77 "," 14,618.87 ",
22/03/2023,8. Feb'23 to Apr'23,Q2 - 2023,Alliance Facilities Management Limited,"ALLIANCE FACILITY     	AS INVOICED FT	"," 17,542.00 "," 2,923.67 "," 14,618.33 ",
27/03/2023,8. Feb'23 to Apr'23,Q2 - 2023,Alliance Facilities Management Limited,"ALLIANCE FACILITY     	AS INVOICED BBP	"," 20,478.61 "," 3,413.10 "," 17,065.51 ",
28/04/2023,8. Feb'23 to Apr'23,Q2 - 2023,Alliance Facilities Management Limited,"ALLIANCE FACILITY     	AS INVOICED BBP	"," 29,433.95 "," 4,905.66 "," 24,528.29 ",
27/03/2023,8. Feb'23 to Apr'23,Q2 - 2023,American Express,"AMERICAN EXPRESS      	ON 26 MAR BDC	", 645.79 , 107.63 , 538.16 ,
03/03/2023,8. Feb'23 to Apr'23,Q2 - 2023,Andaz London Liver,"Andaz London Liver    	ON 02 MAR BDC	", 43.70 ,, 43.70 ,
06/02/2023,8. Feb'23 to Apr'23,Q2 - 2023,Apple,"APPLE STORE R242      	ON 04 FEB BDC	", 788.00 , 131.33 , 656.67 ,
03/02/2023,8. Feb'23 to Apr'23,Q2 - 2023,Apple,"APPLE.COM/BILL        IRELAND	ON 02 FEB BDC	", 6.99 ,, 6.99 ,
31/03/2023,8. Feb'23 to Apr'23,Q2 - 2023,Apple,"APPLE.COM/BILL        IRELAND	ON 30 MAR BDC	", 6.99 ,, 6.99 ,
04/04/2023,8. Feb'23 to Apr'23,Q2 - 2023,Apple,"APPLE.COM/BILL        IRELAND	ON 03 APR BDC	", 6.99 ,, 6.99 ,
06/02/2023,8. Feb'23 to Apr'23,Q2 - 2023,AUDRONE URBONIENE,"AUDRONE URBONIENE     	CLEANING FT	", 110.00 ,, 110.00 ,
20/02/2023,8. Feb'23 to Apr'23,Q2 - 2023,AUDRONE URBONIENE,"AUDRONE URBONIENE     	CLEANING FT	", 90.00 ,, 90.00 ,
27/02/2023,8. Feb'23 to Apr'23,Q2 - 2023,AUDRONE URBONIENE,"AUDRONE URBONIENE     	CLEANING FT	", 80.00 ,, 80.00 ,
13/03/2023,8. Feb'23 to Apr'23,Q2 - 2023,AUDRONE URBONIENE,"AUDRONE URBONIENE     	CLEANING FT	", 110.00 ,, 110.00 ,
27/03/2023,8. Feb'23 to Apr'23,Q2 - 2023,AUDRONE URBONIENE,"AUDRONE URBONIENE     	CLEANING FT	", 100.00 ,, 100.00 ,
03/04/2023,8. Feb'23 to Apr'23,Q2 - 2023,AUDRONE URBONIENE,"AUDRONE URBONIENE     	CLEANING FT	", 80.00 ,, 80.00 ,
24/04/2023,8. Feb'23 to Apr'23,Q2 - 2023,AUDRONE URBONIENE,"AUDRONE URBONIENE     	CLEANING FT	", 110.00 ,, 110.00 ,
06/02/2023,8. Feb'23 to Apr'23,Q2 - 2023,Bank Charges,"CHARGES               COMMISSION FOR	PERIOD ", 8.50 ,, 8.50 ,
06/03/2023,8. Feb'23 to Apr'23,Q2 - 2023,Bank Charges,"CHARGES               COMMISSION FOR	PERIOD ", 8.50 ,, 8.50 ,
10/03/2023,8. Feb'23 to Apr'23,Q2 - 2023,Bank Charges,"Revolut**7509*        	ON 09 MAR BDC	", 506.68 ,, 506.68 ,
03/04/2023,8. Feb'23 to Apr'23,Q2 - 2023,Bank Charges,"CHARGES               COMMISSION FOR	PERIOD ", 8.50 ,, 8.50 ,
06/02/2023,8. Feb'23 to Apr'23,Q2 - 2023,BARK.COM GLOBAL LIMITED,"BARK.COM              	ON 04 FEB BDC	", 59.94 , 9.99 , 49.95 ,
14/02/2023,8. Feb'23 to Apr'23,Q2 - 2023,BARK.COM GLOBAL LIMITED,"BARK.COM              	ON 13 FEB BDC	", 370.50 , 61.75 , 308.75 ,
06/03/2023,8. Feb'23 to Apr'23,Q2 - 2023,BARK.COM GLOBAL LIMITED,"BARK.COM              	ON 04 MAR BDC	", 59.94 , 9.99 , 49.95 ,
05/04/2023,8. Feb'23 to Apr'23,Q2 - 2023,BARK.COM GLOBAL LIMITED,"BARK.COM              	ON 04 APR BDC	", 59.94 , 9.99 , 49.95 ,
13/02/2023,8. Feb'23 to Apr'23,Q2 - 2023,BLUE BIRD HOUSING LTD,"BLUE BIRD HOUSING     	79 HOE STREET E17 STO"," 1,458.33 ", 243.06 ," 1,215.28 ",
13/03/2023,8. Feb'23 to Apr'23,Q2 - 2023,BLUE BIRD HOUSING LTD,"BLUE BIRD HOUSING     	79 HOE STREET E17 STO"," 1,458.33 ", 243.06 ," 1,215.28 ",
12/04/2023,8. Feb'23 to Apr'23,Q2 - 2023,BLUE BIRD HOUSING LTD,"BLUE BIRD HOUSING     	79 HOE STREET E17 STO"," 1,458.33 ", 243.06 ," 1,215.28 ",
03/03/2023,8. Feb'23 to Apr'23,Q2 - 2023,CAR SOUND SECURITY,"CAR SOUND SECURITY    	VX71 XUF FT	", 549.00 , 91.50 , 457.50 ,
27/04/2023,8. Feb'23 to Apr'23,Q2 - 2023,CAR SOUND SECURITY,"CAR SOUND SECURITY    	ON 26 APR BDC	", 549.98 , 91.66 , 458.32 ,
11/04/2023,8. Feb'23 to Apr'23,Q2 - 2023,CAR STATION,"CAR STATION           	PAYMENT BBP	-business"," 1,500.00 ",," 1,500.00 ",
02/03/2023,8. Feb'23 to Apr'23,Q2 - 2023,CASTLE WATER LTD,"CASTLE WATER LTD      	TW6717224001 DDR	", 12.57 ,, 12.57 ,
28/03/2023,8. Feb'23 to Apr'23,Q2 - 2023,CASTLE WATER LTD,"CASTLE WATER LTD      	TW6717224001 DDR	", 12.57 ,, 12.57 ,
28/04/2023,8. Feb'23 to Apr'23,Q2 - 2023,CASTLE WATER LTD,"CASTLE WATER LTD      	TW6717224001 DDR	", 12.57 ,, 12.57 ,
05/04/2023,8. Feb'23 to Apr'23,Q2 - 2023,CURRYS,"CURRYS 3408379511     CURRYS 3408379511	FIRS", 18.00 , 3.00 , 15.00 ,
01/03/2023,8. Feb'23 to Apr'23,Q2 - 2023,DEEP OCEAN CONTRAC,"DEEP OCEAN CONTRAC    	AS INVOICED BBP	"," 2,500.00 ", 416.67 ," 2,083.33 ",
14/02/2023,8. Feb'23 to Apr'23,Q2 - 2023,Dropbox,"Dropbox               IRELAND	ON 13 FEB BDC	", 9.99 ,, 9.99 ,
14/03/2023,8. Feb'23 to Apr'23,Q2 - 2023,Dropbox,"Dropbox               IRELAND	ON 13 MAR BDC	", 9.99 ,, 9.99 ,
14/04/2023,8. Feb'23 to Apr'23,Q2 - 2023,Dropbox,"Dropbox               IRELAND	ON 13 APR BDC	", 9.99 ,, 9.99 ,
01/02/2023,8. Feb'23 to Apr'23,Q2 - 2023,DVLA VECHICLE TAX,"DVLA-VX71XUF          	000000000055494130 DD", 45.50 ,, 45.50 ,
01/03/2023,8. Feb'23 to Apr'23,Q2 - 2023,DVLA VECHICLE TAX,"DVLA-VX71XUF          	000000000055494130 DD", 45.50 ,, 45.50 ,
03/04/2023,8. Feb'23 to Apr'23,Q2 - 2023,DVLA VECHICLE TAX,"DVLA-VX71XUF          	000000000055494130 DD", 45.50 ,, 45.50 ,
03/04/2023,8. Feb'23 to Apr'23,Q2 - 2023,dxb trip,"BKG*BOOKING.COM HO    	ON 01 APR BDC	", 359.97 , 60.00 , 299.98 ,
24/02/2023,8. Feb'23 to Apr'23,Q2 - 2023,EE LIMITED,"EE LIMITED            	Q75528830398128167 DD", 66.70 , 11.12 , 55.58 ,
27/03/2023,8. Feb'23 to Apr'23,Q2 - 2023,EE LIMITED,"EE LIMITED            	Q75528830406231099 DD", 68.98 , 11.50 , 57.48 ,
24/04/2023,8. Feb'23 to Apr'23,Q2 - 2023,EE LIMITED,"EE LIMITED            	Q75528830414388329 DD", 128.88 , 21.48 , 107.40 ,
06/02/2023,8. Feb'23 to Apr'23,Q2 - 2023,ESPRESSO UK,"NESPRESSO UK LIMIT    	ON 05 FEB CLP	", 49.00 , 8.17 , 40.83 ,
06/02/2023,8. Feb'23 to Apr'23,Q2 - 2023,ESPRESSO UK,"NESPRESSO UK LIMIT    	ON 05 FEB CLP	", 13.40 , 2.23 , 11.17 ,
24/02/2023,8. Feb'23 to Apr'23,Q2 - 2023,First Allied Facilities Ltd,"FIRST ALLIED FACIL    	AS INVOICED BBP	"," 3,260.50 ", 543.42 ," 2,717.08 ",
27/03/2023,8. Feb'23 to Apr'23,Q2 - 2023,First Allied Facilities Ltd,"FIRST ALLIED FACIL    	AS INVOICED BBP	"," 2,470.00 ", 411.67 ," 2,058.33 ",
26/04/2023,8. Feb'23 to Apr'23,Q2 - 2023,First Allied Facilities Ltd,"FIRST ALLIED FACIL    	AS INVOICED BBP	"," 2,945.00 ", 490.83 ," 2,454.17 ",
06/02/2023,8. Feb'23 to Apr'23,Q2 - 2023,First Choice FM Ltd,"FIRST CHOICE FM LT    	AS PER INVOICE BBP	"," 6,476.64 "," 1,079.44 "," 5,397.20 ",
24/02/2023,8. Feb'23 to Apr'23,Q2 - 2023,First Choice FM Ltd,"FIRST CHOICE FM LT    	AS PER INVOICE BBP	", 472.77 , 78.80 , 393.98 ,
27/02/2023,8. Feb'23 to Apr'23,Q2 - 2023,First Choice FM Ltd,"FIRST CHOICE FM LT    	AS INVOICED BBP	"," 4,802.40 ", 800.40 ," 4,002.00 ",
27/03/2023,8. Feb'23 to Apr'23,Q2 - 2023,First Choice FM Ltd,"FIRST CHOICE FM LT    	AS INVOICED BBP	"," 3,528.78 ", 588.13 ," 2,940.65 ",
26/04/2023,8. Feb'23 to Apr'23,Q2 - 2023,First Choice FM Ltd,"FIRST CHOICE FM LT    	AS INVOICED BBP	"," 2,461.70 ", 410.28 ," 2,051.42 ",
21/02/2023,8. Feb'23 to Apr'23,Q2 - 2023,First4Freelancers Ltd,"FIRST4FREELANCERS     	GUARDIANFM BBP	"," 31,137.07 "," 5,189.51 "," 25,947.56 ",
03/04/2023,8. Feb'23 to Apr'23,Q2 - 2023,First4Freelancers Ltd,"FIRST4FREELANCERS     	GUARDIANFM FT	"," 25,000.00 "," 4,166.67 "," 20,833.33 ",
25/04/2023,8. Feb'23 to Apr'23,Q2 - 2023,First4Freelancers Ltd,"FIRST4FREELANCERS     	GUARDIANFM FT	"," 8,410.16 "," 1,401.69 "," 7,008.47 ",
17/03/2023,8. Feb'23 to Apr'23,Q2 - 2023,Fund Transfer,"GUARDIANFM LTD        	BILLS BBP	"," 4,500.00 ", 750.00 ," 3,750.00 ",
23/02/2023,8. Feb'23 to Apr'23,Q2 - 2023,GETADDRESS.IO,"GETADDRESS.IO         	ON 22 FEB BDC	", 30.00 , 5.00 , 25.00 ,
23/03/2023,8. Feb'23 to Apr'23,Q2 - 2023,GETADDRESS.IO,"GETADDRESS.IO         	ON 22 MAR BDC	", 30.00 , 5.00 , 25.00 ,
24/04/2023,8. Feb'23 to Apr'23,Q2 - 2023,GETADDRESS.IO,"GETADDRESS.IO         	ON 22 APR BDC	", 30.00 , 5.00 , 25.00 ,
16/03/2023,8. Feb'23 to Apr'23,Q2 - 2023,GODADDY,"PAYPAL *GODADDY.CO    	ON 13 MAR BDC	", 93.48 ,, 93.48 ,
17/03/2023,8. Feb'23 to Apr'23,Q2 - 2023,GODADDY,"PAYPAL *GODADDY.CO    	ON 14 MAR BDC	", 115.06 ,, 115.06 ,
21/02/2023,8. Feb'23 to Apr'23,Q2 - 2023,Gokyuzu walthamsto,"Gokyuzu walthamsto    	ON 20 FEB BDC	", 72.43 , 12.07 , 60.36 ,
02/02/2023,8. Feb'23 to Apr'23,Q2 - 2023,GOOGLE,"PAYPAL *GOOGLE YOU    	ON 01 FEB BDC	", 11.99 ,, 11.99 ,
02/03/2023,8. Feb'23 to Apr'23,Q2 - 2023,GOOGLE,"PAYPAL *GOOGLE YOU    	ON 01 MAR BDC	", 11.99 ,, 11.99 ,
03/04/2023,8. Feb'23 to Apr'23,Q2 - 2023,GOOGLE,"PAYPAL *GOOGLE YOU    	ON 01 APR BDC	", 11.99 ,, 11.99 ,
06/02/2023,8. Feb'23 to Apr'23,Q2 - 2023,HALIFAX,"HALIFAX               	5253031518409600 DDR	", 17.10 , 2.85 , 14.25 ,
09/03/2023,8. Feb'23 to Apr'23,Q2 - 2023,HALIFAX,"HALIFAX               	5253031518409600 DDR	", 178.95 , 29.83 , 149.13 ,
21/02/2023,8. Feb'23 to Apr'23,Q2 - 2023,HUSANES LLP,"HUSANES LLP           	AH/G096.01/GUARDIA BB"," 2,160.00 ", 360.00 ," 1,800.00 ",
03/03/2023,8. Feb'23 to Apr'23,Q2 - 2023,Impax Security Services Ltd,"IMPAX SECURITY SER    	AS INVOICED BBP	"," 1,195.80 ", 199.30 , 996.50 ,
20/04/2023,8. Feb'23 to Apr'23,Q2 - 2023,INSURANCEREVOL,"WWW.INSURANCEREVOL    	ON 19 APR BDC	", 585.00 ,, 585.00 ,
02/02/2023,8. Feb'23 to Apr'23,Q2 - 2023,INTUIT LIMITED,"INTUIT LIMITED        	00017NGNU0O4Q-00RT DD", 7.20 , 1.20 , 6.00 ,
06/03/2023,8. Feb'23 to Apr'23,Q2 - 2023,INTUIT LIMITED,"INTUIT LIMITED        	00017NGNU0O4Q-00RT DD", 8.40 , 1.40 , 7.00 ,
03/04/2023,8. Feb'23 to Apr'23,Q2 - 2023,INTUIT LIMITED,"INTUIT LIMITED        	00017NGNU0O4Q-00RT DD", 8.40 , 1.40 , 7.00 ,
06/02/2023,8. Feb'23 to Apr'23,Q2 - 2023,"Klarna*leaderfloor 	ON 5","Klarna*leaderfloor    	ON 05 FEB BDC	"," 1,653.92 ", 275.65 ," 1,378.27 ",
06/02/2023,8. Feb'23 to Apr'23,Q2 - 2023,LINKEDIN LTD,"LINKEDIN-871*61054    IRELAND	ON 05 FEB BDC	", 69.98 ,, 69.98 ,
16/02/2023,8. Feb'23 to Apr'23,Q2 - 2023,LINKEDIN LTD,"LinkedIn 875076056    IRELAND	ON 15 FEB BDC	", 95.99 ,, 95.99 ,
06/03/2023,8. Feb'23 to Apr'23,Q2 - 2023,LINKEDIN LTD,"LinkedIn 881833120    IRELAND	ON 05 MAR CPM	", 69.98 ,, 69.98 ,
15/03/2023,8. Feb'23 to Apr'23,Q2 - 2023,LINKEDIN LTD,"LinkedIn 840408479    IRELAND	ON 14 MAR CPM	", 95.99 ,, 95.99 ,
06/04/2023,8. Feb'23 to Apr'23,Q2 - 2023,LINKEDIN LTD,"LINKEDIN *15118612    IRELAND	ON 05 APR BDC	", 69.98 ,, 69.98 ,
17/04/2023,8. Feb'23 to Apr'23,Q2 - 2023,LINKEDIN LTD,"LINKEDIN *94856381    IRELAND	ON 14 APR BDC	", 95.99 ,, 95.99 ,
15/02/2023,8. Feb'23 to Apr'23,Q2 - 2023,London Borough of Havering,"L B HAVERING          	532396899 DDR	", 298.00 ,, 298.00 ,
15/03/2023,8. Feb'23 to Apr'23,Q2 - 2023,London Borough of Havering,"L B HAVERING          	532396899 DDR	", 296.00 ,, 296.00 ,
17/04/2023,8. Feb'23 to Apr'23,Q2 - 2023,London Borough of Havering,"L B HAVERING          	532396899 DDR	", 255.19 ,, 255.19 ,
10/03/2023,8. Feb'23 to Apr'23,Q2 - 2023,Magnit Global,"GRI UK LTD            	GRI00011815 BBP	", 718.80 , 119.80 , 599.00 ,
27/03/2023,8. Feb'23 to Apr'23,Q2 - 2023,Man Guard Security Services Ltd,"MANGUARD LTD          	AS PER INVOICE BBP	", 588.00 , 98.00 , 490.00 ,
28/03/2023,8. Feb'23 to Apr'23,Q2 - 2023,MICROSOFT LIMITED,"PAYPAL *MICROSOFT     	ON 26 MAR BDC	", 10.99 ,, 10.99 ,
27/04/2023,8. Feb'23 to Apr'23,Q2 - 2023,MICROSOFT LIMITED,"PAYPAL *MICROSOFT     	ON 26 APR BDC	", 10.99 ,, 10.99 ,
16/02/2023,8. Feb'23 to Apr'23,Q2 - 2023,MICROSOFT LIMITED,"MSFT * E0300M8K4T     	ON 16 FEB BDC	", 11.28 ,, 11.28 ,
16/03/2023,8. Feb'23 to Apr'23,Q2 - 2023,MICROSOFT LIMITED,"MSFT * E0300MMTDA     	ON 16 MAR BDC	", 11.28 ,, 11.28 ,
17/04/2023,8. Feb'23 to Apr'23,Q2 - 2023,MICROSOFT LIMITED,"MSFT * E0300N1ITW     	ON 16 APR BDC	", 11.28 ,, 11.28 ,
06/02/2023,8. Feb'23 to Apr'23,Q2 - 2023,MMBA ACCOUNTANTS LIMITED,"GOCARDLESS            	TZACO-X8QDNZZVJHKS DD", 400.00 ,, 400.00 ,
06/03/2023,8. Feb'23 to Apr'23,Q2 - 2023,MMBA ACCOUNTANTS LIMITED,"GOCARDLESS            	TZACO-X8QDNZZVJHKS DD", 400.00 ,, 400.00 ,
05/04/2023,8. Feb'23 to Apr'23,Q2 - 2023,MMBA ACCOUNTANTS LIMITED,"GOCARDLESS            	TZACO-X8QDNZZVJHKS DD", 400.00 ,, 400.00 ,
28/04/2023,8. Feb'23 to Apr'23,Q2 - 2023,Moxie Security Ltd,"MOXIE SECURITY LTD    	INVOICED FT	"," 5,909.39 ", 984.90 ," 4,924.49 ",
06/03/2023,8. Feb'23 to Apr'23,Q2 - 2023,Mughal Multiple Services Ltd ,"MUGHAL MULTIPLE SE    	AS INVOICED FT	"," 2,500.00 ", 416.67 ," 2,083.33 ",
26/04/2023,8. Feb'23 to Apr'23,Q2 - 2023,Mughal Multiple Services Ltd ,"MUGHAL MULTIPLE SE    	AS INVOICED BBP	"," 5,000.00 ", 833.33 ," 4,166.67 ",
06/02/2023,8. Feb'23 to Apr'23,Q2 - 2023,NAME-CHEAP.COM,"NAME-CHEAP.COM* ZL    USA	AMOUNT IN USD	51.1", 43.64 ,, 43.64 ,
28/04/2023,8. Feb'23 to Apr'23,Q2 - 2023,NAME-CHEAP.COM,"NAME-CHEAP.COM* 8M    USA	AMOUNT IN USD	28.9", 24.01 ,, 24.01 ,
28/04/2023,8. Feb'23 to Apr'23,Q2 - 2023,NAME-CHEAP.COM,"NAME-CHEAP.COM* OM    USA	AMOUNT IN USD	14.8", 12.34 ,, 12.34 ,
13/02/2023,8. Feb'23 to Apr'23,Q2 - 2023,NOVATECH UK LTD,"NOVATECH UK LTD       	91970 FT	"," 25,000.00 "," 4,166.67 "," 20,833.33 ",
15/02/2023,8. Feb'23 to Apr'23,Q2 - 2023,NOVATECH UK LTD,"NOVATECH UK LTD       	91946 BBP	"," 15,000.00 "," 2,500.00 "," 12,500.00 ",
20/02/2023,8. Feb'23 to Apr'23,Q2 - 2023,NOVATECH UK LTD,"NOVATECH UK LTD       	91949 FT	"," 10,000.00 "," 1,666.67 "," 8,333.33 ",
07/03/2023,8. Feb'23 to Apr'23,Q2 - 2023,NOVATECH UK LTD,"NOVATECH UK LTD       	91967 FT	"," 12,000.00 "," 2,000.00 "," 10,000.00 ",
20/03/2023,8. Feb'23 to Apr'23,Q2 - 2023,NOVATECH UK LTD,"NOVATECH UK LTD       	91950 BBP	"," 10,000.00 "," 1,666.67 "," 8,333.33 ",
31/03/2023,8. Feb'23 to Apr'23,Q2 - 2023,NOVATECH UK LTD,"NOVATECH UK LTD       	91956 BBP	"," 10,000.00 "," 1,666.67 "," 8,333.33 ",
23/02/2023,8. Feb'23 to Apr'23,Q2 - 2023,ONE CALL INSURANCE,"ONE CALL INSURANCE    	OCAS03336 DDR	", 29.94 ,, 29.94 ,
23/03/2023,8. Feb'23 to Apr'23,Q2 - 2023,ONE CALL INSURANCE,"ONE CALL INSURANCE    	OCAS03336 DDR	", 29.94 ,, 29.94 ,
24/04/2023,8. Feb'23 to Apr'23,Q2 - 2023,ONE CALL INSURANCE,"ONE CALL INSURANCE    	OCAS03336 DDR	", 29.94 ,, 29.94 ,
08/02/2023,8. Feb'23 to Apr'23,Q2 - 2023,OPUS ENERGY LTD,"OPUS GAS SUPPLY LT    	1487563 FT	", 755.17 , 125.86 , 629.31 ,
03/02/2023,8. Feb'23 to Apr'23,Q2 - 2023,Origin Security Limited  ,"ORIGINSECURITY LIM    	AS PER INVOICE FT	", 849.00 , 141.50 , 707.50 ,
06/02/2023,8. Feb'23 to Apr'23,Q2 - 2023,Origin Security Limited  ,"ORIGINSECURITY LIM    	AS PER INVOICE FT	"," 4,900.00 ", 816.67 ," 4,083.33 ",
13/02/2023,8. Feb'23 to Apr'23,Q2 - 2023,Origin Security Limited  ,"ORIGINSECURITY LIM    	AS PER INVOICE BBP	"," 15,000.00 "," 2,500.00 "," 12,500.00 ",
14/02/2023,8. Feb'23 to Apr'23,Q2 - 2023,Origin Security Limited  ,"ORIGINSECURITY LIM    	AS PER INVOICE FT	"," 8,547.00 "," 1,424.50 "," 7,122.50 ",
10/03/2023,8. Feb'23 to Apr'23,Q2 - 2023,Origin Security Limited  ,"ORIGINSECURITY LIM    	AS PER INVOICE BBP	"," 23,511.56 "," 3,918.59 "," 19,592.97 ",
11/04/2023,8. Feb'23 to Apr'23,Q2 - 2023,Origin Security Limited  ,"ORIGINSECURITY LIM    	AS PER INVOICE BBP	"," 23,261.90 "," 3,876.98 "," 19,384.92 ",
24/02/2023,8. Feb'23 to Apr'23,Q2 - 2023,Peace UK Security Ltd ,"PEACE UK SECURITY     	INVOICE BBP	"," 14,126.96 "," 2,354.49 "," 11,772.47 ",
27/03/2023,8. Feb'23 to Apr'23,Q2 - 2023,Peace UK Security Ltd ,"PEACE UK SECURITY     	INVOICE BBP	"," 9,540.11 "," 1,590.02 "," 7,950.09 ",
26/04/2023,8. Feb'23 to Apr'23,Q2 - 2023,Peace UK Security Ltd ,"PEACE UK SECURITY     	INVOICE BBP	"," 3,566.90 ", 594.48 ," 2,972.42 ",
27/02/2023,8. Feb'23 to Apr'23,Q2 - 2023,Principal Protection & Events Ltd,"ADVANTEDGE COMMERC    	14435/PPE BBP	"," 15,086.15 "," 2,514.36 "," 12,571.79 ",
27/03/2023,8. Feb'23 to Apr'23,Q2 - 2023,Principal Protection & Events Ltd,"ADVANTEDGE COMMERC    	14435/PPE BBP	"," 11,088.00 "," 1,848.00 "," 9,240.00 ",
26/04/2023,8. Feb'23 to Apr'23,Q2 - 2023,Principal Protection & Events Ltd,"ADVANTEDGE COMMERC    	14435/PPE BBP	"," 11,272.80 "," 1,878.80 "," 9,394.00 ",
06/02/2023,8. Feb'23 to Apr'23,Q2 - 2023,PROPERTYDATA,"PROPERTYDATA          	ON 03 FEB BDC	", 52.80 ,, 52.80 ,
06/03/2023,8. Feb'23 to Apr'23,Q2 - 2023,PROPERTYDATA,"PROPERTYDATA          	ON 03 MAR BDC	", 52.80 ,, 52.80 ,
04/04/2023,8. Feb'23 to Apr'23,Q2 - 2023,PROPERTYDATA,"PROPERTYDATA          	ON 03 APR BDC	", 52.80 ,, 52.80 ,
10/03/2023,8. Feb'23 to Apr'23,Q2 - 2023,Prosec Solutions Ltd ,"PROSEC SOLUTIONS L    	AS INVOICED GRP	", 960.00 , 160.00 , 800.00 ,
27/03/2023,8. Feb'23 to Apr'23,Q2 - 2023,Prosec Solutions Ltd ,"PROSEC SOLUTIONS L    	AS INVOICED BBP	"," 1,870.00 ", 311.67 ," 1,558.33 ",
27/02/2023,8. Feb'23 to Apr'23,Q2 - 2023,Radleigh Security & FM Limited,"RADLEIGH SECURITY     	AS INVOICED BBP	"," 16,472.53 "," 2,745.42 "," 13,727.11 ",
27/03/2023,8. Feb'23 to Apr'23,Q2 - 2023,Radleigh Security & FM Limited,"RADLEIGH SECURITY     	AS INVOICED BBP	"," 10,236.50 "," 1,706.08 "," 8,530.42 ",
28/04/2023,8. Feb'23 to Apr'23,Q2 - 2023,Radleigh Security & FM Limited,"RADLEIGH SECURITY     	AS INVOICED BBP	"," 21,635.10 "," 3,605.85 "," 18,029.25 ",
13/02/2023,8. Feb'23 to Apr'23,Q2 - 2023,Rans Intl,"RANS INTL 1 LIMITE    	AS INVOICED BBP	"," 11,366.12 "," 1,894.35 "," 9,471.77 ",
27/03/2023,8. Feb'23 to Apr'23,Q2 - 2023,Redbridge Council,"LONDONBOROOFREDBRI    	ON 26 MAR BDC	", 55.00 ,, 55.00 ,
10/02/2023,8. Feb'23 to Apr'23,Q2 - 2023,Refine Security Services Ltd,"REFINE SECURITY SE    	AS PER INVOICE GRP	"," 2,662.20 ", 443.70 ," 2,218.50 ",
10/03/2023,8. Feb'23 to Apr'23,Q2 - 2023,Refine Security Services Ltd,"REFINE SECURITY SE    	AS PER INVOICE GRP	"," 3,770.00 ", 628.33 ," 3,141.67 ",
11/04/2023,8. Feb'23 to Apr'23,Q2 - 2023,Refine Security Services Ltd,"REFINE SECURITY SE    	AS PER INVOICE GRP	"," 5,439.00 ", 906.50 ," 4,532.50 ",
27/03/2023,8. Feb'23 to Apr'23,Q2 - 2023,RIA Security Ltd,"RIA SECURITY LTD      	AS INVOICED BBP	", 408.00 , 68.00 , 340.00 ,
26/04/2023,8. Feb'23 to Apr'23,Q2 - 2023,RIA Security Ltd,"RIA SECURITY LTD      	AS INVOICED BBP	"," 3,191.52 ", 531.92 ," 2,659.60 ",
28/04/2023,8. Feb'23 to Apr'23,Q2 - 2023,RIA Security Ltd,"RIA SECURITY LTD      	AS INVOICED BBP	"," 2,334.00 ", 389.00 ," 1,945.00 ",
03/03/2023,8. Feb'23 to Apr'23,Q2 - 2023,RKFM Ltd,"RK FM LTD             	AS INVOICED BBP	"," 13,755.62 "," 2,292.60 "," 11,463.02 ",
27/03/2023,8. Feb'23 to Apr'23,Q2 - 2023,RKFM Ltd,"RK FM LTD             	AS INVOICED FT	"," 9,606.40 "," 1,601.07 "," 8,005.33 ",
26/04/2023,8. Feb'23 to Apr'23,Q2 - 2023,RKFM Ltd,"RK FM LTD             	AS INVOICED BBP	"," 5,171.98 ", 862.00 ," 4,309.98 ",
22/02/2023,8. Feb'23 to Apr'23,Q2 - 2023,SANTANDER CONSUMER,"SANTANDER CONSUMER    	10021049636182 DDR	", 999.07 , 166.51 , 832.56 ,
22/03/2023,8. Feb'23 to Apr'23,Q2 - 2023,SANTANDER CONSUMER,"SANTANDER CONSUMER    	10021049636182 DDR	", 999.07 , 166.51 , 832.56 ,
24/04/2023,8. Feb'23 to Apr'23,Q2 - 2023,SANTANDER CONSUMER,"SANTANDER CONSUMER    	10021049636182 DDR	", 999.07 , 166.51 , 832.56 ,
08/02/2023,8. Feb'23 to Apr'23,Q2 - 2023,Screwfix Romford Gallo ROMFORD,"SCREWFIX ROMFORD G    	ON 07 FEB BDC	", 103.44 , 17.24 , 86.20 ,
11/04/2023,8. Feb'23 to Apr'23,Q2 - 2023,Screwfix Romford Gallo ROMFORD,"SCREWFIX ROMFORD G    	ON 07 APR CLP	", 35.98 , 6.00 , 29.98 ,
11/04/2023,8. Feb'23 to Apr'23,Q2 - 2023,Screwfix Romford Gallo ROMFORD,"SCREWFIX ROMFORD G    	ON 07 APR CLP	", 5.49 , 0.92 , 4.58 ,
11/04/2023,8. Feb'23 to Apr'23,Q2 - 2023,Screwfix Romford Gallo ROMFORD,"SCREWFIX ROMFORD G    	ON 08 APR CLP	", 24.97 , 4.16 , 20.81 ,
27/02/2023,8. Feb'23 to Apr'23,Q2 - 2023,Secure FirstFM Ltd,"SECURE FIRST FM LT    	AS INVOICED BBP	"," 9,092.93 "," 1,515.49 "," 7,577.44 ",
27/03/2023,8. Feb'23 to Apr'23,Q2 - 2023,Secure FirstFM Ltd,"SECURE FIRST FM LT    	AS INVOICED BBP	"," 9,446.40 "," 1,574.40 "," 7,872.00 ",
26/04/2023,8. Feb'23 to Apr'23,Q2 - 2023,Secure FirstFM Ltd,"SECURE FIRST FM LT    	GUARDIAN FM / 71 BBP	"," 8,067.50 "," 1,344.58 "," 6,722.92 ",
26/04/2023,8. Feb'23 to Apr'23,Q2 - 2023,Security Smart Ltd ,"SECURITY SMART LTD    	AS PER INVOICE BBP	"," 9,500.00 "," 1,583.33 "," 7,916.67 ",
27/04/2023,8. Feb'23 to Apr'23,Q2 - 2023,Security Smart Ltd ,"SECURITY SMART LTD    	AS PER INVOICE FT	"," 6,500.00 "," 1,083.33 "," 5,416.67 ",
28/04/2023,8. Feb'23 to Apr'23,Q2 - 2023,Security Smart Ltd ,"SECURITY SMART LTD    	AS PER INVOICE BBP	"," 14,000.00 "," 2,333.33 "," 11,666.67 ",
08/03/2023,8. Feb'23 to Apr'23,Q2 - 2023,SECURITY ZONE MIDLANDS LIMITED,"SECURITY ZONE MIDL    	INVOICE BBP	"," 12,381.60 "," 2,063.60 "," 10,318.00 ",
27/03/2023,8. Feb'23 to Apr'23,Q2 - 2023,SECURITY ZONE MIDLANDS LIMITED,"SECURITY ZONE MIDL    	INVOICE BBP	"," 12,909.60 "," 2,151.60 "," 10,758.00 ",
26/04/2023,8. Feb'23 to Apr'23,Q2 - 2023,SECURITY ZONE MIDLANDS LIMITED,"SECURITY ZONE MIDL    	INVOICE BBP	"," 17,943.64 "," 2,990.61 "," 14,953.03 ",
28/04/2023,8. Feb'23 to Apr'23,Q2 - 2023,TASTE OF LAHORE,"TASTE OF LAHORE       	ON 27 APR CLP	", 74.48 ,, 74.48 ,
27/03/2023,8. Feb'23 to Apr'23,Q2 - 2023,THE TERRACE LODGE,"THE TERRACE LODGE     	ON 25 MAR BDC	", 325.00 , 54.17 , 270.83 ,
01/02/2023,8. Feb'23 to Apr'23,Q2 - 2023,VERISURE SERVICES,"VERISURE SERVICES     	G874BM9-207803 DDR	", 65.80 , 10.97 , 54.83 ,
01/02/2023,8. Feb'23 to Apr'23,Q2 - 2023,VERISURE SERVICES,"VERISURE SERVICES     	JEV8XQD-387726 DDR	", 43.60 , 7.27 , 36.33 ,
01/03/2023,8. Feb'23 to Apr'23,Q2 - 2023,VERISURE SERVICES,"VERISURE SERVICES     	G874BM9-207803 DDR	", 65.80 , 10.97 , 54.83 ,
01/03/2023,8. Feb'23 to Apr'23,Q2 - 2023,VERISURE SERVICES,"VERISURE SERVICES     	JEV8XQD-387726 DDR	", 43.60 , 7.27 , 36.33 ,
03/04/2023,8. Feb'23 to Apr'23,Q2 - 2023,VERISURE SERVICES,"VERISURE SERVICES     	G874BM9-207803 DDR	", 65.80 , 10.97 , 54.83 ,
03/04/2023,8. Feb'23 to Apr'23,Q2 - 2023,VERISURE SERVICES,"VERISURE SERVICES     	JEV8XQD-387726 DDR	", 47.59 , 7.93 , 39.66 ,
27/02/2023,8. Feb'23 to Apr'23,Q2 - 2023,VOLKSWAGEN FINANCIAL Services,"VWFS UK LIMITED       	0000440142892015 DDR	", 22.49 ,, 22.49 ,
27/03/2023,8. Feb'23 to Apr'23,Q2 - 2023,VOLKSWAGEN FINANCIAL Services,"VWFS UK LIMITED       	0000440142892015 DDR	", 22.49 ,, 22.49 ,
26/04/2023,8. Feb'23 to Apr'23,Q2 - 2023,VOLKSWAGEN FINANCIAL Services,"VWFS UK LIMITED       	0000440142892015 DDR	", 22.49 ,, 22.49 ,
08/02/2023,8. Feb'23 to Apr'23,Q2 - 2023,Wages,"ABDUL RAHMAN ALI S    	PAY GRP	", 764.75 ,, 764.75 ,
08/02/2023,8. Feb'23 to Apr'23,Q2 - 2023,Wages,"ABDUL RAMEEZ SHEIK    	PAY GRP	", 228.00 ,, 228.00 ,
08/02/2023,8. Feb'23 to Apr'23,Q2 - 2023,Wages,"AHSAN RAMZAN          	PAY GRP	"," 1,188.28 ",," 1,188.28 ",
08/02/2023,8. Feb'23 to Apr'23,Q2 - 2023,Wages,"FAWAD KHAN            	PAY GRP	", 715.00 ,, 715.00 ,
08/02/2023,8. Feb'23 to Apr'23,Q2 - 2023,Wages,"HARSHA VARDHAN RED    	PAY GRP	", 760.00 ,, 760.00 ,
08/02/2023,8. Feb'23 to Apr'23,Q2 - 2023,Wages,"JAWARIA KHALID        	PAY FT	"," 4,147.40 ",," 4,147.40 ",
08/02/2023,8. Feb'23 to Apr'23,Q2 - 2023,Wages,"KALEEM AHTESHAM       	PAY GRP	", 120.00 ,, 120.00 ,
08/02/2023,8. Feb'23 to Apr'23,Q2 - 2023,Wages,"LUIS DE ASCENSAO      	PAY GRP	"," 1,962.34 ",," 1,962.34 ",
08/02/2023,8. Feb'23 to Apr'23,Q2 - 2023,Wages,"MOHAMMAD MIA          	PAY GRP	", 770.00 ,, 770.00 ,
08/02/2023,8. Feb'23 to Apr'23,Q2 - 2023,Wages,"MOHAMMED ARBAAZ LA    	PAY GRP	", 779.00 ,, 779.00 ,
08/02/2023,8. Feb'23 to Apr'23,Q2 - 2023,Wages,"MOHD SAIF M MITHAW    	PAY GRP	", 760.00 ,, 760.00 ,
08/02/2023,8. Feb'23 to Apr'23,Q2 - 2023,Wages,"MR A A KHAN           	PAY GRP	", 790.00 ,, 790.00 ,
08/02/2023,8. Feb'23 to Apr'23,Q2 - 2023,Wages,"MR ADNAN KHAN         	PAY GRP	", 730.00 ,, 730.00 ,
08/02/2023,8. Feb'23 to Apr'23,Q2 - 2023,Wages,"MR ASFANDYAR KHAN     	PAY GRP	", 80.00 ,, 80.00 ,
08/02/2023,8. Feb'23 to Apr'23,Q2 - 2023,Wages,"MR HAJI R MAHOMED     	PAY GRP	"," 1,026.00 ",," 1,026.00 ",
08/02/2023,8. Feb'23 to Apr'23,Q2 - 2023,Wages,"MR MUNEEB KHAN        	PAY GRP	", 780.00 ,, 780.00 ,
08/02/2023,8. Feb'23 to Apr'23,Q2 - 2023,Wages,"MR S SINGH            	PAY GRP	", 95.00 ,, 95.00 ,
08/02/2023,8. Feb'23 to Apr'23,Q2 - 2023,Wages,"MUHAMMAD BABAR        	PAY GRP	", 780.00 ,, 780.00 ,
08/02/2023,8. Feb'23 to Apr'23,Q2 - 2023,Wages,"MUHAMMAD BILAL TAR    	PAY GRP	", 840.00 ,, 840.00 ,
08/02/2023,8. Feb'23 to Apr'23,Q2 - 2023,Wages,"MUNAF AHMED SYED      	PAY GRP	", 850.00 ,, 850.00 ,
08/02/2023,8. Feb'23 to Apr'23,Q2 - 2023,Wages,"MUSHHOOD KHAN         	PAY GRP	", 684.00 ,, 684.00 ,
08/02/2023,8. Feb'23 to Apr'23,Q2 - 2023,Wages,"PRANAY VAANKAAR       	PAY GRP	", 720.00 ,, 720.00 ,
08/02/2023,8. Feb'23 to Apr'23,Q2 - 2023,Wages,"RAB KHAN              	PAY GRP	", 790.00 ,, 790.00 ,
08/02/2023,8. Feb'23 to Apr'23,Q2 - 2023,Wages,"SAYED AWAIS SHAH      	PAY GRP	", 280.00 ,, 280.00 ,
08/02/2023,8. Feb'23 to Apr'23,Q2 - 2023,Wages,"SHILPI BEGUM          	PAY GRP	", 0.10 ,, 0.10 ,
08/02/2023,8. Feb'23 to Apr'23,Q2 - 2023,Wages,"TADI REDDY            	PAY GRP	", 684.00 ,, 684.00 ,
08/02/2023,8. Feb'23 to Apr'23,Q2 - 2023,Wages,"UMER HAYAT KHALIL     	PAY GRP	", 755.00 ,, 755.00 ,
08/02/2023,8. Feb'23 to Apr'23,Q2 - 2023,Wages,"UMME SANA             	PAY GRP	", 920.00 ,, 920.00 ,
08/02/2023,8. Feb'23 to Apr'23,Q2 - 2023,Wages,"USAMA SAEED           	PAY GRP	", 551.00 ,, 551.00 ,
08/02/2023,8. Feb'23 to Apr'23,Q2 - 2023,Wages,"VASIL VASILEV         	PAY GRP	"," 1,535.76 ",," 1,535.76 ",
08/02/2023,8. Feb'23 to Apr'23,Q2 - 2023,Wages,"YUVA RAJ BANOTH       	PAY GRP	", 684.00 ,, 684.00 ,
08/02/2023,8. Feb'23 to Apr'23,Q2 - 2023,Wages,"ZIA ULLAH             	PAY GRP	", 550.00 ,, 550.00 ,
10/02/2023,8. Feb'23 to Apr'23,Q2 - 2023,Wages,"ABDUL AREEF SHAIK     	PAY GRP	", 720.00 ,, 720.00 ,
10/02/2023,8. Feb'23 to Apr'23,Q2 - 2023,Wages,"AMRUTH GALI           	PAY GRP	", 760.00 ,, 760.00 ,
10/02/2023,8. Feb'23 to Apr'23,Q2 - 2023,Wages,"ASAD ULLAH            	PAY GRP	"," 1,419.71 ",," 1,419.71 ",
10/02/2023,8. Feb'23 to Apr'23,Q2 - 2023,Wages,"CONNOR BELL           	PAY BBP	", 579.50 ,, 579.50 ,
10/02/2023,8. Feb'23 to Apr'23,Q2 - 2023,Wages,"FAIZ KHAN             	PAY GRP	", 714.00 ,, 714.00 ,
10/02/2023,8. Feb'23 to Apr'23,Q2 - 2023,Wages,"KADIR SUNNY           	PAY GRP	", 912.00 ,, 912.00 ,
10/02/2023,8. Feb'23 to Apr'23,Q2 - 2023,Wages,"MOHAMMED HUSSAIN      	PAY GRP	", 304.50 ,, 304.50 ,
10/02/2023,8. Feb'23 to Apr'23,Q2 - 2023,Wages,"MUHAMMAD ASIF         	PAY GRP	", 684.00 ,, 684.00 ,
10/02/2023,8. Feb'23 to Apr'23,Q2 - 2023,Wages,"MUHAMMAD SALMAN VI    	PAY GRP	", 780.00 ,, 780.00 ,
13/02/2023,8. Feb'23 to Apr'23,Q2 - 2023,Wages,"W A KHAJA             	TABU FT	", 262.00 ,, 262.00 ,
15/02/2023,8. Feb'23 to Apr'23,Q2 - 2023,Wages,"MUHAMMAD ZEESHAN      	PAY FT	"," 1,151.56 ",," 1,151.56 ",
03/03/2023,8. Feb'23 to Apr'23,Q2 - 2023,Wages,"MUHAMMAD ZEESHAN      	PAY FT	"," 1,500.00 ",," 1,500.00 ",
03/03/2023,8. Feb'23 to Apr'23,Q2 - 2023,Wages,"TAUSEEF AHMED         	EXPENSES RETURNED BBP"," 1,118.00 ",," 1,118.00 ",
06/03/2023,8. Feb'23 to Apr'23,Q2 - 2023,Wages,"JAWARIA KHALID        	PAY BBP	"," 4,147.39 ",," 4,147.39 ",
10/03/2023,8. Feb'23 to Apr'23,Q2 - 2023,Wages,"ABDUL AREEF SHAIK     	PAY GRP	", 720.00 ,, 720.00 ,
10/03/2023,8. Feb'23 to Apr'23,Q2 - 2023,Wages,"ABDUL RAHMAN ALI S    	PAY GRP	", 655.50 ,, 655.50 ,
10/03/2023,8. Feb'23 to Apr'23,Q2 - 2023,Wages,"ABDUL RAMEEZ SHEIK    	PAY GRP	", 684.00 ,, 684.00 ,
10/03/2023,8. Feb'23 to Apr'23,Q2 - 2023,Wages,"ABDUL SAMAD           	PAY GRP	", 930.00 ,, 930.00 ,
10/03/2023,8. Feb'23 to Apr'23,Q2 - 2023,Wages,"AMRUTH GALI           	PAY GRP	", 760.00 ,, 760.00 ,
10/03/2023,8. Feb'23 to Apr'23,Q2 - 2023,Wages,"ARUN KUMAR KOLIMI     	PAY GRP	", 648.00 ,, 648.00 ,
10/03/2023,8. Feb'23 to Apr'23,Q2 - 2023,Wages,"ASAD AZEEM            	PAY GRP	", 680.00 ,, 680.00 ,
10/03/2023,8. Feb'23 to Apr'23,Q2 - 2023,Wages,"FAIZ KHAN             	PAY GRP	", 756.00 ,, 756.00 ,
10/03/2023,8. Feb'23 to Apr'23,Q2 - 2023,Wages,"FAWAD KHAN            	PAY GRP	", 720.00 ,, 720.00 ,
10/03/2023,8. Feb'23 to Apr'23,Q2 - 2023,Wages,"HABIB REHMAN          	PAY GRP	", 702.00 ,, 702.00 ,
10/03/2023,8. Feb'23 to Apr'23,Q2 - 2023,Wages,"HARSHA VARDHAN RED    	PAY GRP	", 608.00 ,, 608.00 ,
10/03/2023,8. Feb'23 to Apr'23,Q2 - 2023,Wages,"HASHAM AMJAD          	PAY GRP	", 114.00 ,, 114.00 ,
10/03/2023,8. Feb'23 to Apr'23,Q2 - 2023,Wages,"HASSAN KHAN           	PAY GRP	", 342.00 ,, 342.00 ,
10/03/2023,8. Feb'23 to Apr'23,Q2 - 2023,Wages,"IQRA NAZIR            	PAY GRP	", 679.25 ,, 679.25 ,
10/03/2023,8. Feb'23 to Apr'23,Q2 - 2023,Wages,"KADIR SUNNY           	PAY GRP	"," 1,026.00 ",," 1,026.00 ",
10/03/2023,8. Feb'23 to Apr'23,Q2 - 2023,Wages,"KAMRAN AHMAD          	PAY GRP	", 361.26 ,, 361.26 ,
10/03/2023,8. Feb'23 to Apr'23,Q2 - 2023,Wages,"LUIS DE ASCENSAO      	PAY GRP	"," 1,476.75 ",," 1,476.75 ",
10/03/2023,8. Feb'23 to Apr'23,Q2 - 2023,Wages,"MIAN RAFI             	PAY GRP	", 840.00 ,, 840.00 ,
10/03/2023,8. Feb'23 to Apr'23,Q2 - 2023,Wages,"MITHRA SENA KONTHA    	PAY GRP	", 648.00 ,, 648.00 ,
10/03/2023,8. Feb'23 to Apr'23,Q2 - 2023,Wages,"MOHAMMAD MIA          	PAY GRP	", 770.00 ,, 770.00 ,
10/03/2023,8. Feb'23 to Apr'23,Q2 - 2023,Wages,"MOHAMMED ARBAAZ LA    	PAY GRP	", 754.02 ,, 754.02 ,
10/03/2023,8. Feb'23 to Apr'23,Q2 - 2023,Wages,"MOHAMMED HUSSAIN      	PAY GRP	", 346.75 ,, 346.75 ,
10/03/2023,8. Feb'23 to Apr'23,Q2 - 2023,Wages,"MOHD SAIF M MITHAW    	PAY GRP	", 760.00 ,, 760.00 ,
10/03/2023,8. Feb'23 to Apr'23,Q2 - 2023,Wages,"MR A A KHAN           	PAY GRP	", 480.00 ,, 480.00 ,
10/03/2023,8. Feb'23 to Apr'23,Q2 - 2023,Wages,"MR ADNAN KHAN         	PAY GRP	", 720.00 ,, 720.00 ,
10/03/2023,8. Feb'23 to Apr'23,Q2 - 2023,Wages,"MR ASFANDYAR KHAN     	PAY GRP	", 90.00 ,, 90.00 ,
10/03/2023,8. Feb'23 to Apr'23,Q2 - 2023,Wages,"MR KAMRAN MALIK       	PAY GRP	", 93.77 ,, 93.77 ,
10/03/2023,8. Feb'23 to Apr'23,Q2 - 2023,Wages,"MUHAMMAD ANWAR        	PAY GRP	", 97.34 ,, 97.34 ,
10/03/2023,8. Feb'23 to Apr'23,Q2 - 2023,Wages,"MUHAMMAD ASIF         	PAY GRP	", 703.00 ,, 703.00 ,
10/03/2023,8. Feb'23 to Apr'23,Q2 - 2023,Wages,"MUHAMMAD BABAR        	PAY GRP	", 780.00 ,, 780.00 ,
10/03/2023,8. Feb'23 to Apr'23,Q2 - 2023,Wages,"MUHAMMAD BILAL TAR    	PAY GRP	", 720.00 ,, 720.00 ,
10/03/2023,8. Feb'23 to Apr'23,Q2 - 2023,Wages,"MUHAMMAD SALMAN VI    	PAY GRP	", 648.00 ,, 648.00 ,
10/03/2023,8. Feb'23 to Apr'23,Q2 - 2023,Wages,"MUHAMMAD WAQAS KHA    	PAY GRP	", 313.50 ,, 313.50 ,
10/03/2023,8. Feb'23 to Apr'23,Q2 - 2023,Wages,"MUNAF AHMED SYED      	PAY GRP	", 720.00 ,, 720.00 ,
10/03/2023,8. Feb'23 to Apr'23,Q2 - 2023,Wages,"MUNEEB KHAN           	PAY GRP	", 800.00 ,, 800.00 ,
10/03/2023,8. Feb'23 to Apr'23,Q2 - 2023,Wages,"NIROSHA RAMAVATH      	PAY GRP	", 82.74 ,, 82.74 ,
10/03/2023,8. Feb'23 to Apr'23,Q2 - 2023,Wages,"PRANAY VAANKAAR       	PAY GRP	"," 1,287.36 ",," 1,287.36 ",
10/03/2023,8. Feb'23 to Apr'23,Q2 - 2023,Wages,"RAB KHAN              	PAY GRP	", 790.00 ,, 790.00 ,
10/03/2023,8. Feb'23 to Apr'23,Q2 - 2023,Wages,"SYED IQBAL HUSSAIN    	PAY GRP	", 114.00 ,, 114.00 ,
10/03/2023,8. Feb'23 to Apr'23,Q2 - 2023,Wages,"TADI SHRENU VIJAY     	PAY GRP	", 784.23 ,, 784.23 ,
10/03/2023,8. Feb'23 to Apr'23,Q2 - 2023,Wages,"UMER HAYAT KHALIL     	PAY GRP	", 735.00 ,, 735.00 ,
10/03/2023,8. Feb'23 to Apr'23,Q2 - 2023,Wages,"UMME SANA             	PAY GRP	", 987.00 ,, 987.00 ,
10/03/2023,8. Feb'23 to Apr'23,Q2 - 2023,Wages,"USAMA SAEED           	PAY GRP	", 798.00 ,, 798.00 ,
10/03/2023,8. Feb'23 to Apr'23,Q2 - 2023,Wages,"USAMA SAJJAD          	PAY GRP	", 703.00 ,, 703.00 ,
10/03/2023,8. Feb'23 to Apr'23,Q2 - 2023,Wages,"VENKATESWARA RAO S    	PAY GRP	", 120.00 ,, 120.00 ,
10/03/2023,8. Feb'23 to Apr'23,Q2 - 2023,Wages,"YUVA RAJ BANOTH       	PAY GRP	", 684.00 ,, 684.00 ,
28/03/2023,8. Feb'23 to Apr'23,Q2 - 2023,Wages,"MR HAJI R MAHOMED     	PAY FT	", 915.00 ,, 915.00 ,
05/04/2023,8. Feb'23 to Apr'23,Q2 - 2023,Wages,"BRIAN SMITH           	PAYMENT FT	"," 2,386.00 ",," 2,386.00 ",
06/04/2023,8. Feb'23 to Apr'23,Q2 - 2023,Wages,"JAWARIA KHALID        	PAY FT	"," 4,147.79 ",," 4,147.79 ",
11/04/2023,8. Feb'23 to Apr'23,Q2 - 2023,Wages,"ABDUL AREEF SHAIK     	PAY GRP	", 720.00 ,, 720.00 ,
11/04/2023,8. Feb'23 to Apr'23,Q2 - 2023,Wages,"ABDUL RAMEEZ SHEIK    	PAY GRP	", 684.00 ,, 684.00 ,
11/04/2023,8. Feb'23 to Apr'23,Q2 - 2023,Wages,"ABDUL SAMAD           	PAY GRP	", 800.00 ,, 800.00 ,
11/04/2023,8. Feb'23 to Apr'23,Q2 - 2023,Wages,"AMRUTH GALI           	PAY GRP	", 684.00 ,, 684.00 ,
11/04/2023,8. Feb'23 to Apr'23,Q2 - 2023,Wages,"ARBAB KHAN            	PAY GRP	", 399.00 ,, 399.00 ,
11/04/2023,8. Feb'23 to Apr'23,Q2 - 2023,Wages,"ARUN KUMAR KOLIMI     	PAY GRP	", 684.00 ,, 684.00 ,
11/04/2023,8. Feb'23 to Apr'23,Q2 - 2023,Wages,"FAWAD KHAN            	PAY GRP	", 720.00 ,, 720.00 ,
11/04/2023,8. Feb'23 to Apr'23,Q2 - 2023,Wages,"HARSHA VARDHAN RED    	PAY GRP	", 760.00 ,, 760.00 ,
11/04/2023,8. Feb'23 to Apr'23,Q2 - 2023,Wages,"IQRA NAZIR            	PAY GRP	", 741.00 ,, 741.00 ,
11/04/2023,8. Feb'23 to Apr'23,Q2 - 2023,Wages,"KADIR SUNNY           	EXP GRP	", 74.00 ,, 74.00 ,
11/04/2023,8. Feb'23 to Apr'23,Q2 - 2023,Wages,"KADIR SUNNY           	PAY GRP	", 800.00 ,, 800.00 ,
11/04/2023,8. Feb'23 to Apr'23,Q2 - 2023,Wages,"KALEEM AHTESHAM       	PAY GRP	", 360.00 ,, 360.00 ,
11/04/2023,8. Feb'23 to Apr'23,Q2 - 2023,Wages,"MAMATHA CHIKATIMAM    	PAY GRP	", 196.93 ,, 196.93 ,
11/04/2023,8. Feb'23 to Apr'23,Q2 - 2023,Wages,"MIAN RAFI             	PAY GRP	"," 1,340.16 ",," 1,340.16 ",
11/04/2023,8. Feb'23 to Apr'23,Q2 - 2023,Wages,"MITESHKUMAR PATEL     	PAY GRP	", 197.69 ,, 197.69 ,
11/04/2023,8. Feb'23 to Apr'23,Q2 - 2023,Wages,"MITHRA SENA KONTHA    	PAY GRP	", 684.00 ,, 684.00 ,
11/04/2023,8. Feb'23 to Apr'23,Q2 - 2023,Wages,"MOHAMMED ARBAAZ LA    	PAY GRP	", 741.00 ,, 741.00 ,
11/04/2023,8. Feb'23 to Apr'23,Q2 - 2023,Wages,"MOHD SAIF M MITHAW    	PAY GRP	", 760.00 ,, 760.00 ,
11/04/2023,8. Feb'23 to Apr'23,Q2 - 2023,Wages,"MR A A KHAN           	PAY GRP	", 240.00 ,, 240.00 ,
11/04/2023,8. Feb'23 to Apr'23,Q2 - 2023,Wages,"MR ADNAN KHAN         	PAY GRP	", 720.00 ,, 720.00 ,
11/04/2023,8. Feb'23 to Apr'23,Q2 - 2023,Wages,"MR KAMRAN MALIK       	PAY GRP	", 315.88 ,, 315.88 ,
11/04/2023,8. Feb'23 to Apr'23,Q2 - 2023,Wages,"MUHAMMAD ASIF         	PAY GRP	", 684.00 ,, 684.00 ,
11/04/2023,8. Feb'23 to Apr'23,Q2 - 2023,Wages,"MUHAMMAD AWAIS        	PAY GRP	", 570.00 ,, 570.00 ,
11/04/2023,8. Feb'23 to Apr'23,Q2 - 2023,Wages,"MUHAMMAD SALMAN VI    	PAY GRP	", 684.00 ,, 684.00 ,
11/04/2023,8. Feb'23 to Apr'23,Q2 - 2023,Wages,"MUHAMMAD WAQAS KHA    	PAY GRP	", 323.00 ,, 323.00 ,
11/04/2023,8. Feb'23 to Apr'23,Q2 - 2023,Wages,"MUHAMMAD YASEEN       	PAY GRP	", 572.38 ,, 572.38 ,
11/04/2023,8. Feb'23 to Apr'23,Q2 - 2023,Wages,"MUHAMMAD ZEESHAN      	PAY GRP	"," 1,151.56 ",," 1,151.56 ",
11/04/2023,8. Feb'23 to Apr'23,Q2 - 2023,Wages,"MUNAF AHMED SYED      	PAY GRP	", 720.00 ,, 720.00 ,
11/04/2023,8. Feb'23 to Apr'23,Q2 - 2023,Wages,"MUNEEB KHAN           	PAY GRP	", 800.00 ,, 800.00 ,
11/04/2023,8. Feb'23 to Apr'23,Q2 - 2023,Wages,"NAQASH KHAN           	PAY GRP	", 700.00 ,, 700.00 ,
11/04/2023,8. Feb'23 to Apr'23,Q2 - 2023,Wages,"NIROSHA RAMAVATH      	PAY GRP	", 174.33 ,, 174.33 ,
11/04/2023,8. Feb'23 to Apr'23,Q2 - 2023,Wages,"PRANAY VAANKAAR       	PAY GRP	", 480.00 ,, 480.00 ,
11/04/2023,8. Feb'23 to Apr'23,Q2 - 2023,Wages,"QADEER MOHAMMED AB    	PAY GRP	", 720.00 ,, 720.00 ,
11/04/2023,8. Feb'23 to Apr'23,Q2 - 2023,Wages,"RAB KHAN              	PAY GRP	", 725.00 ,, 725.00 ,
11/04/2023,8. Feb'23 to Apr'23,Q2 - 2023,Wages,"S MIRZA               	PAY GRP	", 636.50 ,, 636.50 ,
11/04/2023,8. Feb'23 to Apr'23,Q2 - 2023,Wages,"SAQLAIN HAYDER        	PAY GRP	", 770.00 ,, 770.00 ,
11/04/2023,8. Feb'23 to Apr'23,Q2 - 2023,Wages,"SYED IQBAL HUSSAIN    	PAY GRP	", 190.00 ,, 190.00 ,
11/04/2023,8. Feb'23 to Apr'23,Q2 - 2023,Wages,"TADI SHRENU VIJAY     	PAY GRP	", 840.00 ,, 840.00 ,
11/04/2023,8. Feb'23 to Apr'23,Q2 - 2023,Wages,"UMAIR TARIQ           	PAY GRP	", 114.00 ,, 114.00 ,
11/04/2023,8. Feb'23 to Apr'23,Q2 - 2023,Wages,"UMER HAYAT KHALIL     	PAY GRP	", 770.00 ,, 770.00 ,
11/04/2023,8. Feb'23 to Apr'23,Q2 - 2023,Wages,"UMME SANA             	PAY GRP	"," 1,135.24 ",," 1,135.24 ",
11/04/2023,8. Feb'23 to Apr'23,Q2 - 2023,Wages,"USAMA SAEED           	PAY GRP	", 684.00 ,, 684.00 ,
11/04/2023,8. Feb'23 to Apr'23,Q2 - 2023,Wages,"USAMA SAJJAD          	PAY GRP	", 722.00 ,, 722.00 ,
11/04/2023,8. Feb'23 to Apr'23,Q2 - 2023,Wages,"VINOD AKENA           	PAY GRP	", 684.00 ,, 684.00 ,
11/04/2023,8. Feb'23 to Apr'23,Q2 - 2023,Wages,"VONTELA MAHEEKAR      	PAY GRP	", 95.00 ,, 95.00 ,
11/04/2023,8. Feb'23 to Apr'23,Q2 - 2023,Wages,"YUVA RAJ BANOTH       	PAY GRP	", 760.00 ,, 760.00 ,
28/04/2023,8. Feb'23 to Apr'23,Q2 - 2023,Wages,"H M E MOHAMED         	PAY BBP	"," 1,465.00 ",," 1,465.00 ",
28/04/2023,8. Feb'23 to Apr'23,Q2 - 2023,WELL DUNN LIMITED,"CLOSE-WELL DUNN       82210977	FIRST DDR PAY", 393.37 ,, 393.37 ,
05/05/2023,9. May'23 to July'23,Q3 - 2023,ABBEY LAW LTD,ABBEY LAW LTD            24 GUILDFORD ST BBP," 25,072.78 ", -   ," 25,072.78 ",
05/05/2023,9. May'23 to July'23,Q3 - 2023,ABBEY LAW LTD,ABBEY LAW LTD            24 GUILDFORD ST BBP," 50,000.00 ", -   ," 50,000.00 ",
04/07/2023,9. May'23 to July'23,Q3 - 2023,Alcumus SafeContractor Limited,ALCUMUS SAFECONTRA       ON 03 JUL BDC," 1,252.80 ", 208.80 ," 1,044.00 ",
31/05/2023,9. May'23 to July'23,Q3 - 2023,ALLDAYPA Communication,All Day PA - All Day PA, 108.74 , 18.12 , 90.62 ,
30/06/2023,9. May'23 to July'23,Q3 - 2023,ALLDAYPA Communication,All Day PA - All Day Pa - Inv : Jun 23, 109.40 , 18.23 , 91.17 ,
31/07/2023,9. May'23 to July'23,Q3 - 2023,ALLDAYPA Communication,All Day PA - All Day Pa - Inv : Jul 23, 109.82 , 18.30 , 91.52 ,
14/07/2023,9. May'23 to July'23,Q3 - 2023,BERKELEY ROWE LIMITED,BERKELEY ROWE LIMI       GUARDIANFM LTD FT," 2,500.00 ", 416.67 ," 2,083.33 ",
31/07/2023,9. May'23 to July'23,Q3 - 2023,BIFFA WASTE SERVICES LIMITED,Biffa Waste Services - Biffa Waste Services - Inv : May 23 to Jul 23, 389.43 , 64.90 , 324.53 ,
30/05/2023,9. May'23 to July'23,Q3 - 2023,Capital Protections Ltd,CAPITAL PROTECTION       PAYMENT BBP," 3,894.11 ", 649.02 ," 3,245.09 ",
22/06/2023,9. May'23 to July'23,Q3 - 2023,Capital Protections Ltd,CAPITAL                  ON 21 JUN BDC, 110.77 , 18.46 , 92.31 ,
26/07/2023,9. May'23 to July'23,Q3 - 2023,Capital Protections Ltd,CAPITAL PROTECTION       PAYMENT BBP," 4,761.71 ", 793.62 ," 3,968.09 ",
31/07/2023,9. May'23 to July'23,Q3 - 2023,COMPLIANCE SECURITY SERVICES LTD,Compliance Security - Compliance Secutity - inv : May 23 to Jul 23," 9,438.47 "," 1,573.08 "," 7,865.39 ",
04/07/2023,9. May'23 to July'23,Q3 - 2023,COPART UK LIMITED,COPART UK LIMITED        749525 BBP," 8,260.80 "," 1,376.80 "," 6,884.00 ",
06/07/2023,9. May'23 to July'23,Q3 - 2023,COPART UK LIMITED,COPART UK LIMITED        749525 BBP," 4,516.40 ", 752.73 ," 3,763.67 ",
31/07/2023,9. May'23 to July'23,Q3 - 2023,FIRST INSURANCE,First Insurance - First Insurance - Inv Jul 23," 2,612.62 ", -   ," 2,612.62 ",
24/05/2023,9. May'23 to July'23,Q3 - 2023,MERCEDES-BENZ UK LIMITED,MBFIN S0EK23GUJ02        S0EK23GUJ021845880 DD, 426.47 , -   , 426.47 ,
26/06/2023,9. May'23 to July'23,Q3 - 2023,MERCEDES-BENZ UK LIMITED,MBFIN S0EK23GUJ02        S0EK23GUJ022109528 DD, 426.47 , -   , 426.47 ,
24/07/2023,9. May'23 to July'23,Q3 - 2023,MERCEDES-BENZ UK LIMITED,MBFIN S0EK23GUJ02        S0EK23GUJ021937753 DD, 426.47 , -   , 426.47 ,
06/04/2023,9. May'23 to July'23,Q3 - 2023,MERCEDES-BENZ UK LIMITED,MERCEDES-BENZ CARS UK L MILTON KEYNES, 500.00 , -   , 500.00 ,
19/04/2023,9. May'23 to July'23,Q3 - 2023,MERCEDES-BENZ UK LIMITED,MERCEDES-BENZ CARS UK L MILTON KEYNES," 9,500.00 ", -   ," 9,500.00 ",
31/07/2023,9. May'23 to July'23,Q3 - 2023,O2 (UK) LIMITED T/A Telefónica UK Limited,O2 - O2 - Inv : May 23 to Jul 23, 349.67 , 58.28 , 291.39 ,
16/05/2023,9. May'23 to July'23,Q3 - 2023,SAGE SOFTWARE LTD,SAGE SOFTWARE LTD        PCNHPQC DDR, 172.20 , 28.70 , 143.50 ,
16/06/2023,9. May'23 to July'23,Q3 - 2023,SAGE SOFTWARE LTD,SAGE SOFTWARE LTD        PCNHPQC DDR, 172.20 , 28.70 , 143.50 ,
17/07/2023,9. May'23 to July'23,Q3 - 2023,SAGE SOFTWARE LTD,SAGE SOFTWARE LTD        PCNHPQC DDR, 172.20 , 28.70 , 143.50 ,
31/07/2023,9. May'23 to July'23,Q3 - 2023,Wave Tel Ltd,Wavetel Business - Wavetel Business, 411.07 , 68.51 , 342.56 ,
31/07/2023,9. May'23 to July'23,Q3 - 2023,Xtreme Professional Cleaning Ltd,Xtreme Professional - Xtreme Professional," 40,909.00 "," 6,818.17 "," 34,090.83 ",
31/07/2023,9. May'23 to July'23,Q3 - 2023,1Password,1Password - 1Password, 12.24 , 2.04 , 10.20 ,
30/05/2023,9. May'23 to July'23,Q3 - 2023,AAGUARD LTD,AAGUARD LTD              AS INVOICED BBP," 4,288.74 ", 714.79 ," 3,573.95 ",
26/06/2023,9. May'23 to July'23,Q3 - 2023,AAGUARD LTD,AAGUARD LTD              AS INVOICED BBP," 2,218.80 ", 369.80 ," 1,849.00 ",
02/05/2023,9. May'23 to July'23,Q3 - 2023,AB SALUTE GYM LTD,AB SALUTE                45699BE197251049 DDR, 37.50 , -   , 37.50 ,
01/06/2023,9. May'23 to July'23,Q3 - 2023,AB SALUTE GYM LTD,AB SALUTE                45699BE197251049 DDR, 37.50 , -   , 37.50 ,
03/07/2023,9. May'23 to July'23,Q3 - 2023,AB SALUTE GYM LTD,AB SALUTE                45699BE197251049 DDR, 37.50 , -   , 37.50 ,
31/07/2023,9. May'23 to July'23,Q3 - 2023,ADOBE ACROBAT,Adobe Acropro - Adobe Acropro, 144.96 , 24.16 , 120.80 ,
20/06/2023,9. May'23 to July'23,Q3 - 2023,ALIPAY LTD,PAYPAL *ALIPAY UK        ON 17 JUN BDC, 79.92 , -   , 79.92 ,
30/05/2023,9. May'23 to July'23,Q3 - 2023,Alliance Facilities Management Limited,ALLIANCE FACILITY        AS INVOICED BBP," 15,000.00 ", -   ," 15,000.00 ",
26/06/2023,9. May'23 to July'23,Q3 - 2023,Alliance Facilities Management Limited,ALLIANCE FACILITY        AS INVOICED BBP," 16,616.28 ", -   ," 16,616.28 ",
26/06/2023,9. May'23 to July'23,Q3 - 2023,Alliance Facilities Management Limited,ALLIANCE FACILITY        AS INVOICED BBP," 15,063.69 ", -   ," 15,063.69 ",
04/03/2023,9. May'23 to July'23,Q3 - 2023,AMAZON,AMAZON EU               MANCHESTER, 5.00 , 0.83 , 4.17 ,
05/03/2023,9. May'23 to July'23,Q3 - 2023,AMAZON,AMAZON EU               MANCHESTER, 105.04 , 17.51 , 87.53 ,
15/03/2023,9. May'23 to July'23,Q3 - 2023,AMAZON,AMAZON EU               MANCHESTER, 26.92 , 4.49 , 22.43 ,
30/03/2023,9. May'23 to July'23,Q3 - 2023,AMAZON,AMAZON EU               MANCHESTER, 12.99 , 2.17 , 10.82 ,
30/03/2023,9. May'23 to July'23,Q3 - 2023,AMAZON,AMAZON EU               MANCHESTER, 70.27 , 11.71 , 58.56 ,
01/05/2023,9. May'23 to July'23,Q3 - 2023,AMAZON,AMAZON EU               MANCHESTER, 26.99 , 4.50 , 22.49 ,
09/05/2023,9. May'23 to July'23,Q3 - 2023,AMAZON,AMAZON EU               MANCHESTER, 11.57 , 1.93 , 9.64 ,
10/05/2023,9. May'23 to July'23,Q3 - 2023,AMAZON,AMAZON EU               MANCHESTER, 8.26 , 1.38 , 6.88 ,
24/05/2023,9. May'23 to July'23,Q3 - 2023,AMAZON,AMAZON EU               MANCHESTER, 39.99 , 6.67 , 33.32 ,
10/06/2023,9. May'23 to July'23,Q3 - 2023,AMAZON,AMAZON EU               MANCHESTER, 15.99 , 2.67 , 13.32 ,
02/07/2023,9. May'23 to July'23,Q3 - 2023,AMAZON,AMAZON EU               MANCHESTER, 28.35 , 4.73 , 23.62 ,
10/07/2023,9. May'23 to July'23,Q3 - 2023,AMAZON,AMAZON EU               MANCHESTER, 289.00 , 48.17 , 240.83 ,
10/07/2023,9. May'23 to July'23,Q3 - 2023,AMAZON,AMAZON EU               MANCHESTER, 149.99 , 25.00 , 124.99 ,
10/07/2023,9. May'23 to July'23,Q3 - 2023,AMAZON,AMAZON EU               MANCHESTER, 16.83 , 2.81 , 14.02 ,
10/07/2023,9. May'23 to July'23,Q3 - 2023,AMAZON,AMAZON EU               MANCHESTER, 15.79 , 2.63 , 13.16 ,
10/07/2023,9. May'23 to July'23,Q3 - 2023,AMAZON,AMAZON EU               MANCHESTER, 7.99 , 1.33 , 6.66 ,
11/07/2023,9. May'23 to July'23,Q3 - 2023,AMAZON,AMAZON EU               MANCHESTER, 9.99 , 1.67 , 8.32 ,
24/07/2023,9. May'23 to July'23,Q3 - 2023,AMAZON,AMAZON EU               MANCHESTER, 8.99 , 1.50 , 7.49 ,
24/07/2023,9. May'23 to July'23,Q3 - 2023,AMAZON,AMAZON EU               MANCHESTER, 24.78 , 4.13 , 20.65 ,
26/07/2023,9. May'23 to July'23,Q3 - 2023,AMAZON,AMAZON EU               MANCHESTER, 2.50 , 0.42 , 2.08 ,
26/07/2023,9. May'23 to July'23,Q3 - 2023,AMAZON,AMAZON EU               MANCHESTER, 31.99 , 5.33 , 26.66 ,
11/01/2023,9. May'23 to July'23,Q3 - 2023,Apple,APPLE.COM/UK            HOLLYHILL," 1,679.00 ", 279.83 ," 1,399.17 ",
04/06/2023,9. May'23 to July'23,Q3 - 2023,Apple,APPLE STORE R242 R242   WEST THURROCK E," 1,549.00 ", 258.17 ," 1,290.83 ",
25/07/2023,9. May'23 to July'23,Q3 - 2023,Apple,APPLE STORE R242         ON 24 JUL CLP," 1,399.00 ", 233.17 ," 1,165.83 ",
14/06/2023,9. May'23 to July'23,Q3 - 2023,Apple,APPLE STORE R410 R410   LONDON, 50.00 , 8.33 , 41.67 ,
03/05/2023,9. May'23 to July'23,Q3 - 2023,Apple,APPLE.COM/BILL        IRELAND   ON 03 MAY BDC, 6.99 , 1.17 , 5.82 ,
05/06/2023,9. May'23 to July'23,Q3 - 2023,Apple,APPLE.COM/BILL        IRELAND   ON 02 JUN BDC, 6.99 , 1.17 , 5.82 ,
03/07/2023,9. May'23 to July'23,Q3 - 2023,Apple,APPLE.COM/BILL        IRELAND   ON 03 JUL BDC, 6.99 , 1.17 , 5.82 ,
07/04/2023,9. May'23 to July'23,Q3 - 2023,B&Q LIMITED,B&Q ROMFORD 1257        ROMFORD, 72.00 , 12.00 , 60.00 ,
04/06/2023,9. May'23 to July'23,Q3 - 2023,B&Q LIMITED,B&Q ROMFORD 1257        ROMFORD, 29.61 , 4.94 , 24.67 ,
12/06/2023,9. May'23 to July'23,Q3 - 2023,B&Q LIMITED,B & Q 1257               ON 10 JUN BDC, 143.00 , 23.83 , 119.17 ,
20/04/2023,9. May'23 to July'23,Q3 - 2023,Bank Charges,LATE PAYMENT FEE, 12.00 , -   , 12.00 ,
09/05/2023,9. May'23 to July'23,Q3 - 2023,Bank Charges,CHARGES               COMMISSION FOR   PERIOD, 13.00 , -   , 13.00 ,
06/06/2023,9. May'23 to July'23,Q3 - 2023,Bank Charges,CHARGES               COMMISSION FOR   PERIOD, 8.50 , -   , 8.50 ,
20/06/2023,9. May'23 to July'23,Q3 - 2023,Bank Charges,LATE PAYMENT FEE, 12.00 , -   , 12.00 ,
05/07/2023,9. May'23 to July'23,Q3 - 2023,Bank Charges,CHARGES               COMMISSION FOR   PERIOD, 8.50 , -   , 8.50 ,
30/05/2023,9. May'23 to July'23,Q3 - 2023,BARK.COM GLOBAL LIMITED,Bark.com - Bark.com - Inv : May 23, 59.94 , 9.99 , 49.95 ,
30/06/2023,9. May'23 to July'23,Q3 - 2023,BARK.COM GLOBAL LIMITED,Bark.com - Bark.com - Inv : Jun 23, 59.94 , 9.99 , 49.95 ,
31/07/2023,9. May'23 to July'23,Q3 - 2023,BARK.COM GLOBAL LIMITED,Bark.com - Bark.com - Inv : jul 23, 59.94 , 9.99 , 49.95 ,
10/06/2023,9. May'23 to July'23,Q3 - 2023,BLINDS 2 GO LIMITED,BLINDS 2 GO LTD BLINDS  UNITED KINGDOM, 187.26 , 31.21 , 156.05 ,
25/06/2023,9. May'23 to July'23,Q3 - 2023,BLINDS 2 GO LIMITED,BLINDS 2 GO LTD BLINDS  UNITED KINGDOM, 294.05 , -   , 294.05 ,
12/05/2023,9. May'23 to July'23,Q3 - 2023,BLUE BIRD HOUSING LTD,BLUE BIRD HOUSING        79 HOE STREET E17 STO," 1,458.33 ", 243.06 ," 1,215.27 ",
12/06/2023,9. May'23 to July'23,Q3 - 2023,BLUE BIRD HOUSING LTD,BLUE BIRD HOUSING        79 HOE STREET E17 STO," 1,458.33 ", 243.06 ," 1,215.27 ",
12/06/2023,9. May'23 to July'23,Q3 - 2023,BLUE BIRD HOUSING LTD,BLUE BIRD HOUSING        TX243 BBP," 1,458.33 ", 243.06 ," 1,215.27 ",
12/07/2023,9. May'23 to July'23,Q3 - 2023,BLUE BIRD HOUSING LTD,BLUE BIRD HOUSING        79 HOE STREET E17 STO," 1,458.33 ", 243.06 ," 1,215.27 ",
12/07/2023,9. May'23 to July'23,Q3 - 2023,BLUE BIRD HOUSING LTD,BLUE BIRD HOUSING        TX243 STO," 1,458.33 ", 243.06 ," 1,215.27 ",
21/07/2023,9. May'23 to July'23,Q3 - 2023,BLUE BIRD HOUSING LTD,BLUE BIRD HOUSING        TX243 BBP," 1,458.33 ", 243.06 ," 1,215.27 ",
08/04/2023,9. May'23 to July'23,Q3 - 2023,BOOKING.COM LIMITED,BOOKING.COM B.V.*FLIGHT AMSTERDAM, 655.99 , -   , 655.99 ,
09/04/2023,9. May'23 to July'23,Q3 - 2023,BOOKING.COM LIMITED,BOOKING.COM B.V.*FLIGHT AMSTERDAM, 586.20 , -   , 586.20 ,
23/04/2023,9. May'23 to July'23,Q3 - 2023,BOOKING.COM LIMITED,BOOKING.COM B.V.        AMSTERDAM, 374.15 , -   , 374.15 ,
12/05/2023,9. May'23 to July'23,Q3 - 2023,BOOKING.COM LIMITED,Booking.com             Amsterdam, 132.95 , -   , 132.95 ,
28/05/2023,9. May'23 to July'23,Q3 - 2023,BOOKING.COM LIMITED,BOOKINGCOMTICKETS       AMSTERDAM, 100.00 , -   , 100.00 ,
24/07/2023,9. May'23 to July'23,Q3 - 2023,BOOKING.COM LIMITED,Flights on Booking       ON 22 JUL BDC," 1,325.18 ", -   ," 1,325.18 ",
28/05/2023,9. May'23 to July'23,Q3 - 2023,BOOKING.COM LIMITED,HOTEL ON BOOKING.COM    AMSTERDAM," 1,550.00 ", -   ," 1,550.00 ",
26/07/2023,9. May'23 to July'23,Q3 - 2023,BOOTS UK LIMITED,BOOTS, 69.00 , -   , 69.00 ,
07/03/2023,9. May'23 to July'23,Q3 - 2023,BRAZA,BRAZA                   GREATER LONDON, 68.67 , -   , 68.67 ,
02/05/2023,9. May'23 to July'23,Q3 - 2023,British Red Cross,BRITISH RED CROSS        AS8788335 DDR, 10.00 , -   , 10.00 ,
01/06/2023,9. May'23 to July'23,Q3 - 2023,British Red Cross,BRITISH RED CROSS        AS8788335 DDR, 10.00 , -   , 10.00 ,
03/07/2023,9. May'23 to July'23,Q3 - 2023,British Red Cross,BRITISH RED CROSS        AS8788335 DDR, 10.00 , -   , 10.00 ,
09/06/2023,9. May'23 to July'23,Q3 - 2023,BURSA KEBAP,BURSA KEBAP EVI          ON 08 JUN CLP, 50.38 , -   , 50.38 ,
07/07/2023,9. May'23 to July'23,Q3 - 2023,CARCITI UK LIMITED,CARCITI UK LIMITED       CAR REPAIR FT, 700.00 , 116.67 , 583.33 ,
31/07/2023,9. May'23 to July'23,Q3 - 2023,CASTLE WATER LTD,Castle Water Ltd - Castle Water Ltd, 8.16 , -   , 8.16 ,
26/05/2023,9. May'23 to July'23,Q3 - 2023,CodeTwo,CODETWO               POLAND   AMOUNT IN USD   2, 236.29 , -   , 236.29 ,
17/07/2023,9. May'23 to July'23,Q3 - 2023,COMPANIESMADESIMPLE LIMITED,COMPANIES MADE SIM       ON 16 JUL BDC, 13.59 , -   , 13.59 ,
14/07/2023,9. May'23 to July'23,Q3 - 2023,Constructionline,CONSTRUCTION LINE        ON 13 JUL BDC," 1,617.60 ", 269.60 ," 1,348.00 ",
05/03/2023,9. May'23 to July'23,Q3 - 2023,CURRYS,CURRYS ROMFORD          ROMFORD, 660.00 , 110.00 , 550.00 ,
05/05/2023,9. May'23 to July'23,Q3 - 2023,CURRYS,CURRYS 3408379511        CURRYS 3408379511 DDR, 18.00 , 3.00 , 15.00 ,
05/06/2023,9. May'23 to July'23,Q3 - 2023,CURRYS,CURRYS 3408379511        CURRYS 3408379511 DDR, 18.00 , 3.00 , 15.00 ,
05/07/2023,9. May'23 to July'23,Q3 - 2023,CURRYS,CURRYS 3408379511        CURRYS 3408379511 DDR, 18.00 , 3.00 , 15.00 ,
11/07/2023,9. May'23 to July'23,Q3 - 2023,CYPRUS,W8Tech.com*WYP        CYPRUS   ON 10 JUL BDC, 60.00 , -   , 60.00 ,
19/07/2023,9. May'23 to July'23,Q3 - 2023,CYPRUS,W8Tech.com*WYP        CYPRUS   ON 18 JUL BDC, 60.00 , -   , 60.00 ,
14/04/2023,9. May'23 to July'23,Q3 - 2023,DEUTSCHE LUFTHANSA,DEUTSCHE LUFTHANSA AG   Koeln, 388.58 , -   , 388.58 ,
16/04/2023,9. May'23 to July'23,Q3 - 2023,DEUTSCHE LUFTHANSA,DEUTSCHE LUFTHANSA AG   Koeln, 61.70 , -   , 61.70 ,
31/07/2023,9. May'23 to July'23,Q3 - 2023,Dropbox,Dropbox - Dropbox - Inv : May 23 to Jul 23, 29.97 , 4.99 , 24.98 ,
12/06/2023,9. May'23 to July'23,Q3 - 2023,Dunelm Soft,DUNELM (SOFT FURNI       ON 10 JUN BDC, 141.65 , 23.61 , 118.04 ,
02/05/2023,9. May'23 to July'23,Q3 - 2023,DVLA VECHICLE TAX,DVLA-VX71XUF             000000000055494130 DD, 45.50 , -   , 45.50 ,
01/06/2023,9. May'23 to July'23,Q3 - 2023,DVLA VECHICLE TAX,DVLA-VX71XUF             000000000055494130 DD, 45.50 , -   , 45.50 ,
02/06/2023,9. May'23 to July'23,Q3 - 2023,DVLA VECHICLE TAX,DVLA-BD21VXN             000000000052339988 DD, 299.25 , -   , 299.25 ,
03/07/2023,9. May'23 to July'23,Q3 - 2023,DVLA VECHICLE TAX,DVLA-VX71XUF             000000000055494130 DD, 45.50 , -   , 45.50 ,
31/07/2023,9. May'23 to July'23,Q3 - 2023,EE LIMITED,EE Limited - EE LTd Inv : May 23 to Jul 23, 294.09 , 49.01 , 245.08 ,
10/05/2023,9. May'23 to July'23,Q3 - 2023,EMAC LTD,EMAC LTD              SPLAN 122M90   FIRST DDR, 243.54 , -   , 243.54 ,
09/06/2023,9. May'23 to July'23,Q3 - 2023,EMAC LTD,EMAC LTD                 SPLAN 122M90 DDR, 243.54 , -   , 243.54 ,
10/07/2023,9. May'23 to July'23,Q3 - 2023,EMAC LTD,EMAC LTD                 SPLAN 122M90 DDR, 21.33 , -   , 21.33 ,
25/07/2023,9. May'23 to July'23,Q3 - 2023,Emirates,IBE EMIRATES IBE EMIRAT UNITED ARAB EMI, 583.60 , -   , 583.60 ,
13/05/2023,9. May'23 to July'23,Q3 - 2023,EUG01570,EUG01570 ROTHWELL SERVI Rothwell, 156.46 , 26.08 , 130.38 ,
30/05/2023,9. May'23 to July'23,Q3 - 2023,FAB4 SECURITY LTD,FAB4 SECURITY LTD        AS INVOICED BBP, 264.48 , 44.08 , 220.40 ,
26/06/2023,9. May'23 to July'23,Q3 - 2023,FAB4 SECURITY LTD,FAB4 SECURITY LTD        AS INVOICED BBP, 476.06 , 79.34 , 396.72 ,
31/07/2023,9. May'23 to July'23,Q3 - 2023,First Allied Facilities Ltd,First Allied Facility - First Allied Facility," 4,612.54 ", 768.76 ," 3,843.78 ",
27/07/2023,9. May'23 to July'23,Q3 - 2023,First4Freelancers Ltd,First4Freelancers - 2233," 19,355.00 "," 3,225.83 "," 16,129.17 ",
31/07/2023,9. May'23 to July'23,Q3 - 2023,First4Freelancers Ltd,First4Freelancers - First4Freelancers - Inv : May 23 to Jul 23," 118,152.17 "," 19,692.03 "," 98,460.14 ",
26/06/2023,9. May'23 to July'23,Q3 - 2023,FIVERR,www.fiverr.com        CYPRUS   AMOUNT IN USD   5, 427.35 , -   , 427.35 ,
09/05/2023,9. May'23 to July'23,Q3 - 2023,Fund Transfer,205304 30554057          MOBILE-CHANNEL FT," 2,000.00 ", -   ," 2,000.00 ",
26/05/2023,9. May'23 to July'23,Q3 - 2023,Fund Transfer,205304 10566055 FT       205304 10566055 FT," 1,000.00 ", -   ," 1,000.00 ",
26/06/2023,9. May'23 to July'23,Q3 - 2023,Fund Transfer,205304 73949214 FT       205304 73949214 FT," 50,000.00 ", -   ," 50,000.00 ",
31/07/2023,9. May'23 to July'23,Q3 - 2023,GETADDRESS.IO,"Getaddress - Getaddress - Inv May 23 to Jul ""3", 90.00 , 15.00 , 75.00 ,
10/03/2023,9. May'23 to July'23,Q3 - 2023,GHIR ELECTRICAL SUPPLIES,GHIR ELECTRICAL SUPPLIE GOODMAYES, 280.77 , 46.80 , 233.97 ,
31/07/2023,9. May'23 to July'23,Q3 - 2023,GODADDY,DNH Go Daddy - DNH Go Daddy - Inv : Jun 23 to Jul 23, 154.47 , 25.75 , 128.72 ,
02/05/2023,9. May'23 to July'23,Q3 - 2023,GOOGLE,PAYPAL *GOOGLE YOU       ON 01 MAY BDC, 11.99 , -   , 11.99 ,
02/06/2023,9. May'23 to July'23,Q3 - 2023,GOOGLE,PAYPAL *GOOGLE YOU       ON 01 JUN BDC, 11.99 , -   , 11.99 ,
03/07/2023,9. May'23 to July'23,Q3 - 2023,GOOGLE,PAYPAL *GOOGLE YOU       ON 01 JUL BDC, 11.99 , -   , 11.99 ,
01/05/2023,9. May'23 to July'23,Q3 - 2023,HALFORDS,HALFORDS                ROMFORD, 479.99 , -   , 479.99 ,
19/06/2023,9. May'23 to July'23,Q3 - 2023,HMCOURTS-SVS.GOV.U,HMCOURTS-SVS.GOV.U       ON 17 JUN BDC, 100.00 , -   , 100.00 ,
26/06/2023,9. May'23 to July'23,Q3 - 2023,HOMARY SERVICE,HOMARY SERVICE (UK       ON 25 JUN BDC, 54.31 , -   , 54.31 ,
12/05/2023,9. May'23 to July'23,Q3 - 2023,HYATT HOUSE,HYATT HOUSE MANCHESTER  MANCHESTER, 50.00 , -   , 50.00 ,
12/05/2023,9. May'23 to July'23,Q3 - 2023,ICO.ORG.UK,WWW.ICO.ORG.UK           ON 11 MAY BDC, 40.00 , -   , 40.00 ,
23/06/2023,9. May'23 to July'23,Q3 - 2023,INSURANCE,INSURANCE REVOLUTI       ON 22 JUN BDC, 512.26 , -   , 512.26 ,
26/02/2023,9. May'23 to July'23,Q3 - 2023,INTEREST CHARGE,INTEREST CHARGE, 41.79 , -   , 41.79 ,
26/03/2023,9. May'23 to July'23,Q3 - 2023,INTEREST CHARGE,INTEREST CHARGE, 10.65 , -   , 10.65 ,
26/04/2023,9. May'23 to July'23,Q3 - 2023,INTEREST CHARGE,INTEREST CHARGE, 151.27 , -   , 151.27 ,
26/05/2023,9. May'23 to July'23,Q3 - 2023,INTEREST CHARGE,INTEREST CHARGE, 8.68 , -   , 8.68 ,
26/06/2023,9. May'23 to July'23,Q3 - 2023,INTEREST CHARGE,INTEREST CHARGE, 127.90 , -   , 127.90 ,
26/07/2023,9. May'23 to July'23,Q3 - 2023,INTEREST CHARGE,INTEREST CHARGE, 122.20 , -   , 122.20 ,
30/06/2022,9. May'23 to July'23,Q3 - 2023,Intrasecure Group,Intrasecure Group - Invoice," 168,000.00 "," 28,000.00 "," 140,000.00 ",
31/07/2023,9. May'23 to July'23,Q3 - 2023,INTUIT LIMITED,Intuit Limited - Intuit Limited Inv : May 23 to Jul 23, 25.20 , 4.20 , 21.00 ,
01/06/2023,9. May'23 to July'23,Q3 - 2023,Khyber Grill London Ilford,Khyber Grill Londo       ON 31 MAY CLP, 85.50 , -   , 85.50 ,
11/07/2023,9. May'23 to July'23,Q3 - 2023,Khyber Grill London Ilford,Khyber chefs            Milton Keynes, 89.98 , -   , 89.98 ,
09/06/2023,9. May'23 to July'23,Q3 - 2023,LawDepot,BLS*LAWDEPOT 0800014891 WILMINGTON, 83.88 , -   , 83.88 ,
09/05/2023,9. May'23 to July'23,Q3 - 2023,LINKEDIN LTD,LINKEDIN SN *01335    IRELAND   ON 05 MAY BDC, 69.98 , -   , 69.98 ,
15/05/2023,9. May'23 to July'23,Q3 - 2023,LINKEDIN LTD,LinkedIn SN 904020    IRELAND   ON 14 MAY BDC, 95.99 , -   , 95.99 ,
06/06/2023,9. May'23 to July'23,Q3 - 2023,LINKEDIN LTD,LinkedIn SN 911038    IRELAND   ON 05 JUN BDC, 69.98 , -   , 69.98 ,
15/06/2023,9. May'23 to July'23,Q3 - 2023,LINKEDIN LTD,LinkedIn SN 914143    IRELAND   ON 14 JUN BDC, 95.99 , 15.99 , 80.00 ,
06/07/2023,9. May'23 to July'23,Q3 - 2023,LINKEDIN LTD,LINKEDIN SN *20723    IRELAND   ON 05 JUL BDC, 69.98 , 11.66 , 58.32 ,
17/07/2023,9. May'23 to July'23,Q3 - 2023,LINKEDIN LTD,LINKEDIN SN *23644    IRELAND   ON 14 JUL BDC, 95.99 , 15.99 , 80.00 ,
17/05/2023,9. May'23 to July'23,Q3 - 2023,LONDON PLUMBING & HEATING SUPPLIES LIMITED,LONDON PLUMBING AN       ON 16 MAY BDC," 1,550.00 ", 258.33 ," 1,291.67 ",
19/05/2023,9. May'23 to July'23,Q3 - 2023,LONDON PLUMBING & HEATING SUPPLIES LIMITED,LONDON PLUMBING AN       ON 18 MAY BDC," 1,941.00 ", 323.50 ," 1,617.50 ",
30/05/2023,9. May'23 to July'23,Q3 - 2023,LONDON PLUMBING & HEATING SUPPLIES LIMITED,LONDON PLUMBING AN       ON 26 MAY CLP, 85.00 , 14.17 , 70.83 ,
05/06/2023,9. May'23 to July'23,Q3 - 2023,LONDON PLUMBING & HEATING SUPPLIES LIMITED,LONDON PLUMBING AN       ON 03 JUN BDC, 579.37 , 96.56 , 482.81 ,
30/06/2023,9. May'23 to July'23,Q3 - 2023,MCDONALDS,MCDONALDS               ROMFORD, 6.93 , -   , 6.93 ,
31/05/2023,9. May'23 to July'23,Q3 - 2023,MFG FALMOUTH,MFG FALMOUTH            FALMOUTH, 111.03 , 18.51 , 92.52 ,
30/05/2023,9. May'23 to July'23,Q3 - 2023,MICROSOFT LIMITED,PAYPAL *MICROSOFT        ON 26 MAY BDC, 10.99 , -   , 10.99 ,
27/06/2023,9. May'23 to July'23,Q3 - 2023,MICROSOFT LIMITED,PAYPAL *MICROSOFT        ON 26 JUN BDC, 10.99 , -   , 10.99 ,
31/07/2023,9. May'23 to July'23,Q3 - 2023,MICROSOFT LIMITED,MSFT - MSFT Inv : May 23 to jul 23, 41.76 , 6.96 , 34.80 ,
25/07/2023,9. May'23 to July'23,Q3 - 2023,MIDJOURNEY INC.,MIDJOURNEY INC.       USA   AMOUNT IN USD   12.0, 9.62 , -   , 9.62 ,
10/04/2023,9. May'23 to July'23,Q3 - 2023,Mobily RIYADH,Mobily                  RIYADH, 38.73 , -   , 38.73 ,
30/05/2023,9. May'23 to July'23,Q3 - 2023,Moxie Security Ltd,MOXIE SECURITY LTD       INVOICED BBP," 3,011.75 ", 501.96 ," 2,509.79 ",
26/06/2023,9. May'23 to July'23,Q3 - 2023,Moxie Security Ltd,MOXIE SECURITY LTD       INVOICED BBP," 2,388.00 ", 398.00 ," 1,990.00 ",
26/07/2023,9. May'23 to July'23,Q3 - 2023,Moxie Security Ltd,MOXIE SECURITY LTD       INVOICED BBP," 3,568.00 ", 594.67 ," 2,973.33 ",
30/06/2023,9. May'23 to July'23,Q3 - 2023,Mughal Multiple Services Ltd ,Mughal Multiple services - Mughal Multiple services - Inv May 23 to Jun 23," 11,999.03 "," 1,999.84 "," 9,999.19 ",
28/07/2023,9. May'23 to July'23,Q3 - 2023,MUSEUM OF THE FUTU,MUSEUM OF THE FUTU    U.A.EMIRATES   AMOUNT IN, 6.52 , -   , 6.52 ,
30/06/2023,9. May'23 to July'23,Q3 - 2023,NAME-CHEAP.COM,Name Cheap.com - Name Cheap.com - Inv May 23 to  Jun 23, 61.56 , -   , 61.56 ,
23/06/2023,9. May'23 to July'23,Q3 - 2023,national parking,NATIONAL PARKING C       ON 22 JUN BDC, 60.00 , -   , 60.00 ,
02/05/2023,9. May'23 to July'23,Q3 - 2023,NDCS,NDCS - NON SUPPORT       PND3137264 DDR, 10.00 , -   , 10.00 ,
01/06/2023,9. May'23 to July'23,Q3 - 2023,NDCS,NDCS - NON SUPPORT       PND3137264 DDR, 10.00 , -   , 10.00 ,
03/07/2023,9. May'23 to July'23,Q3 - 2023,NDCS,NDCS - NON SUPPORT       PND3137264 DDR, 10.00 , -   , 10.00 ,
20/07/2023,9. May'23 to July'23,Q3 - 2023,NOVATECH UK LTD,NOVATECH UK LTD          91960 BBP," 12,000.00 "," 2,000.00 "," 10,000.00 ",
31/07/2023,9. May'23 to July'23,Q3 - 2023,NOVATECH UK LTD,NOVATECH UK LTD          91979 FT," 10,000.00 "," 1,666.67 "," 8,333.33 ",
05/06/2023,9. May'23 to July'23,Q3 - 2023,Now A Ents,NOW 709B1 Ents           ON 04 JUN BDC, 9.99 , -   , 9.99 ,
05/07/2023,9. May'23 to July'23,Q3 - 2023,Now A Ents,NOW 1ED51 Ents           ON 04 JUL BDC, 9.99 , -   , 9.99 ,
26/04/2023,9. May'23 to July'23,Q3 - 2023,Nusr-Et Steakhouse,Nusr-Et Steakhouse Lond London, 313.60 , -   , 313.60 ,
20/06/2023,9. May'23 to July'23,Q3 - 2023,OCTOPUS ENERGY LTD,OCTOPUS ENERGY LTD       ON 19 JUN BDC," 1,107.00 ", 184.50 , 922.50 ,
30/06/2023,9. May'23 to July'23,Q3 - 2023,ONE CALL INSURANCE,One Call Insurance - One Call Insurance - Inv : May 23 to Jun 23, 59.88 , -   , 59.88 ,
30/06/2023,9. May'23 to July'23,Q3 - 2023,One.com,One.Com - One.com - Inv : May 23 to Jun 23, 318.30 , 53.05 , 265.25 ,
11/05/2023,9. May'23 to July'23,Q3 - 2023,ORIEL COLLECTIONS,ORIEL COLLECTIONS        ON 10 MAY BDC, 0.70 , -   , 0.70 ,
10/05/2023,9. May'23 to July'23,Q3 - 2023,Origin Security Limited  ,ORIGINSECURITY LIM       AS PER INVOICE BBP," 35,314.96 "," 5,885.83 "," 29,429.13 ",
13/06/2023,9. May'23 to July'23,Q3 - 2023,Origin Security Limited  ,ORIGINSECURITY LIM       AS PER INVOICE FT," 17,000.00 "," 2,833.33 "," 14,166.67 ",
14/06/2023,9. May'23 to July'23,Q3 - 2023,Origin Security Limited  ,ORIGINSECURITY LIM       AS PER INVOICE FT," 5,247.00 ", 874.50 ," 4,372.50 ",
10/07/2023,9. May'23 to July'23,Q3 - 2023,Origin Security Limited  ,ORIGINSECURITY LIM       AS PER INVOICE BBP," 19,575.57 "," 3,262.60 "," 16,312.97 ",
18/07/2023,9. May'23 to July'23,Q3 - 2023,PARKING EYE,WWW.PARKINGEYE.CO.       ON 17 JUL BDC, 60.00 , -   , 60.00 ,
05/05/2023,9. May'23 to July'23,Q3 - 2023,PASTDUECREDIT,WWW.PASTDUECREDIT.       ON 04 MAY BDC, 197.34 , -   , 197.34 ,
18/05/2023,9. May'23 to July'23,Q3 - 2023,PDFSIMPLI.COM,PDFSIMPLI.COM         USA   ON 17 MAY BDC, 1.00 , -   , 1.00 ,
18/05/2023,9. May'23 to July'23,Q3 - 2023,PDFSIMPLI.COM,PDFSIMPLI.COM         USA   ON 17 MAY BDC, 0.95 , -   , 0.95 ,
02/06/2023,9. May'23 to July'23,Q3 - 2023,PDFSIMPLI.COM,PDFSimpli             USA   ON 01 JUN BDC, 39.95 , -   , 39.95 ,
30/06/2023,9. May'23 to July'23,Q3 - 2023,PDFSIMPLI.COM,PDFSimpli             USA   ON 29 JUN BDC, 39.95 , -   , 39.95 ,
28/07/2023,9. May'23 to July'23,Q3 - 2023,PDFSIMPLI.COM,PDFSimpli             USA   ON 27 JUL BDC, 39.95 , 6.66 , 33.29 ,
31/07/2023,9. May'23 to July'23,Q3 - 2023,Peace UK Security Ltd ,Peace Uk Security - Peace Uk Security - Inv May 23 to Jul 23," 19,501.60 "," 3,250.27 "," 16,251.33 ",
06/07/2023,9. May'23 to July'23,Q3 - 2023,PipedriveUK,PipedriveUK              ON 05 JUL BDC, 71.88 , -   , 71.88 ,
26/05/2023,9. May'23 to July'23,Q3 - 2023,Principal Protection & Events Ltd,ADVANTEDGE COMMERC       14435/PPE BBP," 22,323.68 "," 3,720.61 "," 18,603.07 ",
26/06/2023,9. May'23 to July'23,Q3 - 2023,Principal Protection & Events Ltd,ADVANTEDGE COMMERC       14435 BBP," 20,234.98 "," 3,372.50 "," 16,862.48 ",
26/07/2023,9. May'23 to July'23,Q3 - 2023,Principal Protection & Events Ltd,ADVANTEDGE COMMERC       14435/PPE BBP," 17,914.11 "," 2,985.69 "," 14,928.42 ",
30/05/2023,9. May'23 to July'23,Q3 - 2023,PRISMA SECURITIES,PRISMA SECURITIES        AS INVOICED BBP," 1,218.84 ", 203.14 ," 1,015.70 ",
31/07/2023,9. May'23 to July'23,Q3 - 2023,PROPERTYDATA,Property Data - Property Data : Inv May 23 to Jul 23, 158.40 , -   , 158.40 ,
30/05/2023,9. May'23 to July'23,Q3 - 2023,Prosec Solutions Ltd ,PROSEC SOLUTIONS L       AS INVOICED BBP," 1,689.18 ", 281.53 ," 1,407.65 ",
06/07/2023,9. May'23 to July'23,Q3 - 2023,Prosec Solutions Ltd ,PROSEC SOLUTIONS L       AS INVOICED BBP," 1,029.18 ", 171.53 , 857.65 ,
01/06/2023,9. May'23 to July'23,Q3 - 2023,Radleigh Security & FM Limited,RADLEIGH SECURITY        AS INVOICED BBP," 15,283.13 "," 2,547.19 "," 12,735.94 ",
06/07/2023,9. May'23 to July'23,Q3 - 2023,Radleigh Security & FM Limited,RADLEIGH SECURITY        AS INVOICED BBP," 9,210.49 "," 1,535.08 "," 7,675.41 ",
09/06/2023,9. May'23 to July'23,Q3 - 2023,Ranoush Juice Edgw,Ranoush Juice Edgw       ON 08 JUN CLP, 35.00 , -   , 35.00 ,
10/05/2023,9. May'23 to July'23,Q3 - 2023,Refine Security Services Ltd,REFINE SECURITY SE       AS PER INVOICE BBP," 7,611.81 "," 1,268.64 "," 6,343.17 ",
09/06/2023,9. May'23 to July'23,Q3 - 2023,Refine Security Services Ltd,REFINE SECURITY SE       AS PER INVOICE BBP," 7,309.63 "," 1,218.27 "," 6,091.36 ",
13/07/2023,9. May'23 to July'23,Q3 - 2023,Refine Security Services Ltd,REFINE SECURITY SE       AS PER INVOICE FT," 5,289.07 ", 881.51 ," 4,407.56 ",
30/05/2023,9. May'23 to July'23,Q3 - 2023,RIA Security Ltd,RIA SECURITY LTD         AS INVOICED BBP," 3,428.45 ", 571.41 ," 2,857.04 ",
31/05/2023,9. May'23 to July'23,Q3 - 2023,RKFM Ltd,RK FM Ltd - RK FM Ltd," 3,429.60 ", 571.60 ," 2,858.00 ",
05/07/2023,9. May'23 to July'23,Q3 - 2023,RONTEC EPPING,RONTEC EPPING           BUCKHURST HILL, 126.68 , 21.11 , 105.57 ,
08/06/2023,9. May'23 to July'23,Q3 - 2023,ROYAL GARDEN HOTEL,ROYAL GARDEN HOTEL      LONDON, 32.48 , -   , 32.48 ,
09/04/2023,9. May'23 to July'23,Q3 - 2023,Royal Jordanian ETKT,Royal Jordanian ETKT    Amman, 116.38 , -   , 116.38 ,
09/04/2023,9. May'23 to July'23,Q3 - 2023,Royal Jordanian ETKT,Royal Jordanian ETKT    Amman, 611.06 , -   , 611.06 ,
21/06/2023,9. May'23 to July'23,Q3 - 2023,SAINSBURY'S,SAINSBURY'S             MIDDLETON ST GE, 45.65 , -   , 45.65 ,
31/07/2023,9. May'23 to July'23,Q3 - 2023,SANTANDER CONSUMER,Santander Consumer - Santander Consumer : Inv May 23 to Jul 23," 2,997.21 ", -   ," 2,997.21 ",
06/06/2023,9. May'23 to July'23,Q3 - 2023,SCOTTISH POWER,SCOTTISH POWER           ON 05 JUN BDC," 2,558.41 ", 426.40 ," 2,132.01 ",
31/05/2023,9. May'23 to July'23,Q3 - 2023,Secure FirstFM Ltd,Secure First FM Ltd - Secure First FM Ltd," 4,288.74 ", 714.79 ," 3,573.95 ",
31/07/2023,9. May'23 to July'23,Q3 - 2023,SECURITY ZONE MIDLANDS LIMITED,security Zone - Security Zone," 49,714.66 "," 8,285.78 "," 41,428.88 ",
20/07/2023,9. May'23 to July'23,Q3 - 2023,SHANGRI-LA,SHANGRI-LA AT THE SHARD LONDON, 125.35 , -   , 125.35 ,
29/03/2023,9. May'23 to July'23,Q3 - 2023,SHELL,SHELL RISE PARK 8260526 ROMFORD, 155.89 , 25.98 , 129.91 ,
10/05/2023,9. May'23 to July'23,Q3 - 2023,SILVER LINE GRAPHICS LIMITED,SILVER LINE GRAPHI       3668 BBP, 144.00 , -   , 144.00 ,
18/07/2023,9. May'23 to July'23,Q3 - 2023,SMYTHS TOYS,SMYTHS TOYS              ON 16 JUL BDC, 339.98 , -   , 339.98 ,
02/05/2023,9. May'23 to July'23,Q3 - 2023,St Mungo's,ST MUNGOS COMMUNIT       IHS101193 DDR, 10.00 , -   , 10.00 ,
01/06/2023,9. May'23 to July'23,Q3 - 2023,St Mungo's,ST MUNGOS COMMUNIT       IHS101193 DDR, 10.00 , -   , 10.00 ,
03/07/2023,9. May'23 to July'23,Q3 - 2023,St Mungo's,ST MUNGOS COMMUNIT       IHS101193 DDR, 10.00 , -   , 10.00 ,
13/07/2023,9. May'23 to July'23,Q3 - 2023,TFL BUSINESS,TFL BUSINESS BOPS        ON 11 JUL BDC, 15.00 , -   , 15.00 ,
12/07/2023,9. May'23 to July'23,Q3 - 2023,THE INTERNATIONAL HOTEL LONDON,THE INTERNATIONAL HOTEL LONDON, 129.00 , -   , 129.00 ,
01/07/2023,9. May'23 to July'23,Q3 - 2023,THE RANGE ROMFORD,THE RANGE ROMFORD       ROMFORD, 78.53 , 13.09 , 65.44 ,
15/07/2023,9. May'23 to July'23,Q3 - 2023,THE RANGE ROMFORD,THE RANGE ROMFORD       ROMFORD, 609.94 , 101.66 , 508.28 ,
01/07/2023,9. May'23 to July'23,Q3 - 2023,THE RANGE THURROCK,THE RANGE THURROCK      THURROCK, 17.98 , 3.00 , 14.98 ,
01/07/2023,9. May'23 to July'23,Q3 - 2023,THE RANGE THURROCK,THE RANGE THURROCK      THURROCK, 261.52 , 43.59 , 217.93 ,
18/07/2023,9. May'23 to July'23,Q3 - 2023,TV LICENCE,TV LICENCE MBP        4159131117   FIRST DDR P, 26.50 , -   , 26.50 ,
30/06/2023,9. May'23 to July'23,Q3 - 2023,UK Force Services Limited,UK Force Services - UK Force Services - Inv May 23 to Jun 23," 1,060.00 ", 176.67 , 883.33 ,
15/05/2023,9. May'23 to July'23,Q3 - 2023,UK VISA,C2E853400116K UKVI       ON 13 MAY BDC, 199.00 , -   , 199.00 ,
26/06/2023,9. May'23 to July'23,Q3 - 2023,UK VISA,UKVI 3070038273046    AMOUNT IN PKR   143463.0, 404.32 , -   , 404.32 ,
31/07/2023,9. May'23 to July'23,Q3 - 2023,VERISURE SERVICES,Verisure Services - Verisure Services, 358.17 , 59.69 , 298.48 ,
26/06/2023,9. May'23 to July'23,Q3 - 2023,VFS VISA FEE,VFS VISA FEE             ON 23 JUN BDC, 252.54 , -   , 252.54 ,
26/06/2023,9. May'23 to July'23,Q3 - 2023,VITAL GUARDING FM ,VITAL GUARDING FM        AS PER INVOICE BBP," 5,502.90 ", 917.15 ," 4,585.75 ",
06/07/2023,9. May'23 to July'23,Q3 - 2023,VITAL GUARDING FM ,VITAL GUARDING FM        AS PER INVOICE BBP, 79.20 , 13.20 , 66.00 ,
26/07/2023,9. May'23 to July'23,Q3 - 2023,VITAL GUARDING FM ,VITAL GUARDING FM        AS PER INVOICE BBP," 4,735.20 ", 789.20 ," 3,946.00 ",
26/05/2023,9. May'23 to July'23,Q3 - 2023,VOLKSWAGEN FINANCIAL Services,VWFS UK LIMITED          0000440142892015 DDR, 22.49 , -   , 22.49 ,
26/06/2023,9. May'23 to July'23,Q3 - 2023,VOLKSWAGEN FINANCIAL Services,VWFS UK LIMITED          0000440142892015 DDR, 22.49 , -   , 22.49 ,
26/07/2023,9. May'23 to July'23,Q3 - 2023,VOLKSWAGEN FINANCIAL Services,VWFS UK LIMITED          0000440142892015 DDR, 22.49 , -   , 22.49 ,
05/03/2023,9. May'23 to July'23,Q3 - 2023,Wages,JOHN LEWIS DIRECT       LONDON, 334.99 , 55.83 , 279.16 ,
09/05/2023,9. May'23 to July'23,Q3 - 2023,Wages,ABDUL AREEF SHAIK        PAY GRP, 823.00 , -   , 823.00 ,
09/05/2023,9. May'23 to July'23,Q3 - 2023,Wages,ABDUL RAMEEZ SHEIK       PAY GRP, 802.00 , -   , 802.00 ,
09/05/2023,9. May'23 to July'23,Q3 - 2023,Wages,ABDUL SAMAD              PAY GRP, 813.00 , -   , 813.00 ,
09/05/2023,9. May'23 to July'23,Q3 - 2023,Wages,AMRUTH GALI              PAY GRP, 792.00 , -   , 792.00 ,
09/05/2023,9. May'23 to July'23,Q3 - 2023,Wages,ARUN KUMAR KOLIMI        PAY GRP, 750.00 , -   , 750.00 ,
09/05/2023,9. May'23 to July'23,Q3 - 2023,Wages,FAWAD KHAN               PAY GRP, 750.00 , -   , 750.00 ,
09/05/2023,9. May'23 to July'23,Q3 - 2023,Wages,HARSHA VARDHAN RED       PAY GRP, 834.00 , -   , 834.00 ,
09/05/2023,9. May'23 to July'23,Q3 - 2023,Wages,IQRA NAZIR               PAY GRP, 750.00 , -   , 750.00 ,
09/05/2023,9. May'23 to July'23,Q3 - 2023,Wages,KALEEM AHTESHAM          PAY GRP, 625.00 , -   , 625.00 ,
09/05/2023,9. May'23 to July'23,Q3 - 2023,Wages,MAMATHA CHIKATIMAM       PAY GRP, 89.00 , -   , 89.00 ,
09/05/2023,9. May'23 to July'23,Q3 - 2023,Wages,MITESHKUMAR PATEL        PAY GRP, 89.00 , -   , 89.00 ,
09/05/2023,9. May'23 to July'23,Q3 - 2023,Wages,MITHRA SENA KONTHA       PAY GRP, 823.00 , -   , 823.00 ,
09/05/2023,9. May'23 to July'23,Q3 - 2023,Wages,MOHAMMED ABDUL QAD       PAY GRP, 521.00 , -   , 521.00 ,
09/05/2023,9. May'23 to July'23,Q3 - 2023,Wages,MOHAMMED ARBAAZ LA       PAY GRP, 771.00 , -   , 771.00 ,
09/05/2023,9. May'23 to July'23,Q3 - 2023,Wages,MOHD SAIF M MITHAW       PAY GRP, 823.00 , -   , 823.00 ,
09/05/2023,9. May'23 to July'23,Q3 - 2023,Wages,MR A A KHAN              PAY GRP, 125.00 , -   , 125.00 ,
09/05/2023,9. May'23 to July'23,Q3 - 2023,Wages,MR ADNAN KHAN            PAY GRP, 813.00 , -   , 813.00 ,
09/05/2023,9. May'23 to July'23,Q3 - 2023,Wages,MR KAMRAN MALIK          PAY GRP, 189.00 , -   , 189.00 ,
09/05/2023,9. May'23 to July'23,Q3 - 2023,Wages,MUHAMMAD ASIF            PAY GRP, 823.00 , -   , 823.00 ,
09/05/2023,9. May'23 to July'23,Q3 - 2023,Wages,MUHAMMAD AWAIS           PAY GRP, 834.00 , -   , 834.00 ,
09/05/2023,9. May'23 to July'23,Q3 - 2023,Wages,MUHAMMAD BABAR           PAY GRP, 808.00 , -   , 808.00 ,
09/05/2023,9. May'23 to July'23,Q3 - 2023,Wages,MUHAMMAD SALMAN VI       PAY GRP, 792.00 , -   , 792.00 ,
09/05/2023,9. May'23 to July'23,Q3 - 2023,Wages,MUNAF AHMED SYED         PAY GRP, 813.00 , -   , 813.00 ,
09/05/2023,9. May'23 to July'23,Q3 - 2023,Wages,MUNEEB KHAN              PAY GRP, 813.00 , -   , 813.00 ,
09/05/2023,9. May'23 to July'23,Q3 - 2023,Wages,NAQASH KHAN              PAY GRP, 83.00 , -   , 83.00 ,
09/05/2023,9. May'23 to July'23,Q3 - 2023,Wages,NIROSHA RAMAVATH         PAY GRP, 82.00 , -   , 82.00 ,
09/05/2023,9. May'23 to July'23,Q3 - 2023,Wages,PRANAY VAANKAAR          PAY GRP, 875.00 , -   , 875.00 ,
09/05/2023,9. May'23 to July'23,Q3 - 2023,Wages,RAB KHAN                 PAY GRP, 740.00 , -   , 740.00 ,
09/05/2023,9. May'23 to July'23,Q3 - 2023,Wages,S MIRZA                  PAY GRP, 813.00 , -   , 813.00 ,
09/05/2023,9. May'23 to July'23,Q3 - 2023,Wages,SAQLAIN HAYDER           PAY GRP, 146.00 , -   , 146.00 ,
09/05/2023,9. May'23 to July'23,Q3 - 2023,Wages,SHILPI BEGUM             PAY GRP, 719.00 , -   , 719.00 ,
09/05/2023,9. May'23 to July'23,Q3 - 2023,Wages,TADI SHRENU VIJAY        PAY GRP, 813.00 , -   , 813.00 ,
09/05/2023,9. May'23 to July'23,Q3 - 2023,Wages,UMAIR TARIQ              PAY GRP, 375.00 , -   , 375.00 ,
09/05/2023,9. May'23 to July'23,Q3 - 2023,Wages,UMER HAYAT KHALIL        PAY GRP, 755.00 , -   , 755.00 ,
09/05/2023,9. May'23 to July'23,Q3 - 2023,Wages,UMME SANA                PAY GRP," 1,042.00 ", -   ," 1,042.00 ",
09/05/2023,9. May'23 to July'23,Q3 - 2023,Wages,USAMA SAEED              PAY GRP, 729.00 , -   , 729.00 ,
09/05/2023,9. May'23 to July'23,Q3 - 2023,Wages,USAMA SAJJAD             PAY GRP, 792.00 , -   , 792.00 ,
09/05/2023,9. May'23 to July'23,Q3 - 2023,Wages,VINOD AKENA              PAY GRP, 834.00 , -   , 834.00 ,
09/05/2023,9. May'23 to July'23,Q3 - 2023,Wages,YUVA RAJ BANOTH          PAY GRP, 834.00 , -   , 834.00 ,
10/05/2023,9. May'23 to July'23,Q3 - 2023,Wages,ABDULLAH FAISAL SH       PAY GRP," 1,000.00 ", -   ," 1,000.00 ",
10/05/2023,9. May'23 to July'23,Q3 - 2023,Wages,ADAM KHAN                PAY GRP, 500.00 , -   , 500.00 ,
10/05/2023,9. May'23 to July'23,Q3 - 2023,Wages,ALI HASSNAIN             PAY GRP, 94.00 , -   , 94.00 ,
10/05/2023,9. May'23 to July'23,Q3 - 2023,Wages,AMEER HAMZA              PAY GRP, 625.00 , -   , 625.00 ,
10/05/2023,9. May'23 to July'23,Q3 - 2023,Wages,ASAD AZEEM               PAY GRP, 125.00 , -   , 125.00 ,
10/05/2023,9. May'23 to July'23,Q3 - 2023,Wages,BATHULA JATIN            PAY GRP, 99.00 , -   , 99.00 ,
10/05/2023,9. May'23 to July'23,Q3 - 2023,Wages,BAZID KHAN               PAY GRP, 729.00 , -   , 729.00 ,
10/05/2023,9. May'23 to July'23,Q3 - 2023,Wages,HAIDER ALI               PAY GRP, 412.00 , -   , 412.00 ,
10/05/2023,9. May'23 to July'23,Q3 - 2023,Wages,IEBAD RASHID             PAY GRP, 125.00 , -   , 125.00 ,
10/05/2023,9. May'23 to July'23,Q3 - 2023,Wages,JAWARIA KHALID           PAY BBP," 4,147.80 ", -   ," 4,147.80 ",
10/05/2023,9. May'23 to July'23,Q3 - 2023,Wages,MR MUHAMMAD KHAN         PAY GRP, 312.00 , -   , 312.00 ,
10/05/2023,9. May'23 to July'23,Q3 - 2023,Wages,MUHAMMAD ASIF            PAY GRP, 83.00 , -   , 83.00 ,
10/05/2023,9. May'23 to July'23,Q3 - 2023,Wages,MUHAMMAD ASIF            PAY1 GRP, 797.00 , -   , 797.00 ,
10/05/2023,9. May'23 to July'23,Q3 - 2023,Wages,MUHAMMAD FARAZ           PAY GRP, 625.00 , -   , 625.00 ,
10/05/2023,9. May'23 to July'23,Q3 - 2023,Wages,MUHAMMAD IHSANULLA       PAY GRP, 625.00 , -   , 625.00 ,
10/05/2023,9. May'23 to July'23,Q3 - 2023,Wages,MUHAMMAD UZAIR MUN       PAY GRP, 99.00 , -   , 99.00 ,
10/05/2023,9. May'23 to July'23,Q3 - 2023,Wages,MUHAMMAD WASIF           PAY GRP, 813.00 , -   , 813.00 ,
10/05/2023,9. May'23 to July'23,Q3 - 2023,Wages,MUHAMMAD ZEESHAN         PAY BBP," 1,151.56 ", -   ," 1,151.56 ",
10/05/2023,9. May'23 to July'23,Q3 - 2023,Wages,MUHAMMAD ZEESHAN T       PAY GRP, 808.00 , -   , 808.00 ,
10/05/2023,9. May'23 to July'23,Q3 - 2023,Wages,NOOR UL HASSAN           PAY GRP, 104.00 , -   , 104.00 ,
10/05/2023,9. May'23 to July'23,Q3 - 2023,Wages,RAHAT ABBAS              PAY GRP, 557.00 , -   , 557.00 ,
10/05/2023,9. May'23 to July'23,Q3 - 2023,Wages,RAJAB ALI                PAY GRP, 229.00 , -   , 229.00 ,
10/05/2023,9. May'23 to July'23,Q3 - 2023,Wages,RANJITH KUMAR THOT       PAY GRP, 250.00 , -   , 250.00 ,
10/05/2023,9. May'23 to July'23,Q3 - 2023,Wages,RIZWAN RAZA              PAY GRP, 99.00 , -   , 99.00 ,
10/05/2023,9. May'23 to July'23,Q3 - 2023,Wages,SAQIB TAMIMI             PAY GRP, 125.00 , -   , 125.00 ,
10/05/2023,9. May'23 to July'23,Q3 - 2023,Wages,SYED HAMZA BOKHARI       PAY GRP, 83.00 , -   , 83.00 ,
10/05/2023,9. May'23 to July'23,Q3 - 2023,Wages,TAIMUR KHAN              PAY GRP, 352.00 , -   , 352.00 ,
10/05/2023,9. May'23 to July'23,Q3 - 2023,Wages,WASIM SAJJAD             PAY GRP, 167.00 , -   , 167.00 ,
10/05/2023,9. May'23 to July'23,Q3 - 2023,Wages,YOUSUF BAHEER            EXP GRP, 1.00 , -   , 1.00 ,
10/05/2023,9. May'23 to July'23,Q3 - 2023,Wages,YOUSUF BAHEER            PAY GRP, 124.00 , -   , 124.00 ,
10/05/2023,9. May'23 to July'23,Q3 - 2023,Wages,ZULFIQAR AHMAD           PAY GRP, 78.00 , -   , 78.00 ,
12/05/2023,9. May'23 to July'23,Q3 - 2023,Wages,HAROLD PARK SERVICE STA ROMFORD, 146.67 , 24.45 , 122.22 ,
15/05/2023,9. May'23 to July'23,Q3 - 2023,Wages,AUDRONE URBONIENE        CLEANING FT, 80.00 , -   , 80.00 ,
26/05/2023,9. May'23 to July'23,Q3 - 2023,Wages,H M E MOHAMED            PAY FT," 1,000.32 ", -   ," 1,000.32 ",
28/05/2023,9. May'23 to July'23,Q3 - 2023,Wages,HAROLD PARK SERVICE STA ROMFORD, 93.22 , 15.54 , 77.68 ,
30/05/2023,9. May'23 to July'23,Q3 - 2023,Wages,AUDRONE URBONIENE        CLEANING FT, 80.00 , -   , 80.00 ,
05/06/2023,9. May'23 to July'23,Q3 - 2023,Wages,AUDRONE URBONIENE        CLEANING FT, 110.00 , -   , 110.00 ,
05/06/2023,9. May'23 to July'23,Q3 - 2023,Wages,MOHAMMAD IQBAL           BOILER INSTALATION FT, 950.00 , -   , 950.00 ,
09/06/2023,9. May'23 to July'23,Q3 - 2023,Wages,ABDUL AREEF SHAIK        PAY GRP, 750.24 , -   , 750.24 ,
09/06/2023,9. May'23 to July'23,Q3 - 2023,Wages,ABDUL RAMEEZ SHEIK       PAY GRP, 750.24 , -   , 750.24 ,
09/06/2023,9. May'23 to July'23,Q3 - 2023,Wages,ABDUL SAMAD              PAY GRP, 833.60 , -   , 833.60 ,
09/06/2023,9. May'23 to July'23,Q3 - 2023,Wages,ADEEL ABBAS              PAY GRP, 750.24 , -   , 750.24 ,
09/06/2023,9. May'23 to July'23,Q3 - 2023,Wages,ALI HASSNAIN             PAY GRP," 1,309.71 ", -   ," 1,309.71 ",
09/06/2023,9. May'23 to July'23,Q3 - 2023,Wages,AMEER HAMZA              PAY GRP, 792.48 , -   , 792.48 ,
09/06/2023,9. May'23 to July'23,Q3 - 2023,Wages,AMRUTH GALI              PAY GRP, 833.60 , -   , 833.60 ,
09/06/2023,9. May'23 to July'23,Q3 - 2023,Wages,ASAD ALI                 PAY GRP, 333.44 , -   , 333.44 ,
09/06/2023,9. May'23 to July'23,Q3 - 2023,Wages,ASAD AZEEM               PAY GRP, 750.24 , -   , 750.24 ,
09/06/2023,9. May'23 to July'23,Q3 - 2023,Wages,BAZID KHAN               PAY GRP, 603.38 , -   , 603.38 ,
09/06/2023,9. May'23 to July'23,Q3 - 2023,Wages,DHWANIT GANDHI           PAY GRP, 333.44 , -   , 333.44 ,
09/06/2023,9. May'23 to July'23,Q3 - 2023,Wages,FAWAD AHMAD KHAN         PAY GRP, 750.24 , -   , 750.24 ,
09/06/2023,9. May'23 to July'23,Q3 - 2023,Wages,HAIDER ALI               PAY GRP, 144.00 , -   , 144.00 ,
09/06/2023,9. May'23 to July'23,Q3 - 2023,Wages,HARSHA VARDHAN RED       PAY GRP, 833.05 , -   , 833.05 ,
09/06/2023,9. May'23 to July'23,Q3 - 2023,Wages,HASSAN KHAN              PAY GRP, 427.22 , -   , 427.22 ,
09/06/2023,9. May'23 to July'23,Q3 - 2023,Wages,IQRA NAZIR               PAY GRP, 828.39 , -   , 828.39 ,
09/06/2023,9. May'23 to July'23,Q3 - 2023,Wages,IRFAN MOHAMMED           PAY GRP, 479.32 , -   , 479.32 ,
09/06/2023,9. May'23 to July'23,Q3 - 2023,Wages,KADIR SUNNY              PAY GRP, 599.15 , -   , 599.15 ,
09/06/2023,9. May'23 to July'23,Q3 - 2023,Wages,KALEEM AHTESHAM          EXP GRP, 1.34 , -   , 1.34 ,
09/06/2023,9. May'23 to July'23,Q3 - 2023,Wages,KALEEM AHTESHAM          PAY GRP, 801.00 , -   , 801.00 ,
09/06/2023,9. May'23 to July'23,Q3 - 2023,Wages,MITHRA SENA KONTHA       PAY GRP, 250.08 , -   , 250.08 ,
09/06/2023,9. May'23 to July'23,Q3 - 2023,Wages,MOHAMMED ABDUL QAD       PAY GRP, 187.56 , -   , 187.56 ,
09/06/2023,9. May'23 to July'23,Q3 - 2023,Wages,MOHAMMED ARBAAZ LA       PAY GRP, 791.92 , -   , 791.92 ,
09/06/2023,9. May'23 to July'23,Q3 - 2023,Wages,MOHD SAIF M MITHAW       PAY GRP, 786.71 , -   , 786.71 ,
09/06/2023,9. May'23 to July'23,Q3 - 2023,Wages,MR A A KHAN              PAY GRP, 823.18 , -   , 823.18 ,
09/06/2023,9. May'23 to July'23,Q3 - 2023,Wages,MR ADNAN KHAN            PAY GRP, 646.04 , -   , 646.04 ,
09/06/2023,9. May'23 to July'23,Q3 - 2023,Wages,MR MUHAMMAD S SHAH       PAY GRP, 125.04 , -   , 125.04 ,
09/06/2023,9. May'23 to July'23,Q3 - 2023,Wages,MUDASSAR JAVED           PAY GRP, 552.26 , -   , 552.26 ,
09/06/2023,9. May'23 to July'23,Q3 - 2023,Wages,MUHAMMAD ARIF            PAY GRP, 104.20 , -   , 104.20 ,
09/06/2023,9. May'23 to July'23,Q3 - 2023,Wages,MUHAMMAD ARSAL           PAY GRP, 104.20 , -   , 104.20 ,
09/06/2023,9. May'23 to July'23,Q3 - 2023,Wages,MUHAMMAD ASIF            PAY GRP, 739.82 , -   , 739.82 ,
09/06/2023,9. May'23 to July'23,Q3 - 2023,Wages,MUHAMMAD AWAIS           PAY GRP, 291.76 , -   , 291.76 ,
09/06/2023,9. May'23 to July'23,Q3 - 2023,Wages,MUHAMMAD BABAR           PAY GRP, 825.40 , -   , 825.40 ,
09/06/2023,9. May'23 to July'23,Q3 - 2023,Wages,MUHAMMAD FARAZ           PAY GRP, 750.24 , -   , 750.24 ,
09/06/2023,9. May'23 to July'23,Q3 - 2023,Wages,MUHAMMAD SALMAN VI       PAY GRP, 802.32 , -   , 802.32 ,
09/06/2023,9. May'23 to July'23,Q3 - 2023,Wages,MUHAMMAD USMAN           PAY GRP, 250.08 , -   , 250.08 ,
09/06/2023,9. May'23 to July'23,Q3 - 2023,Wages,MUHAMMAD ZEESHAN         PAY GRP," 1,151.56 ", -   ," 1,151.56 ",
09/06/2023,9. May'23 to July'23,Q3 - 2023,Wages,MUHAMMAD ZEESHAN T       PAY GRP, 291.76 , -   , 291.76 ,
09/06/2023,9. May'23 to July'23,Q3 - 2023,Wages,MUNAF AHMED SYED         PAY GRP, 739.82 , -   , 739.82 ,
09/06/2023,9. May'23 to July'23,Q3 - 2023,Wages,MUNEEB KHAN              PAY GRP, 771.08 , -   , 771.08 ,
09/06/2023,9. May'23 to July'23,Q3 - 2023,Wages,NASER MOHAMMED           PAY GRP, 187.56 , -   , 187.56 ,
09/06/2023,9. May'23 to July'23,Q3 - 2023,Wages,NOORYALAI JABARKHA       PAY GRP, 765.87 , -   , 765.87 ,
09/06/2023,9. May'23 to July'23,Q3 - 2023,Wages,PRANAY VAANKAAR          PAY GRP, 750.24 , -   , 750.24 ,
09/06/2023,9. May'23 to July'23,Q3 - 2023,Wages,RAB KHAN                 PAY GRP, 718.98 , -   , 718.98 ,
09/06/2023,9. May'23 to July'23,Q3 - 2023,Wages,RAHAT ABBAS              PAY GRP, 517.24 , -   , 517.24 ,
09/06/2023,9. May'23 to July'23,Q3 - 2023,Wages,RAJWINDER KAUR           PAY GRP, 83.36 , -   , 83.36 ,
09/06/2023,9. May'23 to July'23,Q3 - 2023,Wages,S MIRZA                  PAY GRP, 771.08 , -   , 771.08 ,
09/06/2023,9. May'23 to July'23,Q3 - 2023,Wages,SAHIL SAHIL              PAY GRP, 530.88 , -   , 530.88 ,
09/06/2023,9. May'23 to July'23,Q3 - 2023,Wages,SAQLAIN HAYDER           PAY GRP, 595.66 , -   , 595.66 ,
09/06/2023,9. May'23 to July'23,Q3 - 2023,Wages,SHAHID HUSSAIN           PAY GRP, 812.76 , -   , 812.76 ,
09/06/2023,9. May'23 to July'23,Q3 - 2023,Wages,SHEHARYAR MEHMOOD        PAY GRP, 604.36 , -   , 604.36 ,
09/06/2023,9. May'23 to July'23,Q3 - 2023,Wages,TADI SHRENU VIJAY        PAY GRP, 615.59 , -   , 615.59 ,
09/06/2023,9. May'23 to July'23,Q3 - 2023,Wages,UMAIR TARIQ              PAY GRP, 625.20 , -   , 625.20 ,
09/06/2023,9. May'23 to July'23,Q3 - 2023,Wages,UMER HAYAT KHALIL        PAY GRP, 224.03 , -   , 224.03 ,
09/06/2023,9. May'23 to July'23,Q3 - 2023,Wages,UMER IQBAL               PAY GRP, 83.36 , -   , 83.36 ,
09/06/2023,9. May'23 to July'23,Q3 - 2023,Wages,USAMA SAEED              PAY GRP, 617.74 , -   , 617.74 ,
09/06/2023,9. May'23 to July'23,Q3 - 2023,Wages,USAMA SAJJAD             PAY GRP, 833.60 , -   , 833.60 ,
09/06/2023,9. May'23 to July'23,Q3 - 2023,Wages,VINOD AKENA              PAY GRP, 833.60 , -   , 833.60 ,
09/06/2023,9. May'23 to July'23,Q3 - 2023,Wages,YUVA RAJ BANOTH          PAY GRP, 621.44 , -   , 621.44 ,
12/06/2023,9. May'23 to July'23,Q3 - 2023,Wages,JAWARIA KHALID           PAY BBP," 4,147.39 ", -   ," 4,147.39 ",
19/06/2023,9. May'23 to July'23,Q3 - 2023,Wages,AUDRONE URBONIENE        CLEANING FT, 80.00 , -   , 80.00 ,
26/06/2023,9. May'23 to July'23,Q3 - 2023,Wages,AUDRONE URBONIENE        CLEANING FT, 80.00 , -   , 80.00 ,
26/06/2023,9. May'23 to July'23,Q3 - 2023,Wages,H M E MOHAMED            PAY BBP," 1,000.32 ", -   ," 1,000.32 ",
26/06/2023,9. May'23 to July'23,Q3 - 2023,Wages,SHAFQAT IQBAL            BUILDING LABOUR BBP, 830.00 , -   , 830.00 ,
10/07/2023,9. May'23 to July'23,Q3 - 2023,Wages,AAYUSH AGGARWAL          PAY GRP, 750.24 , -   , 750.24 ,
10/07/2023,9. May'23 to July'23,Q3 - 2023,Wages,ABDUL ABUZAR             PAY GRP, 145.88 , -   , 145.88 ,
10/07/2023,9. May'23 to July'23,Q3 - 2023,Wages,ABDUL RAMEEZ SHEIK       PAY GRP, 593.94 , -   , 593.94 ,
10/07/2023,9. May'23 to July'23,Q3 - 2023,Wages,ABDUL REHMAN             PAY GRP, 96.00 , -   , 96.00 ,
10/07/2023,9. May'23 to July'23,Q3 - 2023,Wages,ABDUL SAMAD              PAY GRP, 812.76 , -   , 812.76 ,
10/07/2023,9. May'23 to July'23,Q3 - 2023,Wages,ABDULLAH BIN RAMZA       PAY GRP, 62.52 , -   , 62.52 ,
10/07/2023,9. May'23 to July'23,Q3 - 2023,Wages,ADEEL ABBAS              PAY GRP, 750.24 , -   , 750.24 ,
10/07/2023,9. May'23 to July'23,Q3 - 2023,Wages,AFRID SHAIK              PAY GRP, 291.76 , -   , 291.76 ,
10/07/2023,9. May'23 to July'23,Q3 - 2023,Wages,AFZAAL MAJEED            PAY GRP," 1,638.74 ", -   ," 1,638.74 ",
10/07/2023,9. May'23 to July'23,Q3 - 2023,Wages,AFZAL HASNAN             PAY GRP, 791.92 , -   , 791.92 ,
10/07/2023,9. May'23 to July'23,Q3 - 2023,Wages,AHTISHAM RAHEEM          PAY GRP, 135.46 , -   , 135.46 ,
10/07/2023,9. May'23 to July'23,Q3 - 2023,Wages,ALI HASSNAIN             PAY GRP, 868.00 , -   , 868.00 ,
10/07/2023,9. May'23 to July'23,Q3 - 2023,Wages,AMEER HAMZA              PAY GRP, 783.64 , -   , 783.64 ,
10/07/2023,9. May'23 to July'23,Q3 - 2023,Wages,AMRUTH GALI              PAY GRP, 771.08 , -   , 771.08 ,
10/07/2023,9. May'23 to July'23,Q3 - 2023,Wages,ASAD ALI                 PAY GRP, 260.50 , -   , 260.50 ,
10/07/2023,9. May'23 to July'23,Q3 - 2023,Wages,ASAD AZEEM               PAY GRP, 250.08 , -   , 250.08 ,
10/07/2023,9. May'23 to July'23,Q3 - 2023,Wages,ASIM MOHAMMAD BEGU       PAY GRP, 125.04 , -   , 125.04 ,
10/07/2023,9. May'23 to July'23,Q3 - 2023,Wages,ATIF SHAHZAD             PAY GRP, 145.88 , -   , 145.88 ,
10/07/2023,9. May'23 to July'23,Q3 - 2023,Wages,AWAIS TANVEER            PAY GRP, 500.16 , -   , 500.16 ,
10/07/2023,9. May'23 to July'23,Q3 - 2023,Wages,FAWAD AHMAD KHAN         PAY GRP, 750.24 , -   , 750.24 ,
10/07/2023,9. May'23 to July'23,Q3 - 2023,Wages,FIDA HUSSAIN             PAY GRP, 385.54 , -   , 385.54 ,
10/07/2023,9. May'23 to July'23,Q3 - 2023,Wages,HAIDER ALI               PAY GRP, 458.48 , -   , 458.48 ,
10/07/2023,9. May'23 to July'23,Q3 - 2023,Wages,HARSHA VARDHAN RED       PAY GRP, 833.60 , -   , 833.60 ,
10/07/2023,9. May'23 to July'23,Q3 - 2023,Wages,HASSAN KHAN              PAY GRP, 750.24 , -   , 750.24 ,
10/07/2023,9. May'23 to July'23,Q3 - 2023,Wages,IQRA MUNAWAR             PAY GRP, 625.20 , -   , 625.20 ,
10/07/2023,9. May'23 to July'23,Q3 - 2023,Wages,IQRA NAZIR               PAY GRP, 791.92 , -   , 791.92 ,
10/07/2023,9. May'23 to July'23,Q3 - 2023,Wages,KADIR SUNNY              PAY GRP," 1,000.32 ", -   ," 1,000.32 ",
10/07/2023,9. May'23 to July'23,Q3 - 2023,Wages,M A MEDIN                PAY GRP," 2,847.83 ", -   ," 2,847.83 ",
10/07/2023,9. May'23 to July'23,Q3 - 2023,Wages,MASOOM ALI               PAY GRP, 135.46 , -   , 135.46 ,
10/07/2023,9. May'23 to July'23,Q3 - 2023,Wages,MD JOBAYER BHUIYAN       PAY GRP, 666.88 , -   , 666.88 ,
10/07/2023,9. May'23 to July'23,Q3 - 2023,Wages,MOHAMMED ABDUL QAD       PAY GRP, 750.24 , -   , 750.24 ,
10/07/2023,9. May'23 to July'23,Q3 - 2023,Wages,MOHAMMED ADIL ANSA       PAY GRP, 96.00 , -   , 96.00 ,
10/07/2023,9. May'23 to July'23,Q3 - 2023,Wages,MOHAMMED ARBAAZ LA       PAY GRP, 595.91 , -   , 595.91 ,
10/07/2023,9. May'23 to July'23,Q3 - 2023,Wages,MOHD SAIF M MITHAW       PAY GRP, 489.74 , -   , 489.74 ,
10/07/2023,9. May'23 to July'23,Q3 - 2023,Wages,MR A A KHAN              PAY GRP, 833.60 , -   , 833.60 ,
10/07/2023,9. May'23 to July'23,Q3 - 2023,Wages,MR ADNAN KHAN            PAY GRP, 833.60 , -   , 833.60 ,
10/07/2023,9. May'23 to July'23,Q3 - 2023,Wages,MR LUKMAN AFOSHO         PAY GRP," 1,446.18 ", -   ," 1,446.18 ",
10/07/2023,9. May'23 to July'23,Q3 - 2023,Wages,MS I LIAQUAT             PAY GRP, 250.08 , -   , 250.08 ,
10/07/2023,9. May'23 to July'23,Q3 - 2023,Wages,MUHAMMAD A A KHAN        PAY GRP, 93.78 , -   , 93.78 ,
10/07/2023,9. May'23 to July'23,Q3 - 2023,Wages,MUHAMMAD AQDAS BUT       PAY GRP, 83.36 , -   , 83.36 ,
10/07/2023,9. May'23 to July'23,Q3 - 2023,Wages,MUHAMMAD ARIF            PAY GRP, 187.56 , -   , 187.56 ,
10/07/2023,9. May'23 to July'23,Q3 - 2023,Wages,MUHAMMAD ASIF            PAY GRP, 750.24 , -   , 750.24 ,
10/07/2023,9. May'23 to July'23,Q3 - 2023,Wages,MUHAMMAD FARAZ           PAY GRP, 750.24 , -   , 750.24 ,
10/07/2023,9. May'23 to July'23,Q3 - 2023,Wages,MUHAMMAD HARIS           PAY GRP, 83.36 , -   , 83.36 ,
10/07/2023,9. May'23 to July'23,Q3 - 2023,Wages,MUHAMMAD NISAR           PAY GRP, 750.24 , -   , 750.24 ,
10/07/2023,9. May'23 to July'23,Q3 - 2023,Wages,MUHAMMAD SALMAN VI       PAY GRP, 828.00 , -   , 828.00 ,
10/07/2023,9. May'23 to July'23,Q3 - 2023,Wages,MUHAMMAD USMAN           PAY GRP, 125.04 , -   , 125.04 ,
10/07/2023,9. May'23 to July'23,Q3 - 2023,Wages,MUHAMMAD USMAN           PAY GRP, 83.36 , -   , 83.36 ,
10/07/2023,9. May'23 to July'23,Q3 - 2023,Wages,MUHAMMAD UZAIR MUN       PAY GRP, 414.72 , -   , 414.72 ,
10/07/2023,9. May'23 to July'23,Q3 - 2023,Wages,MUHAMMAD ZEESHAN         PAY GRP," 1,151.56 ", -   ," 1,151.56 ",
10/07/2023,9. May'23 to July'23,Q3 - 2023,Wages,MUHAMMAD ZEESHAN T       PAY GRP, 575.32 , -   , 575.32 ,
10/07/2023,9. May'23 to July'23,Q3 - 2023,Wages,MUHAMMAD ZIAULDIN        PAY GRP, 812.76 , -   , 812.76 ,
10/07/2023,9. May'23 to July'23,Q3 - 2023,Wages,MUNAF AHMED SYED         PAY GRP, 781.50 , -   , 781.50 ,
10/07/2023,9. May'23 to July'23,Q3 - 2023,Wages,MUNEEB KHAN              PAY GRP, 812.76 , -   , 812.76 ,
10/07/2023,9. May'23 to July'23,Q3 - 2023,Wages,MUNEEB UR REHMAN         PAY GRP, 269.72 , -   , 269.72 ,
10/07/2023,9. May'23 to July'23,Q3 - 2023,Wages,NASER MOHAMMED           PAY GRP, 125.02 , -   , 125.02 ,
10/07/2023,9. May'23 to July'23,Q3 - 2023,Wages,NIROSHA RAMAVATH         PAY GRP, 83.36 , -   , 83.36 ,
10/07/2023,9. May'23 to July'23,Q3 - 2023,Wages,NOORYALAI JABARKHA       PAY GRP, 783.10 , -   , 783.10 ,
10/07/2023,9. May'23 to July'23,Q3 - 2023,Wages,OSAMA IJAZ               PAY GRP, 62.52 , -   , 62.52 ,
10/07/2023,9. May'23 to July'23,Q3 - 2023,Wages,RAB KHAN                 PAY GRP, 765.87 , -   , 765.87 ,
10/07/2023,9. May'23 to July'23,Q3 - 2023,Wages,RAHAT ABBAS              PAY GRP, 221.04 , -   , 221.04 ,
10/07/2023,9. May'23 to July'23,Q3 - 2023,Wages,SAQLAIN HAYDER           PAY GRP, 150.68 , -   , 150.68 ,
10/07/2023,9. May'23 to July'23,Q3 - 2023,Wages,SHAHID ALI               PAY GRP, 281.34 , -   , 281.34 ,
10/07/2023,9. May'23 to July'23,Q3 - 2023,Wages,SHAHID HUSSAIN           PAY GRP, 811.28 , -   , 811.28 ,
10/07/2023,9. May'23 to July'23,Q3 - 2023,Wages,UMER HAYAT KHALIL        PAY GRP, 349.07 , -   , 349.07 ,
10/07/2023,9. May'23 to July'23,Q3 - 2023,Wages,USAMA SAEED              PAY GRP, 750.24 , -   , 750.24 ,
10/07/2023,9. May'23 to July'23,Q3 - 2023,Wages,USAMA SAJJAD             PAY GRP," 2,743.63 ", -   ," 2,743.63 ",
10/07/2023,9. May'23 to July'23,Q3 - 2023,Wages,VINOD AKENA              PAY GRP, 833.60 , -   , 833.60 ,
10/07/2023,9. May'23 to July'23,Q3 - 2023,Wages,WAJAHAT ALI MIR          PAY GRP, 208.25 , -   , 208.25 ,
10/07/2023,9. May'23 to July'23,Q3 - 2023,Wages,YOUSUF BAHEER            PAY GRP, 250.08 , -   , 250.08 ,
14/07/2023,9. May'23 to July'23,Q3 - 2023,Wages,JAWARIA KHALID           PAY FT," 2,373.29 ", -   ," 2,373.29 ",
17/07/2023,9. May'23 to July'23,Q3 - 2023,Wages,ABDUL ALEEM AHMAD        DEPOSIT/RENT FT," 1,500.00 ", -   ," 1,500.00 ",
17/07/2023,9. May'23 to July'23,Q3 - 2023,Wages,AUDRONE URBONIENE        CLEANING FT, 80.00 , -   , 80.00 ,
26/07/2023,9. May'23 to July'23,Q3 - 2023,Wages,WARREN JAMES             ON 25 JUL CLP, 461.50 , -   , 461.50 ,
28/07/2023,9. May'23 to July'23,Q3 - 2023,Wawa Dining Restaurant,Wawa Dining Restau    U.A.EMIRATES   AMOUNT IN, 96.08 , -   , 96.08 ,
22/05/2023,9. May'23 to July'23,Q3 - 2023,WELL DUNN LIMITED,CLOSE-WELL DUNN          82210977 DDR, 393.37 , -   , 393.37 ,
03/07/2023,9. May'23 to July'23,Q3 - 2023,WELL DUNN LIMITED,CLOSE-WELL DUNN          82210977 DDR, 380.48 , -   , 380.48 ,
24/07/2023,9. May'23 to July'23,Q3 - 2023,WELL DUNN LIMITED,CLOSE-WELL DUNN          82210977 DDR, 380.46 , -   , 380.46 ,
05/03/2023,9. May'23 to July'23,Q3 - 2023,WF,WF* UK3876985484        LONDON, 91.00 , 15.17 , 75.83 ,
17/05/2023,9. May'23 to July'23,Q3 - 2023,WWW.VOXI.CO.UK,WWW.VOXI.CO.UK           ON 16 MAY BDC, 12.00 , 2.00 , 10.00 ,
19/06/2023,9. May'23 to July'23,Q3 - 2023,WWW.VOXI.CO.UK,WWW.VOXI.CO.UK           ON 18 JUN BDC, 12.00 , 2.00 , 10.00 ,
19/07/2023,9. May'23 to July'23,Q3 - 2023,WWW.VOXI.CO.UK,WWW.VOXI.CO.UK           ON 18 JUL BDC, 12.00 , 2.00 , 10.00 ,
,,,,,,,,
,,,,," 17,411,352.83 "," 2,539,541.69 "," 14,871,811.15 ",